# Blender 4.3.0
# www.blender.org
mtllib Spike2.mtl
o Spike
v 0.000000 226.151260 -80.585419
v 7.882953 -5.364107 -18.675360
v 7.882953 53.446026 31.241066
v -0.000000 -77.354309 -36.563980
v -7.882953 -5.364107 -18.675360
v -7.882953 53.446026 31.241066
v -7.882953 -8.462526 34.497799
v 7.882953 -8.462526 34.497799
v 0.000000 53.446026 31.241066
v -0.000000 -8.462526 34.497799
v -7.882953 23.824055 43.330433
v -3.941476 53.446026 31.241066
v 7.882953 23.824055 43.330433
v 3.941476 53.446026 31.241066
v -3.941476 -8.462526 34.497799
v 3.941476 -8.462526 34.497799
v -0.000000 23.824055 43.330433
v 3.941476 23.824055 43.330433
v -3.941476 23.824055 43.330433
v 0.000000 -5.364107 -18.675360
v 3.941476 110.393578 -49.630390
v -7.882953 38.635040 37.285751
v 3.941476 -42.908417 -1.033090
v -3.941476 -42.908421 -1.033090
v -5.912215 53.446026 31.241066
v 3.941476 139.798645 -24.672176
v -3.941476 -41.359207 -27.619667
v 3.941476 -41.359207 -27.619667
v 7.882953 7.680764 38.914116
v 1.970738 53.446026 31.241066
v -5.912215 -8.462526 34.497799
v 1.970738 -8.462526 34.497799
v -0.000000 7.680764 38.914116
v -7.882953 7.680764 38.914116
v -1.970738 53.446026 31.241066
v 7.882953 38.635040 37.285751
v 5.912215 53.446026 31.241066
v -1.970738 -8.462526 34.497799
v 5.912215 -8.462526 34.497799
v -0.000000 38.635040 37.285751
v 1.970738 23.824055 43.330433
v 5.912215 23.824055 43.330433
v 3.941476 7.680764 38.914116
v 3.941476 38.635040 37.285751
v -5.912215 23.824055 43.330433
v -1.970738 23.824055 43.330433
v -3.941476 7.680764 38.914116
v -3.941476 38.635040 37.285751
v -3.941476 110.393578 -49.630390
v -3.941476 139.798630 -24.672176
v -0.000000 -42.908417 -1.033090
v -1.970738 139.798630 -24.672176
v 0.000000 139.798630 -24.672176
v 1.970738 139.798645 -24.672176
v -5.912215 38.635040 37.285751
v -7.882953 -6.913317 7.911217
v -7.882953 9.229974 12.327537
v -7.882953 24.040958 6.282853
v 7.882953 24.040958 6.282853
v 7.882953 9.229974 12.327537
v 7.882953 -6.913317 7.911217
v -1.970738 -42.908417 -1.033090
v 1.970738 -42.908417 -1.033090
v 1.970738 38.635040 37.285751
v 1.970738 7.680764 38.914116
v 5.912215 7.680764 38.914116
v 5.912215 38.635040 37.285751
v -5.912215 7.680764 38.914116
v -1.970738 7.680764 38.914116
v -1.970738 38.635040 37.285751
v -3.941476 -5.364107 -18.675360
v 5.912215 52.514732 -34.152874
v -7.882953 46.040531 34.263409
v 1.970738 -60.131363 -18.798534
v -5.912215 -25.685472 16.732353
v -6.897583 53.446026 31.241066
v 5.912215 96.622330 3.284445
v -1.970738 -59.356758 -32.091820
v 5.912215 -23.361658 -23.147514
v 7.882953 -0.390881 36.705956
v 0.985369 53.446026 31.241066
v -6.897583 -8.462526 34.497799
v 0.985369 -8.462526 34.497799
v -0.000000 -0.390881 36.705956
v -7.882953 15.752408 41.122276
v -2.956107 53.446026 31.241066
v 7.882953 31.229546 40.308090
v 4.926846 53.446026 31.241066
v -2.956107 -8.462526 34.497799
v 4.926846 -8.462526 34.497799
v -0.000000 31.229546 40.308090
v 0.985369 23.824055 43.330433
v 4.926846 23.824055 43.330433
v 3.941476 -0.390881 36.705956
v 3.941476 31.229546 40.308090
v -6.897583 23.824055 43.330433
v -2.956107 23.824055 43.330433
v -3.941476 -0.390881 36.705956
v -3.941476 31.229546 40.308090
v -5.912215 52.514732 -34.152874
v -1.970738 182.974945 -52.628799
v -0.000000 -60.131363 -18.798534
v -0.985369 182.974945 -52.628799
v 0.000000 182.974945 -52.628799
v 2.956107 96.622330 3.284445
v -4.926846 46.040531 34.263409
v -7.882953 -6.138712 -5.382072
v -7.882953 1.932933 -3.173912
v -7.882953 9.338426 -6.196254
v 7.882953 9.338426 -6.196254
v 7.882953 1.932933 -3.173912
v 7.882953 -6.138712 -5.382072
v -0.985369 -60.131363 -18.798534
v 0.985369 -60.131363 -18.798534
v 2.956107 46.040531 34.263409
v 2.956107 15.752408 41.122276
v 6.897583 15.752408 41.122276
v 6.897583 46.040531 34.263409
v -4.926846 15.752408 41.122276
v -0.985369 15.752408 41.122276
v -0.985369 46.040531 34.263409
v 3.941476 -5.364107 -18.675360
v 1.970738 168.272415 -65.107910
v -7.882953 31.229546 40.308090
v 5.912215 -25.685471 16.732353
v -1.970738 -60.131363 -18.798534
v -4.926846 53.446026 31.241066
v 1.970738 182.974945 -52.628799
v -5.912215 -23.361658 -23.147514
v 1.970738 -59.356758 -32.091820
v 7.882953 15.752408 41.122276
v 2.956107 53.446026 31.241066
v -4.926846 -8.462526 34.497799
v 2.956107 -8.462526 34.497799
v -0.000000 15.752408 41.122276
v -7.882953 -0.390881 36.705956
v -0.985369 53.446026 31.241066
v 7.882953 46.040531 34.263409
v 6.897583 53.446026 31.241066
v -0.985369 -8.462526 34.497799
v 6.897583 -8.462526 34.497799
v -0.000000 46.040531 34.263409
v 2.956107 23.824055 43.330433
v 6.897583 23.824055 43.330433
v 3.941476 15.752408 41.122276
v 3.941476 46.040531 34.263409
v -4.926846 23.824055 43.330433
v -0.985369 23.824055 43.330433
v -3.941476 15.752408 41.122276
v -3.941476 46.040531 34.263409
v -1.970738 168.272415 -65.107910
v -5.912215 96.622330 3.284445
v -0.000000 -25.685471 16.732353
v -2.956107 96.622330 3.284445
v 0.000000 96.622330 3.284445
v 0.985369 182.974945 -52.628799
v -6.897583 31.229546 40.308090
v -7.882953 -7.687921 21.204508
v -7.882953 16.527014 27.828985
v -7.882953 38.743492 18.761959
v 7.882953 38.743492 18.761959
v 7.882953 16.527014 27.828985
v 7.882953 -7.687921 21.204508
v -2.956107 -25.685471 16.732353
v 2.956107 -25.685471 16.732353
v 0.985369 31.229546 40.308090
v 0.985369 -0.390881 36.705956
v 4.926846 -0.390881 36.705956
v 4.926846 31.229546 40.308090
v -6.897583 -0.390881 36.705956
v -2.956107 -0.390881 36.705956
v -2.956107 31.229546 40.308090
v -2.956107 38.635040 37.285751
v -1.970738 46.040531 34.263409
v -2.956107 46.040531 34.263409
v -2.956107 7.680764 38.914116
v -1.970738 15.752408 41.122276
v -2.956107 15.752408 41.122276
v -6.897583 7.680764 38.914116
v -5.912215 15.752408 41.122276
v -6.897583 15.752408 41.122276
v 4.926846 38.635040 37.285751
v 5.912215 46.040531 34.263409
v 4.926846 46.040531 34.263409
v 4.926846 7.680764 38.914116
v 5.912215 15.752408 41.122276
v 4.926846 15.752408 41.122276
v 0.985369 7.680764 38.914116
v 1.970738 15.752408 41.122276
v 0.985369 15.752408 41.122276
v 0.985369 38.635040 37.285751
v 1.970738 46.040531 34.263409
v 0.985369 46.040531 34.263409
v 3.941476 -25.685471 16.732353
v 2.956107 -42.908417 -1.033090
v 4.926846 -25.685471 16.732353
v -1.970738 -25.685471 16.732353
v -0.985369 -42.908417 -1.033090
v -0.985369 -25.685471 16.732353
v 7.882953 1.158329 10.119376
v 7.882953 8.455369 25.620827
v 7.882953 0.383724 23.412666
v 7.882953 16.635466 9.305195
v 7.882953 31.337999 21.784302
v 7.882953 23.932507 24.806643
v 5.912215 81.919800 -9.194662
v 5.912215 67.217270 -21.673769
v 3.941476 125.096115 -37.151283
v -7.882953 16.635466 9.305195
v -7.882953 23.932507 24.806643
v -7.882953 31.337999 21.784302
v -7.882953 1.158329 10.119376
v -7.882953 0.383724 23.412666
v -7.882953 8.455369 25.620827
v -5.912215 -24.910868 3.439063
v -5.912215 -24.136261 -9.854225
v -3.941476 -42.133816 -14.326379
v -6.897583 38.635040 37.285751
v -5.912215 46.040531 34.263409
v -6.897583 46.040531 34.263409
v 2.956107 139.798645 -24.672176
v 3.941476 96.622330 3.284445
v 4.926846 96.622330 3.284445
v -0.985369 96.622330 3.284445
v -0.985369 139.798630 -24.672176
v -1.970738 96.622330 3.284445
v -3.941476 96.622330 3.284445
v -2.956107 139.798630 -24.672176
v -4.926846 96.622330 3.284445
v -0.985369 31.229546 40.308090
v -0.985369 38.635040 37.285751
v -1.970738 31.229546 40.308090
v -0.985369 -0.390881 36.705956
v -0.985369 7.680764 38.914116
v -1.970738 -0.390881 36.705956
v -4.926846 -0.390881 36.705956
v -4.926846 7.680764 38.914116
v -5.912215 -0.390881 36.705956
v 6.897583 31.229546 40.308090
v 6.897583 38.635040 37.285751
v 5.912215 31.229546 40.308090
v 6.897583 -0.390881 36.705956
v 6.897583 7.680764 38.914116
v 5.912215 -0.390881 36.705956
v 2.956107 -0.390881 36.705956
v 2.956107 7.680764 38.914116
v 1.970738 -0.390881 36.705956
v 2.956107 31.229546 40.308090
v 2.956107 38.635040 37.285751
v 1.970738 31.229546 40.308090
v 0.985369 -25.685471 16.732353
v 0.985369 -42.908417 -1.033090
v 1.970738 -25.685471 16.732353
v -4.926846 -25.685472 16.732353
v -2.956107 -42.908421 -1.033090
v -3.941476 -25.685471 16.732353
v 1.970738 52.514732 -34.152874
v -1.970738 52.514732 -34.152874
v 0.000000 110.393578 -49.630390
v 5.912215 -24.136261 -9.854225
v 5.912215 -24.910868 3.439063
v 3.941476 -42.133812 -14.326379
v 0.000000 -41.359207 -27.619667
v -1.970738 -23.361658 -23.147514
v 1.970738 -23.361658 -23.147514
v -5.912215 67.217270 -21.673769
v -5.912215 81.919800 -9.194662
v -3.941476 125.096107 -37.151283
v -4.926846 31.229546 40.308090
v -4.926846 38.635040 37.285751
v -5.912215 31.229546 40.308090
v 1.970738 96.622330 3.284445
v 0.985369 139.798630 -24.672176
v 0.985369 96.622330 3.284445
v -5.912215 -5.364107 -18.675360
v 6.897583 23.575314 -26.414118
v -7.882953 49.743279 32.752239
v 0.985369 -68.742836 -27.681257
v -6.897583 -17.073999 25.615076
v -7.390268 53.446026 31.241066
v 6.897583 75.034172 17.262754
v -0.985369 -68.355537 -34.327900
v 6.897583 -14.362883 -20.911438
v 7.882953 -4.426703 35.601875
v 0.492685 53.446026 31.241066
v -7.390268 -8.462526 34.497799
v 0.492685 -8.462526 34.497799
v -0.000000 -4.426703 35.601875
v -7.882953 19.788231 42.226353
v -3.448792 53.446026 31.241066
v 7.882953 27.526800 41.819260
v 4.434161 53.446026 31.241066
v -3.448792 -8.462526 34.497799
v 4.434161 -8.462526 34.497799
v -0.000000 27.526800 41.819260
v 0.492685 23.824055 43.330433
v 4.434161 23.824055 43.330433
v 3.941476 -4.426703 35.601875
v 3.941476 27.526800 41.819260
v -7.390268 23.824055 43.330433
v -3.448792 23.824055 43.330433
v -3.941476 -4.426703 35.601875
v -3.941476 27.526800 41.819260
v -6.897583 23.575314 -26.414118
v -0.985369 204.563110 -66.607109
v -0.000000 -68.742836 -27.681257
v -0.492685 204.563110 -66.607109
v 0.000000 204.563110 -66.607109
v 3.448792 75.034172 17.262754
v -4.434161 49.743279 32.752239
v -7.882953 -5.751410 -12.028716
v -7.882953 -1.715587 -10.924636
v -7.882953 1.987159 -12.435807
v 7.882953 1.987159 -12.435807
v 7.882953 -1.715587 -10.924636
v 7.882953 -5.751410 -12.028716
v -0.492685 -68.742836 -27.681257
v 0.492685 -68.742836 -27.681257
v 3.448792 49.743279 32.752239
v 3.448792 19.788231 42.226353
v 7.390268 19.788231 42.226353
v 7.390268 49.743279 32.752239
v -4.434161 19.788231 42.226353
v -0.492685 19.788231 42.226353
v -0.492685 49.743279 32.752239
v 1.970738 -5.364107 -18.675360
v 2.956107 139.332993 -57.369148
v -7.882953 34.932293 38.796921
v 4.926846 -34.296944 7.849631
v -2.956107 -51.519890 -9.915812
v -5.419530 53.446026 31.241066
v 2.956107 161.386795 -38.650486
v -4.926846 -32.360432 -25.383591
v 2.956107 -50.357983 -29.855745
v 7.882953 11.716586 40.018196
v 2.463423 53.446026 31.241066
v -5.419530 -8.462526 34.497799
v 2.463423 -8.462526 34.497799
v -0.000000 11.716586 40.018196
v -7.882953 3.644942 37.810036
v -1.478054 53.446026 31.241066
v 7.882953 42.337784 35.774578
v 6.404899 53.446026 31.241066
v -1.478054 -8.462526 34.497799
v 6.404899 -8.462526 34.497799
v -0.000000 42.337784 35.774578
v 2.463423 23.824055 43.330433
v 6.404899 23.824055 43.330433
v 3.941476 11.716586 40.018196
v 3.941476 42.337784 35.774578
v -5.419530 23.824055 43.330433
v -1.478054 23.824055 43.330433
v -3.941476 11.716586 40.018196
v -3.941476 42.337784 35.774578
v -2.956107 139.332993 -57.369148
v -4.926846 118.210480 -10.693866
v -0.000000 -34.296944 7.849631
v -2.463423 118.210480 -10.693866
v 0.000000 118.210480 -10.693866
v 1.478054 161.386795 -38.650486
v -6.404899 34.932293 38.796921
v -7.882953 -7.300619 14.557862
v -7.882953 12.878493 20.078260
v -7.882953 31.392227 12.522407
v 7.882953 31.392227 12.522407
v 7.882953 12.878493 20.078260
v 7.882953 -7.300619 14.557862
v -2.463423 -34.296944 7.849631
v 2.463423 -34.296944 7.849631
v 1.478054 34.932293 38.796921
v 1.478054 3.644942 37.810036
v 5.419530 3.644942 37.810036
v 5.419530 34.932293 38.796921
v -6.404899 3.644942 37.810036
v -2.463423 3.644942 37.810036
v -2.463423 34.932293 38.796921
v -3.448792 38.635040 37.285751
v -1.970738 49.743279 32.752239
v -2.463423 49.743279 32.752239
v -3.448792 7.680764 38.914116
v -1.970738 19.788231 42.226353
v -2.463423 19.788231 42.226353
v -7.390268 7.680764 38.914116
v -5.912215 19.788231 42.226353
v -6.404899 19.788231 42.226353
v 4.434161 38.635040 37.285751
v 5.912215 49.743279 32.752239
v 5.419530 49.743279 32.752239
v 4.434161 7.680764 38.914116
v 5.912215 19.788231 42.226353
v 5.419530 19.788231 42.226353
v 0.492685 7.680764 38.914116
v 1.970738 19.788231 42.226353
v 1.478054 19.788231 42.226353
v 0.492685 38.635040 37.285751
v 1.970738 49.743279 32.752239
v 1.478054 49.743279 32.752239
v 4.926846 -17.073999 25.615076
v 3.448792 -42.908417 -1.033090
v 4.434161 -34.296944 7.849631
v -1.970738 -17.073999 25.615076
v -0.492685 -42.908417 -1.033090
v -0.492685 -34.296944 7.849631
v 7.882953 -2.877494 9.015297
v 7.882953 8.068067 32.267471
v 7.882953 4.032244 31.163391
v 7.882953 12.932720 10.816365
v 7.882953 34.986519 29.535025
v 7.882953 31.283773 31.046196
v 4.926846 110.859222 -16.933420
v 4.926846 88.805420 -35.652081
v 3.941476 117.744843 -43.390839
v -7.882953 20.338213 7.794024
v -7.882953 31.283773 31.046196
v -7.882953 34.986519 29.535025
v -7.882953 5.194151 11.223456
v -7.882953 4.032244 31.163391
v -7.882953 8.068067 32.267471
v -4.926846 -33.909645 1.202986
v -4.926846 -32.747734 -18.736946
v -3.941476 -41.746510 -20.973022
v -7.390268 38.635040 37.285751
v -5.912215 49.743279 32.752239
v -6.404899 49.743279 32.752239
v 3.448792 139.798645 -24.672176
v 4.926846 75.034172 17.262754
v 5.419530 75.034172 17.262754
v -1.478054 75.034172 17.262754
v -1.478054 139.798630 -24.672176
v -1.970738 118.210480 -10.693866
v -4.926846 75.034172 17.262754
v -3.448792 139.798630 -24.672176
v -4.434161 118.210480 -10.693866
v -1.478054 27.526800 41.819260
v -1.478054 38.635040 37.285751
v -1.970738 34.932293 38.796921
v -1.478054 -4.426703 35.601875
v -1.478054 7.680764 38.914116
v -1.970738 3.644942 37.810036
v -5.419530 -4.426703 35.601875
v -5.419530 7.680764 38.914116
v -5.912215 3.644942 37.810036
v 6.404899 27.526800 41.819260
v 6.404899 38.635040 37.285751
v 5.912215 34.932293 38.796921
v 6.404899 -4.426703 35.601875
v 6.404899 7.680764 38.914116
v 5.912215 3.644942 37.810036
v 2.463423 -4.426703 35.601875
v 2.463423 7.680764 38.914116
v 1.970738 3.644942 37.810036
v 2.463423 27.526800 41.819260
v 2.463423 38.635040 37.285751
v 1.970738 34.932293 38.796921
v 1.478054 -17.073999 25.615076
v 1.478054 -42.908417 -1.033090
v 1.970738 -34.296944 7.849631
v -5.419530 -17.073999 25.615076
v -2.463423 -42.908421 -1.033090
v -2.956107 -34.296944 7.849631
v 2.956107 81.454155 -41.891632
v -2.956107 81.454155 -41.891632
v -1.970738 110.393578 -49.630390
v 4.926846 -32.747734 -18.736946
v 4.926846 -33.909641 1.202986
v 3.941476 -42.521111 -7.679735
v 1.970738 -41.359207 -27.619667
v -0.985369 -14.362883 -20.911438
v 0.985369 -14.362883 -20.911438
v -4.926846 88.805420 -35.652081
v -4.926846 110.859222 -16.933420
v -3.941476 132.447372 -30.911732
v -5.419530 27.526800 41.819260
v -5.419530 38.635040 37.285751
v -5.912215 34.932293 38.796921
v 1.970738 75.034172 17.262754
v 0.492685 139.798630 -24.672176
v 0.492685 118.210480 -10.693866
v -1.970738 -5.364107 -18.675360
v 4.926846 81.454155 -41.891632
v -7.882953 42.337784 35.774578
v 2.956107 -51.519886 -9.915812
v -4.926846 -34.296944 7.849631
v -6.404899 53.446026 31.241066
v 4.926846 118.210495 -10.693866
v -2.956107 -50.357983 -29.855745
v 4.926846 -32.360432 -25.383591
v 7.882953 3.644942 37.810036
v 1.478054 53.446026 31.241066
v -6.404899 -8.462526 34.497799
v 1.478054 -8.462526 34.497799
v -0.000000 3.644942 37.810036
v -7.882953 11.716586 40.018196
v -2.463423 53.446026 31.241066
v 7.882953 34.932293 38.796921
v 5.419530 53.446026 31.241066
v -2.463423 -8.462526 34.497799
v 5.419530 -8.462526 34.497799
v -0.000000 34.932293 38.796921
v 1.478054 23.824055 43.330433
v 5.419530 23.824055 43.330433
v 3.941476 3.644942 37.810036
v 3.941476 34.932293 38.796921
v -6.404899 23.824055 43.330433
v -2.463423 23.824055 43.330433
v -3.941476 3.644942 37.810036
v -3.941476 34.932293 38.796921
v -4.926846 81.454155 -41.891632
v -2.956107 161.386795 -38.650486
v -0.000000 -51.519886 -9.915812
v -1.478054 161.386795 -38.650486
v 0.000000 161.386795 -38.650486
v 2.463423 118.210495 -10.693866
v -5.419530 42.337784 35.774578
v -7.882953 -6.526014 1.264573
v -7.882953 5.581453 4.576812
v -7.882953 16.689693 0.043299
v 7.882953 16.689693 0.043299
v 7.882953 5.581453 4.576812
v 7.882953 -6.526014 1.264573
v -1.478054 -51.519886 -9.915812
v 1.478054 -51.519886 -9.915812
v 2.463423 42.337784 35.774578
v 2.463423 11.716586 40.018196
v 6.404899 11.716586 40.018196
v 6.404899 42.337784 35.774578
v -5.419530 11.716586 40.018196
v -1.478054 11.716586 40.018196
v -1.478054 42.337784 35.774578
v 5.912215 -5.364107 -18.675360
v 0.985369 197.211853 -72.846664
v -7.882953 27.526800 41.819260
v 6.897583 -17.073999 25.615076
v -0.985369 -68.742836 -27.681257
v -4.434161 53.446026 31.241066
v 0.985369 204.563110 -66.607109
v -6.897583 -14.362883 -20.911438
v 0.985369 -68.355537 -34.327900
v 7.882953 19.788231 42.226353
v 3.448792 53.446026 31.241066
v -4.434161 -8.462526 34.497799
v 3.448792 -8.462526 34.497799
v -0.000000 19.788231 42.226353
v -7.882953 -4.426703 35.601875
v -0.492685 53.446026 31.241066
v 7.882953 49.743279 32.752239
v 7.390268 53.446026 31.241066
v -0.492685 -8.462526 34.497799
v 7.390268 -8.462526 34.497799
v -0.000000 49.743279 32.752239
v 3.448792 23.824055 43.330433
v 7.390268 23.824055 43.330433
v 3.941476 19.788231 42.226353
v 3.941476 49.743279 32.752239
v -4.434161 23.824055 43.330433
v -0.492685 23.824055 43.330433
v -3.941476 19.788231 42.226353
v -3.941476 49.743279 32.752239
v -0.985369 197.211853 -72.846664
v -6.897583 75.034172 17.262754
v -0.000000 -17.073999 25.615076
v -3.448792 75.034172 17.262754
v 0.000000 75.034172 17.262754
v 0.492685 204.563110 -66.607109
v -7.390268 27.526800 41.819260
v -7.882953 -8.075223 27.851152
v -7.882953 20.175533 35.579712
v -7.882953 46.094757 25.001513
v 7.882953 46.094757 25.001513
v 7.882953 20.175533 35.579712
v 7.882953 -8.075223 27.851152
v -3.448792 -17.073999 25.615076
v 3.448792 -17.073999 25.615076
v 0.492685 27.526800 41.819260
v 0.492685 -4.426703 35.601875
v 4.434161 -4.426703 35.601875
v 4.434161 27.526800 41.819260
v -7.390268 -4.426703 35.601875
v -3.448792 -4.426703 35.601875
v -3.448792 27.526800 41.819260
v -2.463423 38.635040 37.285751
v -1.970738 42.337784 35.774578
v -3.448792 42.337784 35.774578
v -2.463423 7.680764 38.914116
v -1.970738 11.716586 40.018196
v -3.448792 11.716586 40.018196
v -6.404899 7.680764 38.914116
v -5.912215 11.716586 40.018196
v -7.390268 11.716586 40.018196
v 5.419530 38.635040 37.285751
v 5.912215 42.337784 35.774578
v 4.434161 42.337784 35.774578
v 5.419530 7.680764 38.914116
v 5.912215 11.716586 40.018196
v 4.434161 11.716586 40.018196
v 1.478054 7.680764 38.914116
v 1.970738 11.716586 40.018196
v 0.492685 11.716586 40.018196
v 1.478054 38.635040 37.285751
v 1.970738 42.337784 35.774578
v 0.492685 42.337784 35.774578
v 2.956107 -34.296944 7.849631
v 2.463423 -42.908417 -1.033090
v 5.419530 -17.073999 25.615076
v -1.970738 -34.296944 7.849631
v -1.478054 -42.908417 -1.033090
v -1.478054 -17.073999 25.615076
v 7.882953 5.194151 11.223456
v 7.882953 8.842670 18.974182
v 7.882953 -3.264796 15.661942
v 7.882953 20.338213 7.794024
v 7.882953 27.689478 14.033577
v 7.882953 16.581240 18.567091
v 6.897583 52.980385 -1.455905
v 6.897583 45.629112 -7.695458
v 3.941476 132.447372 -30.911732
v -7.882953 12.932720 10.816365
v -7.882953 16.581240 18.567091
v -7.882953 27.689478 14.033577
v -7.882953 -2.877494 9.015297
v -7.882953 -3.264796 15.661942
v -7.882953 8.842670 18.974182
v -6.897583 -15.912092 5.675140
v -6.897583 -15.524789 -0.971504
v -3.941476 -42.521118 -7.679735
v -6.404899 38.635040 37.285751
v -5.912215 42.337784 35.774578
v -7.390268 42.337784 35.774578
v 2.463423 139.798645 -24.672176
v 2.956107 118.210495 -10.693866
v 4.434161 118.210495 -10.693866
v -0.492685 118.210480 -10.693866
v -0.492685 139.798630 -24.672176
v -1.970738 75.034172 17.262754
v -2.956107 118.210480 -10.693866
v -2.463423 139.798630 -24.672176
v -5.419530 75.034172 17.262754
v -0.492685 34.932293 38.796921
v -0.492685 38.635040 37.285751
v -1.970738 27.526800 41.819260
v -0.492685 3.644942 37.810036
v -0.492685 7.680764 38.914116
v -1.970738 -4.426703 35.601875
v -4.434161 3.644942 37.810036
v -4.434161 7.680764 38.914116
v -5.912215 -4.426703 35.601875
v 7.390268 34.932293 38.796921
v 7.390268 38.635040 37.285751
v 5.912215 27.526800 41.819260
v 7.390268 3.644942 37.810036
v 7.390268 7.680764 38.914116
v 5.912215 -4.426703 35.601875
v 3.448792 3.644942 37.810036
v 3.448792 7.680764 38.914116
v 1.970738 -4.426703 35.601875
v 3.448792 34.932293 38.796921
v 3.448792 38.635040 37.285751
v 1.970738 27.526800 41.819260
v 0.492685 -34.296944 7.849631
v 0.492685 -42.908417 -1.033090
v 1.970738 -17.073999 25.615076
v -4.434161 -34.296944 7.849631
v -3.448792 -42.908421 -1.033090
v -4.926846 -17.073999 25.615076
v 0.985369 23.575314 -26.414118
v -0.985369 23.575314 -26.414118
v 1.970738 110.393578 -49.630390
v 6.897583 -15.524789 -0.971504
v 6.897583 -15.912092 5.675140
v 3.941476 -41.746510 -20.973022
v -1.970738 -41.359207 -27.619667
v -2.956107 -32.360432 -25.383591
v 2.956107 -32.360432 -25.383591
v -6.897583 45.629112 -7.695458
v -6.897583 52.980385 -1.455905
v -3.941476 117.744835 -43.390839
v -4.434161 34.932293 38.796921
v -4.434161 38.635040 37.285751
v -5.912215 27.526800 41.819260
v 1.970738 118.210495 -10.693866
v 1.478054 139.798630 -24.672176
v 1.478054 75.034172 17.262754
v 0.985369 75.034172 17.262754
v 0.492685 96.622330 3.284445
v 0.492685 75.034172 17.262754
v 1.478054 96.622330 3.284445
v 1.478054 118.210480 -10.693866
v 0.985369 118.210480 -10.693866
v 2.956107 75.034172 17.262754
v 2.463423 96.622330 3.284445
v 2.463423 75.034172 17.262754
v -6.404899 27.526800 41.819260
v -6.404899 31.229546 40.308090
v -6.897583 27.526800 41.819260
v -5.419530 31.229546 40.308090
v -4.926846 34.932293 38.796921
v -5.419530 34.932293 38.796921
v -4.434161 27.526800 41.819260
v -4.434161 31.229546 40.308090
v -4.926846 27.526800 41.819260
v -2.956107 146.684265 -51.129597
v -2.956107 154.035538 -44.890041
v -1.970738 175.623688 -58.868351
v -4.926846 96.156685 -29.412525
v -5.912215 74.568535 -15.434215
v -4.926846 103.507957 -23.172974
v -6.897583 30.926582 -20.174564
v -6.897583 38.277847 -13.935012
v -5.912215 59.865997 -27.913321
v 3.941476 -23.361658 -23.147514
v 2.956107 -14.362883 -20.911438
v 4.926846 -14.362883 -20.911438
v 0.985369 -32.360432 -25.383591
v -0.985369 -32.360432 -25.383591
v 0.000000 -23.361658 -23.147514
v 0.000000 -59.356758 -32.091820
v -0.985369 -50.357983 -29.855745
v 0.985369 -50.357983 -29.855745
v 2.956107 -50.745285 -23.209099
v 2.956107 -51.132587 -16.562458
v 1.970738 -59.744061 -25.445177
v 4.926846 -33.135036 -12.090302
v 5.912215 -24.523565 -3.207581
v 4.926846 -33.522339 -5.443658
v 6.897583 -14.750184 -14.264792
v 6.897583 -15.137488 -7.618149
v 5.912215 -23.748959 -16.500870
v 0.985369 139.332993 -57.369148
v -0.985369 139.332993 -57.369148
v 0.000000 168.272415 -65.107910
v 0.985369 81.454155 -41.891632
v 0.000000 52.514732 -34.152874
v -0.985369 81.454155 -41.891632
v 4.926846 23.575314 -26.414118
v 2.956107 23.575314 -26.414118
v 3.941476 52.514732 -34.152874
v -4.434161 -17.073999 25.615076
v -3.448792 -25.685471 16.732353
v -3.941476 -17.073999 25.615076
v -4.434161 -25.685471 16.732353
v -3.941476 -34.296944 7.849631
v -3.448792 -34.296944 7.849631
v -6.404899 -17.073999 25.615076
v -5.419530 -25.685472 16.732353
v -5.912215 -17.073999 25.615076
v 2.463423 -17.073999 25.615076
v 2.463423 -25.685471 16.732353
v 2.956107 -17.073999 25.615076
v 1.478054 -25.685471 16.732353
v 0.985369 -34.296944 7.849631
v 1.478054 -34.296944 7.849631
v 0.492685 -17.073999 25.615076
v 0.492685 -25.685471 16.732353
v 0.985369 -17.073999 25.615076
v 1.478054 27.526800 41.819260
v 1.478054 31.229546 40.308090
v 0.985369 27.526800 41.819260
v 2.463423 31.229546 40.308090
v 2.956107 34.932293 38.796921
v 2.463423 34.932293 38.796921
v 3.448792 27.526800 41.819260
v 3.448792 31.229546 40.308090
v 2.956107 27.526800 41.819260
v 1.478054 -4.426703 35.601875
v 1.478054 -0.390881 36.705956
v 0.985369 -4.426703 35.601875
v 2.463423 -0.390881 36.705956
v 2.956107 3.644942 37.810036
v 2.463423 3.644942 37.810036
v 3.448792 -4.426703 35.601875
v 3.448792 -0.390881 36.705956
v 2.956107 -4.426703 35.601875
v 5.419530 -4.426703 35.601875
v 5.419530 -0.390881 36.705956
v 4.926846 -4.426703 35.601875
v 6.404899 -0.390881 36.705956
v 6.897583 3.644942 37.810036
v 6.404899 3.644942 37.810036
v 7.390268 -4.426703 35.601875
v 7.390268 -0.390881 36.705956
v 6.897583 -4.426703 35.601875
v 5.419530 27.526800 41.819260
v 5.419530 31.229546 40.308090
v 4.926846 27.526800 41.819260
v 6.404899 31.229546 40.308090
v 6.897583 34.932293 38.796921
v 6.404899 34.932293 38.796921
v 7.390268 27.526800 41.819260
v 7.390268 31.229546 40.308090
v 6.897583 27.526800 41.819260
v -6.404899 -4.426703 35.601875
v -6.404899 -0.390881 36.705956
v -6.897583 -4.426703 35.601875
v -5.419530 -0.390881 36.705956
v -4.926846 3.644942 37.810036
v -5.419530 3.644942 37.810036
v -4.434161 -4.426703 35.601875
v -4.434161 -0.390881 36.705956
v -4.926846 -4.426703 35.601875
v -2.463423 -4.426703 35.601875
v -2.463423 -0.390881 36.705956
v -2.956107 -4.426703 35.601875
v -1.478054 -0.390881 36.705956
v -0.985369 3.644942 37.810036
v -1.478054 3.644942 37.810036
v -0.492685 -4.426703 35.601875
v -0.492685 -0.390881 36.705956
v -0.985369 -4.426703 35.601875
v -2.463423 27.526800 41.819260
v -2.463423 31.229546 40.308090
v -2.956107 27.526800 41.819260
v -1.478054 31.229546 40.308090
v -0.985369 34.932293 38.796921
v -1.478054 34.932293 38.796921
v -0.492685 27.526800 41.819260
v -0.492685 31.229546 40.308090
v -0.985369 27.526800 41.819260
v -5.912215 75.034172 17.262754
v -5.419530 96.622330 3.284445
v -6.404899 75.034172 17.262754
v -4.434161 96.622330 3.284445
v -3.448792 118.210480 -10.693866
v -3.941476 118.210480 -10.693866
v -3.941476 75.034172 17.262754
v -3.448792 96.622330 3.284445
v -4.434161 75.034172 17.262754
v -2.463423 75.034172 17.262754
v -2.463423 96.622330 3.284445
v -2.956107 75.034172 17.262754
v -1.478054 96.622330 3.284445
v -0.985369 118.210480 -10.693866
v -1.478054 118.210480 -10.693866
v -0.492685 75.034172 17.262754
v -0.492685 96.622330 3.284445
v -0.985369 75.034172 17.262754
v 5.419530 96.622330 3.284445
v 5.912215 75.034172 17.262754
v 6.404899 75.034172 17.262754
v 3.941476 118.210495 -10.693866
v 3.448792 118.210495 -10.693866
v 4.434161 96.622330 3.284445
v 1.478054 182.974945 -52.628799
v 1.970738 161.386795 -38.650486
v 2.463423 161.386795 -38.650486
v -7.390268 46.040531 34.263409
v -6.897583 49.743279 32.752239
v -7.390268 49.743279 32.752239
v -6.897583 42.337784 35.774578
v -6.404899 42.337784 35.774578
v -6.404899 46.040531 34.263409
v -7.390268 31.229546 40.308090
v -6.897583 34.932293 38.796921
v -7.390268 34.932293 38.796921
v -2.956107 -51.132587 -16.562458
v -2.956107 -50.745285 -23.209099
v -1.970738 -59.744061 -25.445177
v -4.926846 -33.522339 -5.443658
v -5.912215 -24.523565 -3.207581
v -4.926846 -33.135040 -12.090302
v -6.897583 -16.686695 18.968430
v -6.897583 -16.299395 12.321785
v -5.912215 -25.298170 10.085709
v -7.882953 12.491191 26.724907
v -7.882953 12.103889 33.371548
v -7.882953 16.139711 34.475632
v -7.882953 4.806849 17.870100
v -7.882953 0.771026 16.766022
v -7.882953 4.419546 24.516747
v -7.882953 -2.102889 -4.277992
v -7.882953 -2.490192 2.368652
v -7.882953 1.545631 3.472732
v -7.882953 35.040745 20.273130
v -7.882953 38.689266 28.023855
v -7.882953 42.392014 26.512684
v -7.882953 23.986732 15.544747
v -7.882953 20.283987 17.055920
v -7.882953 27.635254 23.295473
v -7.882953 5.635679 -4.685083
v -7.882953 9.284200 3.065641
v -7.882953 12.986946 1.554470
v 2.956107 154.035538 -44.890041
v 2.956107 146.684280 -51.129597
v 1.970738 175.623688 -58.868351
v 4.926846 103.507957 -23.172974
v 5.912215 74.568535 -15.434215
v 4.926846 96.156693 -29.412525
v 6.897583 67.682915 11.023202
v 6.897583 60.331646 4.783648
v 5.912215 89.271065 -2.955109
v 7.882953 20.229759 26.317814
v 7.882953 27.581024 32.557365
v 7.882953 23.878279 34.068535
v 7.882953 20.283987 17.055920
v 7.882953 23.986732 15.544747
v 7.882953 27.635254 23.295473
v 7.882953 5.635679 -4.685083
v 7.882953 12.986946 1.554470
v 7.882953 9.284200 3.065641
v 7.882953 -3.652099 22.308588
v 7.882953 -0.003579 30.059311
v 7.882953 -4.039401 28.955233
v 7.882953 0.771026 16.766022
v 7.882953 4.806849 17.870100
v 7.882953 4.419546 24.516747
v 7.882953 -2.102889 -4.277992
v 7.882953 1.545631 3.472732
v 7.882953 -2.490192 2.368652
v -0.985369 -17.073999 25.615076
v -0.492685 -25.685471 16.732353
v -0.492685 -17.073999 25.615076
v -1.478054 -25.685471 16.732353
v -1.478054 -34.296944 7.849631
v -0.985369 -34.296944 7.849631
v -2.956107 -17.073999 25.615076
v -2.463423 -25.685471 16.732353
v -2.463423 -17.073999 25.615076
v 5.912215 -17.073999 25.615076
v 5.419530 -25.685471 16.732353
v 6.404899 -17.073999 25.615076
v 4.434161 -25.685471 16.732353
v 3.448792 -34.296944 7.849631
v 3.941476 -34.296944 7.849631
v 3.941476 -17.073999 25.615076
v 3.448792 -25.685471 16.732353
v 4.434161 -17.073999 25.615076
v 0.492685 46.040531 34.263409
v 0.985369 49.743279 32.752239
v 0.492685 49.743279 32.752239
v 0.985369 42.337784 35.774578
v 1.478054 42.337784 35.774578
v 1.478054 46.040531 34.263409
v 0.492685 31.229546 40.308090
v 0.985369 34.932293 38.796921
v 0.492685 34.932293 38.796921
v 0.492685 15.752408 41.122276
v 0.985369 19.788231 42.226353
v 0.492685 19.788231 42.226353
v 0.985369 11.716586 40.018196
v 1.478054 11.716586 40.018196
v 1.478054 15.752408 41.122276
v 0.492685 -0.390881 36.705956
v 0.985369 3.644942 37.810036
v 0.492685 3.644942 37.810036
v 4.434161 15.752408 41.122276
v 4.926846 19.788231 42.226353
v 4.434161 19.788231 42.226353
v 4.926846 11.716586 40.018196
v 5.419530 11.716586 40.018196
v 5.419530 15.752408 41.122276
v 4.434161 -0.390881 36.705956
v 4.926846 3.644942 37.810036
v 4.434161 3.644942 37.810036
v 4.434161 46.040531 34.263409
v 4.926846 49.743279 32.752239
v 4.434161 49.743279 32.752239
v 4.926846 42.337784 35.774578
v 5.419530 42.337784 35.774578
v 5.419530 46.040531 34.263409
v 4.434161 31.229546 40.308090
v 4.926846 34.932293 38.796921
v 4.434161 34.932293 38.796921
v -7.390268 15.752408 41.122276
v -6.897583 19.788231 42.226353
v -7.390268 19.788231 42.226353
v -6.897583 11.716586 40.018196
v -6.404899 11.716586 40.018196
v -6.404899 15.752408 41.122276
v -7.390268 -0.390881 36.705956
v -6.897583 3.644942 37.810036
v -7.390268 3.644942 37.810036
v -3.448792 15.752408 41.122276
v -2.956107 19.788231 42.226353
v -3.448792 19.788231 42.226353
v -2.956107 11.716586 40.018196
v -2.463423 11.716586 40.018196
v -2.463423 15.752408 41.122276
v -3.448792 -0.390881 36.705956
v -2.956107 3.644942 37.810036
v -3.448792 3.644942 37.810036
v -3.448792 46.040531 34.263409
v -2.956107 49.743279 32.752239
v -3.448792 49.743279 32.752239
v -2.956107 42.337784 35.774578
v -2.463423 42.337784 35.774578
v -2.463423 46.040531 34.263409
v -3.448792 31.229546 40.308090
v -2.956107 34.932293 38.796921
v -3.448792 34.932293 38.796921
v -1.478054 46.040531 34.263409
v -0.985369 49.743279 32.752239
v -1.478054 49.743279 32.752239
v -1.478054 15.752408 41.122276
v -0.985369 19.788231 42.226353
v -1.478054 19.788231 42.226353
v -5.419530 15.752408 41.122276
v -4.926846 19.788231 42.226353
v -5.419530 19.788231 42.226353
v 6.404899 46.040531 34.263409
v 6.897583 49.743279 32.752239
v 6.404899 49.743279 32.752239
v 6.404899 15.752408 41.122276
v 6.897583 19.788231 42.226353
v 6.404899 19.788231 42.226353
v 2.463423 15.752408 41.122276
v 2.956107 19.788231 42.226353
v 2.463423 19.788231 42.226353
v 2.463423 46.040531 34.263409
v 2.956107 49.743279 32.752239
v 2.463423 49.743279 32.752239
v 1.970738 -51.519886 -9.915812
v 1.478054 -60.131363 -18.798534
v 2.463423 -51.519886 -9.915812
v -0.985369 -51.519886 -9.915812
v -0.492685 -60.131363 -18.798534
v -0.492685 -51.519886 -9.915812
v 7.882953 12.491191 26.724907
v 7.882953 16.139711 34.475632
v 7.882953 12.103889 33.371548
v 7.882953 35.040745 20.273130
v 7.882953 42.392014 26.512684
v 7.882953 38.689266 28.023855
v 6.897583 38.277847 -13.935012
v 6.897583 30.926582 -20.174564
v 5.912215 59.865997 -27.913321
v -7.882953 20.229759 26.317814
v -7.882953 23.878279 34.068535
v -7.882953 27.581024 32.557365
v -7.882953 -3.652099 22.308588
v -7.882953 -4.039401 28.955233
v -7.882953 -0.003579 30.059311
v -6.897583 -15.137488 -7.618149
v -6.897583 -14.750184 -14.264792
v -5.912215 -23.748959 -16.500870
v -5.419530 46.040531 34.263409
v -4.926846 49.743279 32.752239
v -5.419530 49.743279 32.752239
v 3.448792 96.622330 3.284445
v 3.941476 75.034172 17.262754
v 4.434161 75.034172 17.262754
v -0.492685 161.386795 -38.650486
v -0.492685 182.974945 -52.628799
v -0.985369 161.386795 -38.650486
v -1.970738 161.386795 -38.650486
v -1.478054 182.974945 -52.628799
v -2.463423 161.386795 -38.650486
v -0.492685 42.337784 35.774578
v -0.492685 46.040531 34.263409
v -0.985369 42.337784 35.774578
v -0.492685 11.716586 40.018196
v -0.492685 15.752408 41.122276
v -0.985369 11.716586 40.018196
v -4.434161 11.716586 40.018196
v -4.434161 15.752408 41.122276
v -4.926846 11.716586 40.018196
v 7.390268 42.337784 35.774578
v 7.390268 46.040531 34.263409
v 6.897583 42.337784 35.774578
v 7.390268 11.716586 40.018196
v 7.390268 15.752408 41.122276
v 6.897583 11.716586 40.018196
v 3.448792 11.716586 40.018196
v 3.448792 15.752408 41.122276
v 2.956107 11.716586 40.018196
v 3.448792 42.337784 35.774578
v 3.448792 46.040531 34.263409
v 2.956107 42.337784 35.774578
v 0.492685 -51.519886 -9.915812
v 0.492685 -60.131363 -18.798534
v 0.985369 -51.519886 -9.915812
v -2.463423 -51.519890 -9.915812
v -1.478054 -60.131363 -18.798534
v -1.970738 -51.519890 -9.915812
v -2.956107 23.575314 -26.414118
v -4.926846 23.575314 -26.414118
v -3.941476 52.514732 -34.152874
v 6.897583 -16.299395 12.321785
v 6.897583 -16.686695 18.968430
v 5.912215 -25.298170 10.085709
v -3.941476 -23.361658 -23.147514
v -4.926846 -14.362883 -20.911438
v -2.956107 -14.362883 -20.911438
v -6.897583 60.331646 4.783648
v -6.897583 67.682915 11.023202
v -5.912215 89.271065 -2.955109
v -4.434161 42.337784 35.774578
v -4.434161 46.040531 34.263409
v -4.926846 42.337784 35.774578
v 0.985369 161.386795 -38.650486
v 0.492685 182.974945 -52.628799
v 0.492685 161.386795 -38.650486
vn -0.0000 0.5435 0.8394
vn -0.0000 0.3779 0.9259
vn -0.9992 0.0259 -0.0305
vn -0.0000 0.2412 -0.9705
vn 0.9942 -0.1073 -0.0063
vn -0.0000 -0.2583 -0.9661
vn -0.0000 -0.7180 0.6961
vn -0.0000 -0.2639 0.9646
vn -0.9942 -0.1073 -0.0063
vn -1.0000 -0.0000 -0.0000
vn 0.9992 0.0259 -0.0305
vn 1.0000 -0.0000 -0.0000
vt 0.875000 0.500000
vt 0.859375 0.531250
vt 0.851562 0.531250
vt 0.625000 0.937500
vt 0.617188 0.945312
vt 0.617188 0.937500
vt 0.625000 0.000000
vt 0.625000 0.031250
vt 0.593750 0.031250
vt 0.125000 0.500000
vt 0.156250 0.500000
vt 0.125000 0.531250
vt 0.500000 0.750000
vt 0.484375 0.750000
vt 0.484375 0.718750
vt 0.375000 0.250000
vt 0.406250 0.281250
vt 0.375000 0.281250
vt 0.375000 0.875000
vt 0.390625 0.882812
vt 0.390625 0.890625
vt 0.375000 0.750000
vt 0.390625 0.757812
vt 0.390625 0.765625
vt 0.625000 0.812500
vt 0.617188 0.820312
vt 0.617188 0.812500
vt 0.562500 0.812500
vt 0.554688 0.820312
vt 0.554688 0.812500
vt 0.562500 0.750000
vt 0.554688 0.757812
vt 0.554688 0.750000
vt 0.625000 0.750000
vt 0.617188 0.757812
vt 0.617188 0.750000
vt 0.562500 0.937500
vt 0.554688 0.945312
vt 0.554688 0.937500
vt 0.562500 0.875000
vt 0.554688 0.882812
vt 0.554688 0.875000
vt 0.625000 0.875000
vt 0.617188 0.882812
vt 0.617188 0.875000
vt 0.875000 0.531250
vt 0.867188 0.531250
vt 0.687500 0.750000
vt 0.679688 0.750000
vt 0.710938 0.718750
vt 0.625000 0.945312
vt 0.375000 0.218750
vt 0.390625 0.218750
vt 0.500000 0.000000
vt 0.507812 0.000000
vt 0.484375 0.031250
vt 0.562500 0.000000
vt 0.570312 0.000000
vt 0.539062 0.031250
vt 0.375000 0.500000
vt 0.406250 0.500000
vt 0.406250 0.531250
vt 0.593750 0.718750
vt 0.539062 0.718750
vt 0.390625 0.875000
vt 0.390625 0.750000
vt 0.625000 0.820312
vt 0.562500 0.820312
vt 0.562500 0.757812
vt 0.625000 0.757812
vt 0.562500 0.945312
vt 0.562500 0.882812
vt 0.625000 0.882812
vt 0.593750 0.906250
vt 0.593750 0.914062
vt 0.585938 0.914062
vt 0.601562 0.906250
vt 0.625000 0.906250
vt 0.625000 0.914062
vt 0.617188 0.914062
vt 0.531250 0.906250
vt 0.531250 0.914062
vt 0.523438 0.914062
vt 0.539062 0.906250
vt 0.562500 0.906250
vt 0.562500 0.914062
vt 0.554688 0.914062
vt 0.531250 0.968750
vt 0.531250 0.976562
vt 0.523438 0.976562
vt 0.539062 0.968750
vt 0.562500 0.968750
vt 0.562500 0.976562
vt 0.554688 0.976562
vt 0.593750 0.781250
vt 0.593750 0.789062
vt 0.585938 0.789062
vt 0.601562 0.781250
vt 0.625000 0.781250
vt 0.625000 0.789062
vt 0.617188 0.789062
vt 0.531250 0.781250
vt 0.531250 0.789062
vt 0.523438 0.789062
vt 0.539062 0.781250
vt 0.562500 0.781250
vt 0.562500 0.789062
vt 0.554688 0.789062
vt 0.531250 0.843750
vt 0.531250 0.851562
vt 0.523438 0.851562
vt 0.539062 0.843750
vt 0.562500 0.843750
vt 0.562500 0.851562
vt 0.554688 0.851562
vt 0.593750 0.843750
vt 0.593750 0.851562
vt 0.585938 0.851562
vt 0.601562 0.843750
vt 0.625000 0.843750
vt 0.625000 0.851562
vt 0.617188 0.851562
vt 0.437500 0.781250
vt 0.453125 0.781250
vt 0.453125 0.789062
vt 0.437500 0.773438
vt 0.437500 0.750000
vt 0.453125 0.750000
vt 0.453125 0.757812
vt 0.437500 0.906250
vt 0.453125 0.906250
vt 0.453125 0.914062
vt 0.437500 0.898438
vt 0.437500 0.875000
vt 0.453125 0.875000
vt 0.453125 0.882812
vt 0.468750 0.625000
vt 0.460938 0.625000
vt 0.445312 0.593750
vt 0.484375 0.656250
vt 0.531250 0.750000
vt 0.523438 0.750000
vt 0.507812 0.718750
vt 0.500000 0.625000
vt 0.492188 0.625000
vt 0.468750 0.593750
vt 0.523438 0.656250
vt 0.593750 0.750000
vt 0.585938 0.750000
vt 0.562500 0.718750
vt 0.531250 0.625000
vt 0.531250 0.656250
vt 0.500000 0.593750
vt 0.500000 0.500000
vt 0.531250 0.500000
vt 0.531250 0.531250
vt 0.468750 0.125000
vt 0.476562 0.125000
vt 0.445312 0.156250
vt 0.500000 0.093750
vt 0.593750 0.000000
vt 0.601562 0.000000
vt 0.570312 0.031250
vt 0.437500 0.125000
vt 0.445312 0.125000
vt 0.421875 0.156250
vt 0.460938 0.093750
vt 0.531250 0.000000
vt 0.539062 0.000000
vt 0.515625 0.031250
vt 0.437500 0.093750
vt 0.453125 0.093750
vt 0.421875 0.125000
vt 0.375000 0.125000
vt 0.375000 0.093750
vt 0.390625 0.093750
vt 0.593750 0.968750
vt 0.593750 0.976562
vt 0.585938 0.976562
vt 0.601562 0.968750
vt 0.625000 0.968750
vt 0.625000 0.976562
vt 0.617188 0.976562
vt 0.781250 0.625000
vt 0.773438 0.625000
vt 0.804688 0.593750
vt 0.750000 0.656250
vt 0.656250 0.750000
vt 0.648438 0.750000
vt 0.679688 0.718750
vt 0.812500 0.625000
vt 0.804688 0.656250
vt 0.796875 0.656250
vt 0.820312 0.625000
vt 0.843750 0.625000
vt 0.835938 0.656250
vt 0.828125 0.656250
vt 0.843750 0.656250
vt 0.851562 0.625000
vt 0.875000 0.625000
vt 0.875000 0.656250
vt 0.867188 0.656250
vt 0.593750 0.875000
vt 0.585938 0.882812
vt 0.585938 0.875000
vt 0.593750 0.882812
vt 0.585938 0.906250
vt 0.531250 0.875000
vt 0.523438 0.882812
vt 0.523438 0.875000
vt 0.531250 0.882812
vt 0.523438 0.906250
vt 0.531250 0.937500
vt 0.523438 0.945312
vt 0.523438 0.937500
vt 0.531250 0.945312
vt 0.523438 0.968750
vt 0.585938 0.757812
vt 0.593750 0.757812
vt 0.585938 0.781250
vt 0.523438 0.757812
vt 0.531250 0.757812
vt 0.523438 0.781250
vt 0.531250 0.812500
vt 0.523438 0.820312
vt 0.523438 0.812500
vt 0.531250 0.820312
vt 0.523438 0.843750
vt 0.593750 0.812500
vt 0.585938 0.820312
vt 0.585938 0.812500
vt 0.593750 0.820312
vt 0.585938 0.843750
vt 0.437500 0.812500
vt 0.453125 0.820312
vt 0.453125 0.828125
vt 0.437500 0.804688
vt 0.453125 0.796875
vt 0.437500 0.937500
vt 0.453125 0.945312
vt 0.453125 0.953125
vt 0.437500 0.929688
vt 0.453125 0.921875
vt 0.375000 0.375000
vt 0.406250 0.406250
vt 0.375000 0.406250
vt 0.406250 0.375000
vt 0.500000 0.375000
vt 0.531250 0.406250
vt 0.500000 0.406250
vt 0.437500 0.625000
vt 0.421875 0.625000
vt 0.421875 0.593750
vt 0.437500 0.656250
vt 0.421875 0.750000
vt 0.421875 0.718750
vt 0.125000 0.625000
vt 0.156250 0.625000
vt 0.125000 0.656250
vt 0.156250 0.593750
vt 0.250000 0.500000
vt 0.281250 0.500000
vt 0.250000 0.531250
vt 0.500000 0.125000
vt 0.500000 0.156250
vt 0.468750 0.156250
vt 0.531250 0.125000
vt 0.625000 0.125000
vt 0.625000 0.156250
vt 0.593750 0.156250
vt 0.593750 0.937500
vt 0.585938 0.945312
vt 0.585938 0.937500
vt 0.593750 0.945312
vt 0.585938 0.968750
vt 0.765625 0.656250
vt 0.757812 0.656250
vt 0.789062 0.625000
vt 0.789062 0.656250
vt 0.765625 0.687500
vt 0.750000 0.718750
vt 0.742188 0.718750
vt 0.773438 0.687500
vt 0.781250 0.687500
vt 0.765625 0.718750
vt 0.757812 0.718750
vt 0.750000 0.687500
vt 0.757812 0.687500
vt 0.734375 0.718750
vt 0.773438 0.656250
vt 0.796875 0.625000
vt 0.804688 0.625000
vt 0.781250 0.656250
vt 0.734375 0.687500
vt 0.718750 0.718750
vt 0.742188 0.687500
vt 0.726562 0.718750
vt 0.578125 0.968750
vt 0.570312 0.976562
vt 0.570312 0.968750
vt 0.578125 0.976562
vt 0.578125 0.984375
vt 0.570312 0.992188
vt 0.570312 0.984375
vt 0.578125 0.953125
vt 0.578125 0.960938
vt 0.570312 0.960938
vt 0.585938 0.953125
vt 0.593750 0.953125
vt 0.593750 0.960938
vt 0.585938 0.960938
vt 0.578125 0.937500
vt 0.570312 0.945312
vt 0.570312 0.937500
vt 0.578125 0.945312
vt 0.570312 0.953125
vt 0.562500 0.187500
vt 0.562500 0.218750
vt 0.531250 0.218750
vt 0.593750 0.187500
vt 0.625000 0.187500
vt 0.625000 0.218750
vt 0.593750 0.218750
vt 0.500000 0.187500
vt 0.531250 0.187500
vt 0.500000 0.218750
vt 0.531250 0.156250
vt 0.562500 0.125000
vt 0.593750 0.125000
vt 0.562500 0.156250
vt 0.437500 0.187500
vt 0.437500 0.218750
vt 0.406250 0.218750
vt 0.468750 0.187500
vt 0.468750 0.218750
vt 0.250000 0.562500
vt 0.281250 0.562500
vt 0.250000 0.593750
vt 0.281250 0.531250
vt 0.312500 0.500000
vt 0.343750 0.500000
vt 0.312500 0.531250
vt 0.187500 0.625000
vt 0.218750 0.593750
vt 0.218750 0.625000
vt 0.187500 0.593750
vt 0.187500 0.562500
vt 0.218750 0.531250
vt 0.218750 0.562500
vt 0.125000 0.687500
vt 0.156250 0.687500
vt 0.125000 0.718750
vt 0.156250 0.656250
vt 0.187500 0.656250
vt 0.406250 0.687500
vt 0.390625 0.687500
vt 0.390625 0.656250
vt 0.406250 0.718750
vt 0.406250 0.750000
vt 0.390625 0.718750
vt 0.406250 0.625000
vt 0.406250 0.656250
vt 0.390625 0.625000
vt 0.421875 0.656250
vt 0.437500 0.687500
vt 0.437500 0.718750
vt 0.421875 0.687500
vt 0.406250 0.562500
vt 0.390625 0.562500
vt 0.390625 0.531250
vt 0.406250 0.593750
vt 0.390625 0.593750
vt 0.500000 0.437500
vt 0.531250 0.468750
vt 0.500000 0.468750
vt 0.531250 0.437500
vt 0.562500 0.437500
vt 0.593750 0.468750
vt 0.562500 0.468750
vt 0.437500 0.437500
vt 0.468750 0.437500
vt 0.468750 0.468750
vt 0.437500 0.406250
vt 0.437500 0.375000
vt 0.468750 0.375000
vt 0.468750 0.406250
vt 0.375000 0.437500
vt 0.406250 0.468750
vt 0.375000 0.468750
vt 0.406250 0.437500
vt 0.437500 0.468750
vt 0.468750 0.937500
vt 0.484375 0.945312
vt 0.484375 0.953125
vt 0.468750 0.929688
vt 0.468750 0.921875
vt 0.484375 0.929688
vt 0.484375 0.937500
vt 0.468750 0.953125
vt 0.468750 0.945312
vt 0.484375 0.960938
vt 0.453125 0.937500
vt 0.437500 0.921875
vt 0.437500 0.914062
vt 0.453125 0.929688
vt 0.468750 0.968750
vt 0.484375 0.976562
vt 0.484375 0.984375
vt 0.468750 0.960938
vt 0.484375 0.968750
vt 0.468750 0.812500
vt 0.484375 0.820312
vt 0.484375 0.828125
vt 0.468750 0.804688
vt 0.468750 0.796875
vt 0.484375 0.804688
vt 0.484375 0.812500
vt 0.468750 0.828125
vt 0.468750 0.820312
vt 0.484375 0.835938
vt 0.453125 0.812500
vt 0.437500 0.796875
vt 0.437500 0.789062
vt 0.453125 0.804688
vt 0.468750 0.843750
vt 0.484375 0.851562
vt 0.484375 0.859375
vt 0.468750 0.835938
vt 0.484375 0.843750
vt 0.578125 0.843750
vt 0.570312 0.851562
vt 0.570312 0.843750
vt 0.578125 0.851562
vt 0.578125 0.859375
vt 0.570312 0.867188
vt 0.570312 0.859375
vt 0.578125 0.828125
vt 0.578125 0.835938
vt 0.570312 0.835938
vt 0.585938 0.828125
vt 0.593750 0.828125
vt 0.593750 0.835938
vt 0.585938 0.835938
vt 0.578125 0.812500
vt 0.570312 0.820312
vt 0.570312 0.812500
vt 0.578125 0.820312
vt 0.570312 0.828125
vt 0.515625 0.843750
vt 0.507812 0.851562
vt 0.507812 0.843750
vt 0.515625 0.851562
vt 0.515625 0.859375
vt 0.507812 0.867188
vt 0.507812 0.859375
vt 0.515625 0.828125
vt 0.515625 0.835938
vt 0.507812 0.835938
vt 0.523438 0.828125
vt 0.531250 0.828125
vt 0.531250 0.835938
vt 0.523438 0.835938
vt 0.515625 0.812500
vt 0.507812 0.820312
vt 0.507812 0.812500
vt 0.515625 0.820312
vt 0.507812 0.828125
vt 0.515625 0.781250
vt 0.507812 0.789062
vt 0.507812 0.781250
vt 0.515625 0.789062
vt 0.515625 0.796875
vt 0.507812 0.804688
vt 0.507812 0.796875
vt 0.515625 0.765625
vt 0.515625 0.773438
vt 0.507812 0.773438
vt 0.523438 0.765625
vt 0.531250 0.765625
vt 0.531250 0.773438
vt 0.523438 0.773438
vt 0.515625 0.750000
vt 0.507812 0.757812
vt 0.507812 0.750000
vt 0.515625 0.757812
vt 0.507812 0.765625
vt 0.578125 0.781250
vt 0.570312 0.789062
vt 0.570312 0.781250
vt 0.578125 0.789062
vt 0.578125 0.796875
vt 0.570312 0.804688
vt 0.570312 0.796875
vt 0.578125 0.765625
vt 0.578125 0.773438
vt 0.570312 0.773438
vt 0.585938 0.765625
vt 0.593750 0.765625
vt 0.593750 0.773438
vt 0.585938 0.773438
vt 0.578125 0.750000
vt 0.570312 0.757812
vt 0.570312 0.750000
vt 0.578125 0.757812
vt 0.570312 0.765625
vt 0.515625 0.968750
vt 0.507812 0.976562
vt 0.507812 0.968750
vt 0.515625 0.976562
vt 0.515625 0.984375
vt 0.507812 0.992188
vt 0.507812 0.984375
vt 0.515625 0.953125
vt 0.515625 0.960938
vt 0.507812 0.960938
vt 0.523438 0.953125
vt 0.531250 0.953125
vt 0.531250 0.960938
vt 0.523438 0.960938
vt 0.515625 0.937500
vt 0.507812 0.945312
vt 0.507812 0.937500
vt 0.515625 0.945312
vt 0.507812 0.953125
vt 0.515625 0.906250
vt 0.507812 0.914062
vt 0.507812 0.906250
vt 0.515625 0.914062
vt 0.515625 0.921875
vt 0.507812 0.929688
vt 0.507812 0.921875
vt 0.515625 0.890625
vt 0.515625 0.898438
vt 0.507812 0.898438
vt 0.523438 0.890625
vt 0.531250 0.890625
vt 0.531250 0.898438
vt 0.523438 0.898438
vt 0.515625 0.875000
vt 0.507812 0.882812
vt 0.507812 0.875000
vt 0.515625 0.882812
vt 0.507812 0.890625
vt 0.578125 0.906250
vt 0.570312 0.914062
vt 0.570312 0.906250
vt 0.578125 0.914062
vt 0.578125 0.921875
vt 0.570312 0.929688
vt 0.570312 0.921875
vt 0.578125 0.890625
vt 0.578125 0.898438
vt 0.570312 0.898438
vt 0.585938 0.890625
vt 0.593750 0.890625
vt 0.593750 0.898438
vt 0.585938 0.898438
vt 0.578125 0.875000
vt 0.570312 0.882812
vt 0.570312 0.875000
vt 0.578125 0.882812
vt 0.570312 0.890625
vt 0.859375 0.687500
vt 0.859375 0.718750
vt 0.851562 0.718750
vt 0.867188 0.687500
vt 0.875000 0.687500
vt 0.875000 0.718750
vt 0.867188 0.718750
vt 0.843750 0.687500
vt 0.851562 0.687500
vt 0.843750 0.718750
vt 0.851562 0.656250
vt 0.859375 0.625000
vt 0.867188 0.625000
vt 0.859375 0.656250
vt 0.828125 0.687500
vt 0.828125 0.718750
vt 0.820312 0.718750
vt 0.835938 0.687500
vt 0.835938 0.718750
vt 0.812500 0.687500
vt 0.804688 0.718750
vt 0.796875 0.718750
vt 0.820312 0.687500
vt 0.812500 0.718750
vt 0.796875 0.687500
vt 0.804688 0.687500
vt 0.789062 0.718750
vt 0.812500 0.656250
vt 0.828125 0.625000
vt 0.835938 0.625000
vt 0.820312 0.656250
vt 0.773438 0.718750
vt 0.789062 0.687500
vt 0.781250 0.718750
vt 0.703125 0.687500
vt 0.695312 0.687500
vt 0.726562 0.656250
vt 0.671875 0.718750
vt 0.640625 0.750000
vt 0.632812 0.750000
vt 0.664062 0.718750
vt 0.765625 0.625000
vt 0.734375 0.656250
vt 0.757812 0.625000
vt 0.742188 0.656250
vt 0.718750 0.687500
vt 0.687500 0.718750
vt 0.710938 0.687500
vt 0.828125 0.562500
vt 0.820312 0.562500
vt 0.796875 0.593750
vt 0.789062 0.593750
vt 0.609375 0.984375
vt 0.609375 0.992188
vt 0.601562 0.992188
vt 0.617188 0.984375
vt 0.625000 0.984375
vt 0.625000 0.992188
vt 0.617188 0.992188
vt 0.593750 0.984375
vt 0.601562 0.984375
vt 0.593750 0.992188
vt 0.601562 0.976562
vt 0.609375 0.968750
vt 0.617188 0.968750
vt 0.609375 0.976562
vt 0.578125 0.992188
vt 0.585938 0.984375
vt 0.585938 0.992188
vt 0.406250 0.062500
vt 0.406250 0.031250
vt 0.421875 0.031250
vt 0.390625 0.062500
vt 0.375000 0.062500
vt 0.375000 0.031250
vt 0.390625 0.031250
vt 0.437500 0.062500
vt 0.421875 0.062500
vt 0.437500 0.031250
vt 0.421875 0.093750
vt 0.406250 0.125000
vt 0.390625 0.125000
vt 0.406250 0.093750
vt 0.468750 0.062500
vt 0.468750 0.031250
vt 0.453125 0.062500
vt 0.453125 0.031250
vt 0.500000 0.062500
vt 0.507812 0.062500
vt 0.484375 0.093750
vt 0.523438 0.031250
vt 0.546875 0.000000
vt 0.554688 0.000000
vt 0.531250 0.031250
vt 0.453125 0.125000
vt 0.476562 0.093750
vt 0.460938 0.125000
vt 0.468750 0.093750
vt 0.484375 0.062500
vt 0.507812 0.031250
vt 0.492188 0.062500
vt 0.406250 0.187500
vt 0.414062 0.187500
vt 0.429688 0.156250
vt 0.437500 0.156250
vt 0.546875 0.062500
vt 0.554688 0.062500
vt 0.523438 0.093750
vt 0.578125 0.031250
vt 0.609375 0.000000
vt 0.617188 0.000000
vt 0.585938 0.031250
vt 0.484375 0.125000
vt 0.515625 0.093750
vt 0.492188 0.125000
vt 0.507812 0.093750
vt 0.531250 0.062500
vt 0.562500 0.031250
vt 0.539062 0.062500
vt 0.421875 0.187500
vt 0.429688 0.187500
vt 0.398438 0.218750
vt 0.453125 0.156250
vt 0.460938 0.156250
vt 0.562500 0.562500
vt 0.593750 0.562500
vt 0.593750 0.593750
vt 0.562500 0.531250
vt 0.562500 0.500000
vt 0.593750 0.500000
vt 0.593750 0.531250
vt 0.562500 0.625000
vt 0.562500 0.593750
vt 0.593750 0.625000
vt 0.531250 0.593750
vt 0.500000 0.562500
vt 0.500000 0.531250
vt 0.531250 0.562500
vt 0.562500 0.687500
vt 0.593750 0.687500
vt 0.562500 0.656250
vt 0.593750 0.656250
vt 0.531250 0.687500
vt 0.523438 0.687500
vt 0.500000 0.656250
vt 0.554688 0.718750
vt 0.546875 0.718750
vt 0.484375 0.625000
vt 0.507812 0.656250
vt 0.476562 0.625000
vt 0.515625 0.656250
vt 0.546875 0.687500
vt 0.570312 0.718750
vt 0.539062 0.687500
vt 0.437500 0.562500
vt 0.429688 0.562500
vt 0.460938 0.593750
vt 0.453125 0.593750
vt 0.484375 0.687500
vt 0.476562 0.687500
vt 0.460938 0.656250
vt 0.500000 0.718750
vt 0.492188 0.718750
vt 0.453125 0.625000
vt 0.468750 0.656250
vt 0.445312 0.625000
vt 0.476562 0.656250
vt 0.500000 0.687500
vt 0.515625 0.718750
vt 0.492188 0.687500
vt 0.421875 0.562500
vt 0.414062 0.562500
vt 0.398438 0.531250
vt 0.437500 0.593750
vt 0.429688 0.593750
vt 0.468750 0.890625
vt 0.484375 0.890625
vt 0.484375 0.898438
vt 0.468750 0.882812
vt 0.468750 0.875000
vt 0.484375 0.875000
vt 0.484375 0.882812
vt 0.468750 0.906250
vt 0.468750 0.898438
vt 0.484375 0.906250
vt 0.453125 0.898438
vt 0.437500 0.890625
vt 0.437500 0.882812
vt 0.453125 0.890625
vt 0.484375 0.921875
vt 0.468750 0.914062
vt 0.484375 0.914062
vt 0.468750 0.765625
vt 0.484375 0.765625
vt 0.484375 0.773438
vt 0.468750 0.757812
vt 0.468750 0.750000
vt 0.484375 0.757812
vt 0.468750 0.781250
vt 0.468750 0.773438
vt 0.484375 0.781250
vt 0.453125 0.773438
vt 0.437500 0.765625
vt 0.437500 0.757812
vt 0.453125 0.765625
vt 0.484375 0.796875
vt 0.468750 0.789062
vt 0.484375 0.789062
vt 0.609375 0.859375
vt 0.609375 0.867188
vt 0.601562 0.867188
vt 0.617188 0.859375
vt 0.625000 0.859375
vt 0.625000 0.867188
vt 0.617188 0.867188
vt 0.593750 0.859375
vt 0.601562 0.859375
vt 0.593750 0.867188
vt 0.601562 0.851562
vt 0.609375 0.843750
vt 0.617188 0.843750
vt 0.609375 0.851562
vt 0.578125 0.867188
vt 0.585938 0.859375
vt 0.585938 0.867188
vt 0.546875 0.859375
vt 0.546875 0.867188
vt 0.539062 0.867188
vt 0.554688 0.859375
vt 0.562500 0.859375
vt 0.562500 0.867188
vt 0.554688 0.867188
vt 0.531250 0.859375
vt 0.539062 0.859375
vt 0.531250 0.867188
vt 0.539062 0.851562
vt 0.546875 0.843750
vt 0.554688 0.843750
vt 0.546875 0.851562
vt 0.515625 0.867188
vt 0.523438 0.859375
vt 0.523438 0.867188
vt 0.546875 0.796875
vt 0.546875 0.804688
vt 0.539062 0.804688
vt 0.554688 0.796875
vt 0.562500 0.796875
vt 0.562500 0.804688
vt 0.554688 0.804688
vt 0.531250 0.796875
vt 0.539062 0.796875
vt 0.531250 0.804688
vt 0.539062 0.789062
vt 0.546875 0.781250
vt 0.554688 0.781250
vt 0.546875 0.789062
vt 0.515625 0.804688
vt 0.523438 0.796875
vt 0.523438 0.804688
vt 0.609375 0.796875
vt 0.609375 0.804688
vt 0.601562 0.804688
vt 0.617188 0.796875
vt 0.625000 0.796875
vt 0.625000 0.804688
vt 0.617188 0.804688
vt 0.593750 0.796875
vt 0.601562 0.796875
vt 0.593750 0.804688
vt 0.601562 0.789062
vt 0.609375 0.781250
vt 0.617188 0.781250
vt 0.609375 0.789062
vt 0.578125 0.804688
vt 0.585938 0.796875
vt 0.585938 0.804688
vt 0.546875 0.984375
vt 0.546875 0.992188
vt 0.539062 0.992188
vt 0.554688 0.984375
vt 0.562500 0.984375
vt 0.562500 0.992188
vt 0.554688 0.992188
vt 0.531250 0.984375
vt 0.539062 0.984375
vt 0.531250 0.992188
vt 0.539062 0.976562
vt 0.546875 0.968750
vt 0.554688 0.968750
vt 0.546875 0.976562
vt 0.515625 0.992188
vt 0.523438 0.984375
vt 0.523438 0.992188
vt 0.546875 0.921875
vt 0.546875 0.929688
vt 0.539062 0.929688
vt 0.554688 0.921875
vt 0.562500 0.921875
vt 0.562500 0.929688
vt 0.554688 0.929688
vt 0.531250 0.921875
vt 0.539062 0.921875
vt 0.531250 0.929688
vt 0.539062 0.914062
vt 0.546875 0.906250
vt 0.554688 0.906250
vt 0.546875 0.914062
vt 0.515625 0.929688
vt 0.523438 0.921875
vt 0.523438 0.929688
vt 0.609375 0.921875
vt 0.609375 0.929688
vt 0.601562 0.929688
vt 0.617188 0.921875
vt 0.625000 0.921875
vt 0.625000 0.929688
vt 0.617188 0.929688
vt 0.593750 0.921875
vt 0.601562 0.921875
vt 0.593750 0.929688
vt 0.601562 0.914062
vt 0.609375 0.906250
vt 0.617188 0.906250
vt 0.609375 0.914062
vt 0.578125 0.929688
vt 0.585938 0.921875
vt 0.585938 0.929688
vt 0.609375 0.890625
vt 0.609375 0.898438
vt 0.601562 0.898438
vt 0.617188 0.890625
vt 0.625000 0.890625
vt 0.625000 0.898438
vt 0.617188 0.898438
vt 0.546875 0.890625
vt 0.546875 0.898438
vt 0.539062 0.898438
vt 0.554688 0.890625
vt 0.562500 0.890625
vt 0.562500 0.898438
vt 0.554688 0.898438
vt 0.546875 0.953125
vt 0.546875 0.960938
vt 0.539062 0.960938
vt 0.554688 0.953125
vt 0.562500 0.953125
vt 0.562500 0.960938
vt 0.554688 0.960938
vt 0.609375 0.765625
vt 0.609375 0.773438
vt 0.601562 0.773438
vt 0.617188 0.765625
vt 0.625000 0.765625
vt 0.625000 0.773438
vt 0.617188 0.773438
vt 0.546875 0.765625
vt 0.546875 0.773438
vt 0.539062 0.773438
vt 0.554688 0.765625
vt 0.562500 0.765625
vt 0.562500 0.773438
vt 0.554688 0.773438
vt 0.546875 0.828125
vt 0.546875 0.835938
vt 0.539062 0.835938
vt 0.554688 0.828125
vt 0.562500 0.828125
vt 0.562500 0.835938
vt 0.554688 0.835938
vt 0.609375 0.828125
vt 0.609375 0.835938
vt 0.601562 0.835938
vt 0.617188 0.828125
vt 0.625000 0.828125
vt 0.625000 0.835938
vt 0.617188 0.835938
vt 0.406250 0.765625
vt 0.421875 0.765625
vt 0.421875 0.773438
vt 0.406250 0.757812
vt 0.421875 0.757812
vt 0.406250 0.890625
vt 0.421875 0.890625
vt 0.421875 0.898438
vt 0.406250 0.882812
vt 0.406250 0.875000
vt 0.421875 0.875000
vt 0.421875 0.882812
vt 0.515625 0.687500
vt 0.507812 0.687500
vt 0.492188 0.656250
vt 0.531250 0.718750
vt 0.546875 0.750000
vt 0.539062 0.750000
vt 0.523438 0.718750
vt 0.554688 0.687500
vt 0.585938 0.718750
vt 0.609375 0.750000
vt 0.601562 0.750000
vt 0.578125 0.718750
vt 0.468750 0.562500
vt 0.437500 0.531250
vt 0.437500 0.500000
vt 0.468750 0.500000
vt 0.468750 0.531250
vt 0.515625 0.062500
vt 0.523438 0.062500
vt 0.492188 0.093750
vt 0.546875 0.031250
vt 0.578125 0.000000
vt 0.585938 0.000000
vt 0.554688 0.031250
vt 0.476562 0.062500
vt 0.492188 0.031250
vt 0.515625 0.000000
vt 0.523438 0.000000
vt 0.500000 0.031250
vt 0.406250 0.156250
vt 0.390625 0.187500
vt 0.375000 0.187500
vt 0.375000 0.156250
vt 0.390625 0.156250
vt 0.609375 0.953125
vt 0.609375 0.960938
vt 0.601562 0.960938
vt 0.617188 0.953125
vt 0.625000 0.953125
vt 0.625000 0.960938
vt 0.617188 0.960938
vt 0.726562 0.687500
vt 0.703125 0.718750
vt 0.671875 0.750000
vt 0.664062 0.750000
vt 0.695312 0.718750
vt 0.843750 0.562500
vt 0.835938 0.593750
vt 0.828125 0.593750
vt 0.851562 0.562500
vt 0.859375 0.562500
vt 0.851562 0.593750
vt 0.843750 0.593750
vt 0.859375 0.593750
vt 0.867188 0.562500
vt 0.875000 0.562500
vt 0.875000 0.593750
vt 0.867188 0.593750
vt 0.609375 0.875000
vt 0.601562 0.882812
vt 0.601562 0.875000
vt 0.609375 0.882812
vt 0.601562 0.890625
vt 0.546875 0.875000
vt 0.539062 0.882812
vt 0.539062 0.875000
vt 0.546875 0.882812
vt 0.539062 0.890625
vt 0.546875 0.937500
vt 0.539062 0.945312
vt 0.539062 0.937500
vt 0.546875 0.945312
vt 0.539062 0.953125
vt 0.601562 0.757812
vt 0.609375 0.757812
vt 0.601562 0.765625
vt 0.539062 0.757812
vt 0.546875 0.757812
vt 0.539062 0.765625
vt 0.546875 0.812500
vt 0.539062 0.820312
vt 0.539062 0.812500
vt 0.546875 0.820312
vt 0.539062 0.828125
vt 0.609375 0.812500
vt 0.601562 0.820312
vt 0.601562 0.812500
vt 0.609375 0.820312
vt 0.601562 0.828125
vt 0.406250 0.781250
vt 0.421875 0.789062
vt 0.421875 0.796875
vt 0.406250 0.773438
vt 0.421875 0.781250
vt 0.406250 0.906250
vt 0.421875 0.914062
vt 0.421875 0.921875
vt 0.406250 0.898438
vt 0.421875 0.906250
vt 0.375000 0.312500
vt 0.406250 0.343750
vt 0.375000 0.343750
vt 0.406250 0.312500
vt 0.437500 0.312500
vt 0.468750 0.343750
vt 0.437500 0.343750
vt 0.468750 0.687500
vt 0.453125 0.687500
vt 0.453125 0.656250
vt 0.468750 0.718750
vt 0.453125 0.718750
vt 0.125000 0.562500
vt 0.156250 0.562500
vt 0.125000 0.593750
vt 0.156250 0.531250
vt 0.187500 0.500000
vt 0.218750 0.500000
vt 0.187500 0.531250
vt 0.562500 0.062500
vt 0.562500 0.093750
vt 0.531250 0.093750
vt 0.593750 0.062500
vt 0.625000 0.062500
vt 0.625000 0.093750
vt 0.593750 0.093750
vt 0.609375 0.937500
vt 0.601562 0.945312
vt 0.601562 0.937500
vt 0.609375 0.945312
vt 0.601562 0.953125
vt 0.812500 0.593750
vt 0.835938 0.562500
vt 0.820312 0.593750
vt 0.500000 0.937500
vt 0.523438 1.000000
vt 0.515625 1.000000
vt 0.531250 1.000000
vt 0.507812 1.000000
vt 0.500000 1.000000
vt 0.554688 1.000000
vt 0.546875 1.000000
vt 0.562500 1.000000
vt 0.539062 1.000000
vt 0.500000 0.812500
vt 0.500000 0.875000
vt 0.500000 0.789062
vt 0.500000 0.796875
vt 0.500000 0.781250
vt 0.500000 0.804688
vt 0.500000 0.757812
vt 0.500000 0.765625
vt 0.500000 0.773438
vt 0.500000 0.914062
vt 0.500000 0.921875
vt 0.500000 0.906250
vt 0.500000 0.929688
vt 0.500000 0.882812
vt 0.500000 0.890625
vt 0.500000 0.898438
vt 0.625000 0.656250
vt 0.625000 0.687500
vt 0.625000 0.625000
vt 0.625000 0.718750
vt 0.625000 0.531250
vt 0.625000 0.562500
vt 0.625000 0.500000
vt 0.625000 0.593750
vt 0.453125 0.000000
vt 0.468750 0.000000
vt 0.437500 0.000000
vt 0.484375 0.000000
vt 0.390625 0.000000
vt 0.406250 0.000000
vt 0.375000 0.000000
vt 0.421875 0.000000
vt 0.585938 1.000000
vt 0.578125 1.000000
vt 0.593750 1.000000
vt 0.570312 1.000000
vt 0.617188 1.000000
vt 0.609375 1.000000
vt 0.625000 1.000000
vt 0.601562 1.000000
vt 0.781250 0.593750
vt 0.812500 0.562500
vt 0.750000 0.625000
vt 0.843750 0.531250
vt 0.656250 0.718750
vt 0.687500 0.687500
vt 0.718750 0.656250
vt 0.773438 0.750000
vt 0.765625 0.750000
vt 0.781250 0.750000
vt 0.757812 0.750000
vt 0.750000 0.750000
vt 0.804688 0.750000
vt 0.796875 0.750000
vt 0.812500 0.750000
vt 0.789062 0.750000
vt 0.835938 0.750000
vt 0.828125 0.750000
vt 0.843750 0.750000
vt 0.820312 0.750000
vt 0.867188 0.750000
vt 0.859375 0.750000
vt 0.875000 0.750000
vt 0.851562 0.750000
vt 0.500000 0.960938
vt 0.500000 0.953125
vt 0.500000 0.968750
vt 0.500000 0.945312
vt 0.500000 0.992188
vt 0.500000 0.984375
vt 0.500000 0.976562
vt 0.500000 0.835938
vt 0.500000 0.828125
vt 0.500000 0.843750
vt 0.500000 0.820312
vt 0.500000 0.867188
vt 0.500000 0.859375
vt 0.500000 0.851562
vt 0.375000 0.593750
vt 0.375000 0.562500
vt 0.375000 0.625000
vt 0.375000 0.531250
vt 0.375000 0.718750
vt 0.375000 0.687500
vt 0.375000 0.656250
vt 0.218750 0.656250
vt 0.187500 0.687500
vt 0.250000 0.625000
vt 0.156250 0.718750
vt 0.125000 0.750000
vt 0.343750 0.531250
vt 0.312500 0.562500
vt 0.281250 0.593750
vt 0.468750 0.250000
vt 0.437500 0.250000
vt 0.500000 0.250000
vt 0.406250 0.250000
vt 0.593750 0.250000
vt 0.562500 0.250000
vt 0.625000 0.250000
vt 0.531250 0.250000
vt 0.710938 0.750000
vt 0.703125 0.750000
vt 0.718750 0.750000
vt 0.695312 0.750000
vt 0.742188 0.750000
vt 0.734375 0.750000
vt 0.726562 0.750000
s 0
usemtl Material
f 1/1/1 308/2/1 564/3/1
f 12/4/2 310/5/2 558/6/2
f 6/7/3 560/8/3 568/9/3
f 5/10/4 275/11/4 537/12/4
f 8/13/5 533/14/5 571/15/5
f 5/16/6 304/17/6 275/18/6
f 4/19/7 317/20/7 534/21/7
f 4/22/7 318/23/7 306/24/7
f 14/25/2 319/26/2 554/27/2
f 18/28/8 320/29/8 553/30/8
f 13/31/8 321/32/8 539/33/8
f 3/34/2 322/35/2 546/36/2
f 19/37/8 323/38/8 557/39/8
f 17/40/8 324/41/8 543/42/8
f 9/43/2 325/44/2 550/45/2
f 1/1/1 305/46/1 307/47/1
f 1/1/1 307/47/1 308/2/1
f 14/48/1 292/49/1 309/50/1
f 12/4/2 535/51/2 310/5/2
f 5/16/9 537/52/9 311/53/9
f 7/54/10 544/55/10 566/56/10
f 11/57/10 532/58/10 567/59/10
f 2/60/11 276/61/11 314/62/11
f 3/34/12 546/36/12 569/63/12
f 13/31/12 539/33/12 570/64/12
f 4/19/7 306/65/7 317/20/7
f 4/22/7 278/66/7 318/23/7
f 14/25/2 540/67/2 319/26/2
f 18/28/8 551/68/8 320/29/8
f 13/31/8 552/69/8 321/32/8
f 3/34/2 547/70/2 322/35/2
f 19/37/8 555/71/8 323/38/8
f 17/40/8 556/72/8 324/41/8
f 9/43/2 545/73/2 325/44/2
f 70/74/2 581/75/2 376/76/2
f 70/74/2 582/77/2 581/75/2
f 35/78/2 494/79/2 379/80/2
f 69/81/8 584/82/8 375/83/8
f 69/81/8 585/84/8 584/82/8
f 46/85/8 505/86/8 382/87/8
f 68/88/8 587/89/8 374/90/8
f 68/88/8 588/91/8 587/89/8
f 45/92/8 504/93/8 385/94/8
f 67/95/2 590/96/2 373/97/2
f 67/95/2 591/98/2 590/96/2
f 37/99/2 496/100/2 388/101/2
f 66/102/8 593/103/8 372/104/8
f 66/102/8 594/105/8 593/103/8
f 42/106/8 501/107/8 391/108/8
f 65/109/8 596/110/8 371/111/8
f 65/109/8 597/112/8 596/110/8
f 41/113/8 500/114/8 394/115/8
f 64/116/2 599/117/2 370/118/2
f 64/116/2 600/119/2 599/117/2
f 30/120/2 489/121/2 397/122/2
f 63/123/7 602/124/7 369/125/7
f 63/123/7 603/126/7 602/124/7
f 23/127/7 329/128/7 400/129/7
f 62/130/7 605/131/7 368/132/7
f 62/130/7 606/133/7 605/131/7
f 51/134/7 357/135/7 403/136/7
f 60/137/12 608/138/12 519/139/12
f 60/137/12 609/140/12 608/138/12
f 29/141/12 488/142/12 406/143/12
f 59/144/12 611/145/12 518/146/12
f 59/144/12 612/147/12 611/145/12
f 36/148/12 495/149/12 409/150/12
f 59/144/11 614/151/11 365/152/11
f 59/144/11 615/153/11 614/151/11
f 21/154/11 327/155/11 412/156/11
f 57/157/10 617/158/10 516/159/10
f 57/157/10 618/160/10 617/158/10
f 22/161/10 481/162/10 415/163/10
f 56/164/10 620/165/10 515/166/10
f 56/164/10 621/167/10 620/165/10
f 34/168/10 493/169/10 418/170/10
f 56/164/9 623/171/9 362/172/9
f 56/164/9 624/173/9 623/171/9
f 27/174/9 486/175/9 421/176/9
f 55/177/2 626/178/2 361/179/2
f 55/177/2 627/180/2 626/178/2
f 25/181/2 484/182/2 424/183/2
f 54/184/1 629/185/1 360/186/1
f 54/184/1 630/187/1 629/185/1
f 37/188/1 343/189/1 427/190/1
f 53/191/1 632/192/1 359/193/1
f 53/191/1 633/194/1 632/192/1
f 52/195/1 358/196/1 430/197/1
f 52/195/1 635/198/1 358/196/1
f 52/195/1 636/199/1 635/198/1
f 50/200/1 356/201/1 433/202/1
f 40/203/2 638/204/2 499/205/2
f 40/203/2 639/206/2 638/204/2
f 70/74/2 376/76/2 436/207/2
f 33/208/8 641/209/8 492/210/8
f 33/208/8 642/211/8 641/209/8
f 69/81/8 375/83/8 439/212/8
f 47/213/8 644/214/8 506/215/8
f 47/213/8 645/216/8 644/214/8
f 68/88/8 374/90/8 442/217/8
f 36/148/2 647/218/2 495/149/2
f 36/148/2 648/219/2 647/218/2
f 67/95/2 373/97/2 445/220/2
f 29/141/8 650/221/8 488/142/8
f 29/141/8 651/222/8 650/221/8
f 66/102/8 372/104/8 448/223/8
f 43/224/8 653/225/8 502/226/8
f 43/224/8 654/227/8 653/225/8
f 65/109/8 371/111/8 451/228/8
f 44/229/2 656/230/2 503/231/2
f 44/229/2 657/232/2 656/230/2
f 64/116/2 370/118/2 454/233/2
f 51/234/7 659/235/7 357/236/7
f 51/234/7 660/237/7 659/235/7
f 63/123/7 369/125/7 457/238/7
f 24/239/7 662/240/7 483/241/7
f 24/239/7 663/242/7 662/240/7
f 62/130/7 368/132/7 460/243/7
f 20/244/6 665/245/6 326/246/6
f 20/244/6 666/247/6 665/245/6
f 49/248/6 355/249/6 463/250/6
f 61/251/5 668/252/5 520/253/5
f 61/251/5 669/254/5 668/252/5
f 23/127/5 482/255/5 466/256/5
f 27/257/4 671/258/4 486/259/4
f 27/257/4 672/260/4 671/258/4
f 20/261/4 326/262/4 469/263/4
f 58/264/3 674/265/3 517/266/3
f 58/264/3 675/267/3 674/265/3
f 50/268/3 509/269/3 472/270/3
f 48/271/2 677/272/2 507/273/2
f 48/271/2 678/274/2 677/272/2
f 55/177/2 361/179/2 475/275/2
f 54/184/1 680/276/1 513/277/1
f 54/184/1 681/278/1 680/276/1
f 53/191/1 359/193/1 478/279/1
f 274/280/1 683/281/1 682/282/1
f 274/280/1 684/283/1 683/281/1
f 155/284/1 563/285/1 685/286/1
f 272/287/1 686/288/1 476/289/1
f 272/287/1 687/290/1 686/288/1
f 273/291/1 477/292/1 688/293/1
f 105/294/1 689/295/1 309/50/1
f 105/294/1 690/296/1 689/295/1
f 272/287/1 476/289/1 691/297/1
f 271/298/2 692/299/2 679/300/2
f 271/298/2 693/301/2 692/299/2
f 157/302/2 565/303/2 694/304/2
f 269/305/2 695/306/2 473/307/2
f 269/305/2 696/308/2 695/306/2
f 270/309/2 474/310/2 697/311/2
f 99/312/2 698/313/2 303/314/2
f 99/312/2 699/315/2 698/313/2
f 269/305/2 473/307/2 700/316/2
f 268/317/3 701/318/3 676/319/3
f 268/317/3 702/320/3 701/318/3
f 101/321/3 305/322/3 703/323/3
f 266/324/3 704/325/3 470/326/3
f 266/324/3 705/327/3 704/325/3
f 267/328/3 471/329/3 706/330/3
f 109/331/3 707/332/3 313/333/3
f 109/331/3 708/334/3 707/332/3
f 266/324/3 470/326/3 709/335/3
f 265/336/4 710/337/4 673/338/4
f 265/336/4 711/339/4 710/337/4
f 122/340/4 530/341/4 712/342/4
f 263/343/4 713/344/4 467/345/4
f 263/343/4 714/346/4 713/344/4
f 264/347/4 468/348/4 715/349/4
f 78/350/4 716/351/4 282/352/4
f 78/350/4 717/353/4 716/351/4
f 263/343/4 467/345/4 718/354/4
f 262/355/5 719/356/5 670/357/5
f 262/355/5 720/358/5 719/356/5
f 74/359/5 278/66/5 721/360/5
f 260/361/5 722/362/5 464/363/5
f 260/361/5 723/364/5 722/362/5
f 261/365/5 465/366/5 724/367/5
f 112/368/5 725/369/5 316/370/5
f 112/368/5 726/371/5 725/369/5
f 260/361/5 464/363/5 727/372/5
f 259/373/6 728/374/6 667/375/6
f 259/373/6 729/376/6 728/374/6
f 151/377/6 559/378/6 730/379/6
f 257/380/6 731/381/6 461/382/6
f 257/380/6 732/383/6 731/381/6
f 258/384/6 462/385/6 733/386/6
f 122/387/6 734/388/6 530/389/6
f 122/387/6 735/390/6 734/388/6
f 257/380/6 461/382/6 736/391/6
f 256/392/7 737/393/7 664/394/7
f 256/392/7 738/395/7 737/393/7
f 164/396/7 572/397/7 739/398/7
f 254/399/7 740/400/7 458/401/7
f 254/399/7 741/402/7 740/400/7
f 255/403/7 459/404/7 742/405/7
f 75/406/7 743/407/7 279/408/7
f 75/406/7 744/409/7 743/407/7
f 254/399/7 458/401/7 745/410/7
f 253/411/7 746/412/7 661/413/7
f 253/411/7 747/414/7 746/412/7
f 165/415/7 573/416/7 748/417/7
f 251/418/7 749/419/7 455/420/7
f 251/418/7 750/421/7 749/419/7
f 252/422/7 456/423/7 751/424/7
f 153/425/7 752/426/7 561/427/7
f 153/425/7 753/428/7 752/426/7
f 251/418/7 455/420/7 754/429/7
f 250/430/2 755/431/2 658/432/2
f 250/430/2 756/433/2 755/431/2
f 166/434/2 574/435/2 757/436/2
f 248/437/2 758/438/2 452/439/2
f 248/437/2 759/440/2 758/438/2
f 249/441/2 453/442/2 760/443/2
f 95/444/2 761/445/2 299/446/2
f 95/444/2 762/447/2 761/445/2
f 248/437/2 452/439/2 763/448/2
f 247/449/8 764/450/8 655/451/8
f 247/449/8 765/452/8 764/450/8
f 167/453/8 575/454/8 766/455/8
f 245/456/8 767/457/8 449/458/8
f 245/456/8 768/459/8 767/457/8
f 246/460/8 450/461/8 769/462/8
f 94/463/8 770/464/8 298/465/8
f 94/463/8 771/466/8 770/464/8
f 245/456/8 449/458/8 772/467/8
f 244/468/8 773/469/8 652/470/8
f 244/468/8 774/471/8 773/469/8
f 168/472/8 576/473/8 775/474/8
f 242/475/8 776/476/8 446/477/8
f 242/475/8 777/478/8 776/476/8
f 243/479/8 447/480/8 778/481/8
f 80/482/8 779/483/8 284/484/8
f 80/482/8 780/485/8 779/483/8
f 242/475/8 446/477/8 781/486/8
f 241/487/2 782/488/2 649/489/2
f 241/487/2 783/490/2 782/488/2
f 169/491/2 577/492/2 784/493/2
f 239/494/2 785/495/2 443/496/2
f 239/494/2 786/497/2 785/495/2
f 240/498/2 444/499/2 787/500/2
f 87/501/2 788/502/2 291/503/2
f 87/501/2 789/504/2 788/502/2
f 239/494/2 443/496/2 790/505/2
f 238/506/8 791/507/8 646/508/8
f 238/506/8 792/509/8 791/507/8
f 170/510/8 578/511/8 793/512/8
f 236/513/8 794/514/8 440/515/8
f 236/513/8 795/516/8 794/514/8
f 237/517/8 441/518/8 796/519/8
f 98/520/8 797/521/8 302/522/8
f 98/520/8 798/523/8 797/521/8
f 236/513/8 440/515/8 799/524/8
f 235/525/8 800/526/8 643/527/8
f 235/525/8 801/528/8 800/526/8
f 171/529/8 579/530/8 802/531/8
f 233/532/8 803/533/8 437/534/8
f 233/532/8 804/535/8 803/533/8
f 234/536/8 438/537/8 805/538/8
f 84/539/8 806/540/8 288/541/8
f 84/539/8 807/542/8 806/540/8
f 233/532/8 437/534/8 808/543/8
f 232/544/2 809/545/2 640/546/2
f 232/544/2 810/547/2 809/545/2
f 172/548/2 580/549/2 811/550/2
f 230/551/2 812/552/2 434/553/2
f 230/551/2 813/554/2 812/552/2
f 231/555/2 435/556/2 814/557/2
f 91/558/2 815/559/2 295/560/2
f 91/558/2 816/561/2 815/559/2
f 230/551/2 434/553/2 817/562/2
f 229/563/1 818/564/1 637/565/1
f 229/563/1 819/566/1 818/564/1
f 152/567/1 560/568/1 820/569/1
f 227/570/1 821/571/1 431/572/1
f 227/570/1 822/573/1 821/571/1
f 228/574/1 432/575/1 823/576/1
f 154/577/1 824/578/1 562/579/1
f 154/577/1 825/580/1 824/578/1
f 227/570/1 431/572/1 826/581/1
f 226/582/1 827/583/1 634/584/1
f 226/582/1 828/585/1 827/583/1
f 154/577/1 562/579/1 829/586/1
f 224/587/1 830/588/1 428/589/1
f 224/587/1 831/590/1 830/588/1
f 225/591/1 429/592/1 832/593/1
f 155/284/1 833/594/1 563/285/1
f 155/284/1 834/595/1 833/594/1
f 224/587/1 428/589/1 835/596/1
f 223/597/1 836/598/1 631/599/1
f 223/597/1 837/600/1 836/598/1
f 139/601/1 547/602/1 838/603/1
f 221/604/1 839/605/1 425/606/1
f 221/604/1 840/607/1 839/605/1
f 222/608/1 426/609/1 841/610/1
f 156/611/1 842/612/1 564/3/1
f 156/611/1 843/613/1 842/612/1
f 221/604/1 425/606/1 844/614/1
f 220/615/2 845/616/2 628/617/2
f 220/615/2 846/618/2 845/616/2
f 76/619/2 280/620/2 847/621/2
f 218/622/2 848/623/2 422/624/2
f 218/622/2 849/625/2 848/623/2
f 219/626/2 423/627/2 850/628/2
f 157/302/2 851/629/2 565/303/2
f 157/302/2 852/630/2 851/629/2
f 218/622/2 422/624/2 853/631/2
f 217/632/9 854/633/9 625/634/9
f 217/632/9 855/635/9 854/633/9
f 78/636/9 282/637/9 856/638/9
f 215/639/9 857/640/9 419/641/9
f 215/639/9 858/642/9 857/640/9
f 216/643/9 420/644/9 859/645/9
f 158/646/9 860/647/9 566/56/9
f 158/646/9 861/648/9 860/647/9
f 215/639/9 419/641/9 862/649/9
f 214/650/10 863/651/10 622/652/10
f 214/650/10 864/653/10 863/651/10
f 85/654/10 289/655/10 865/656/10
f 212/657/10 866/658/10 416/659/10
f 212/657/10 867/660/10 866/658/10
f 213/661/10 417/662/10 868/663/10
f 107/664/10 869/665/10 311/53/10
f 107/664/10 870/666/10 869/665/10
f 212/657/10 416/659/10 871/667/10
f 211/668/10 872/669/10 619/670/10
f 211/668/10 873/671/10 872/669/10
f 73/672/10 277/673/10 874/674/10
f 209/675/10 875/676/10 413/677/10
f 209/675/10 876/678/10 875/676/10
f 210/679/10 414/680/10 877/681/10
f 108/682/10 878/683/10 312/684/10
f 108/682/10 879/685/10 878/683/10
f 209/675/10 413/677/10 880/686/10
f 208/687/11 881/688/11 616/689/11
f 208/687/11 882/690/11 881/688/11
f 123/691/11 531/692/11 883/693/11
f 206/694/11 884/695/11 410/696/11
f 206/694/11 885/697/11 884/695/11
f 207/698/11 411/699/11 886/700/11
f 161/701/11 887/702/11 569/63/11
f 161/701/11 888/703/11 887/702/11
f 206/694/11 410/696/11 889/704/11
f 205/705/12 890/706/12 613/707/12
f 205/705/12 891/708/12 890/706/12
f 87/501/12 291/503/12 892/709/12
f 203/710/12 893/711/12 407/712/12
f 203/710/12 894/713/12 893/711/12
f 204/714/12 408/715/12 895/716/12
f 110/717/12 896/718/12 314/62/12
f 110/717/12 897/719/12 896/718/12
f 203/710/12 407/712/12 898/720/12
f 202/721/12 899/722/12 610/723/12
f 202/721/12 900/724/12 899/722/12
f 80/482/12 284/484/12 901/725/12
f 200/726/12 902/727/12 404/728/12
f 200/726/12 903/729/12 902/727/12
f 201/730/12 405/731/12 904/732/12
f 111/733/12 905/734/12 315/735/12
f 111/733/12 906/736/12 905/734/12
f 200/726/12 404/728/12 907/737/12
f 199/738/7 908/739/7 607/740/7
f 199/738/7 909/741/7 908/739/7
f 153/742/7 561/743/7 910/744/7
f 197/745/7 911/746/7 401/747/7
f 197/745/7 912/748/7 911/746/7
f 198/749/7 402/750/7 913/751/7
f 164/396/7 914/752/7 572/397/7
f 164/396/7 915/753/7 914/752/7
f 197/745/7 401/747/7 916/754/7
f 196/755/7 917/756/7 604/757/7
f 196/755/7 918/758/7 917/756/7
f 125/759/7 533/14/7 919/760/7
f 194/761/7 920/762/7 398/763/7
f 194/761/7 921/764/7 920/762/7
f 195/765/7 399/766/7 922/767/7
f 165/415/7 923/768/7 573/416/7
f 165/415/7 924/769/7 923/768/7
f 194/761/7 398/763/7 925/770/7
f 193/771/2 926/772/2 601/773/2
f 193/771/2 927/774/2 926/772/2
f 81/775/2 285/776/2 928/777/2
f 191/778/2 929/779/2 395/780/2
f 191/778/2 930/781/2 929/779/2
f 192/782/2 396/783/2 931/784/2
f 166/434/2 932/785/2 574/435/2
f 166/434/2 933/786/2 932/785/2
f 191/778/2 395/780/2 934/787/2
f 190/788/8 935/789/8 598/790/8
f 190/788/8 936/791/8 935/789/8
f 92/792/8 296/793/8 937/794/8
f 188/795/8 938/796/8 392/797/8
f 188/795/8 939/798/8 938/796/8
f 189/799/8 393/800/8 940/801/8
f 167/453/8 941/802/8 575/454/8
f 167/453/8 942/803/8 941/802/8
f 188/795/8 392/797/8 943/804/8
f 187/805/8 944/806/8 595/807/8
f 187/805/8 945/808/8 944/806/8
f 93/809/8 297/810/8 946/811/8
f 185/812/8 947/813/8 389/814/8
f 185/812/8 948/815/8 947/813/8
f 186/816/8 390/817/8 949/818/8
f 168/472/8 950/819/8 576/473/8
f 168/472/8 951/820/8 950/819/8
f 185/812/8 389/814/8 952/821/8
f 184/822/2 953/823/2 592/824/2
f 184/822/2 954/825/2 953/823/2
f 88/826/2 292/827/2 955/828/2
f 182/829/2 956/830/2 386/831/2
f 182/829/2 957/832/2 956/830/2
f 183/833/2 387/834/2 958/835/2
f 169/491/2 959/836/2 577/492/2
f 169/491/2 960/837/2 959/836/2
f 182/829/2 386/831/2 961/838/2
f 181/839/8 962/840/8 589/841/8
f 181/839/8 963/842/8 962/840/8
f 96/843/8 300/844/8 964/845/8
f 179/846/8 965/847/8 383/848/8
f 179/846/8 966/849/8 965/847/8
f 180/850/8 384/851/8 967/852/8
f 170/510/8 968/853/8 578/511/8
f 170/510/8 969/854/8 968/853/8
f 179/846/8 383/848/8 970/855/8
f 178/856/8 971/857/8 586/858/8
f 178/856/8 972/859/8 971/857/8
f 97/860/8 301/861/8 973/862/8
f 176/863/8 974/864/8 380/865/8
f 176/863/8 975/866/8 974/864/8
f 177/867/8 381/868/8 976/869/8
f 171/529/8 977/870/8 579/530/8
f 171/529/8 978/871/8 977/870/8
f 176/863/8 380/865/8 979/872/8
f 175/873/2 980/874/2 583/875/2
f 175/873/2 981/876/2 980/874/2
f 86/877/2 290/878/2 982/879/2
f 173/880/2 983/881/2 377/882/2
f 173/880/2 984/883/2 983/881/2
f 174/884/2 378/885/2 985/886/2
f 172/548/2 986/887/2 580/549/2
f 172/548/2 987/888/2 986/887/2
f 173/880/2 377/882/2 988/889/2
f 121/890/2 989/891/2 529/892/2
f 121/890/2 990/893/2 989/891/2
f 137/894/2 341/895/2 991/896/2
f 120/897/8 992/898/8 528/899/8
f 120/897/8 993/900/8 992/898/8
f 148/901/8 352/902/8 994/903/8
f 119/904/8 995/905/8 527/906/8
f 119/904/8 996/907/8 995/905/8
f 147/908/8 351/909/8 997/910/8
f 118/911/2 998/912/2 526/913/2
f 118/911/2 999/914/2 998/912/2
f 139/915/2 343/916/2 1000/917/2
f 117/918/8 1001/919/8 525/920/8
f 117/918/8 1002/921/8 1001/919/8
f 144/922/8 348/923/8 1003/924/8
f 116/925/8 1004/926/8 524/927/8
f 116/925/8 1005/928/8 1004/926/8
f 143/929/8 347/930/8 1006/931/8
f 115/932/2 1007/933/2 523/934/2
f 115/932/2 1008/935/2 1007/933/2
f 132/936/2 336/937/2 1009/938/2
f 114/939/7 1010/940/7 522/941/7
f 114/939/7 1011/942/7 1010/940/7
f 74/359/7 482/255/7 1012/943/7
f 113/944/7 1013/945/7 521/946/7
f 113/944/7 1014/947/7 1013/945/7
f 102/948/7 510/949/7 1015/950/7
f 162/951/12 1016/952/12 366/953/12
f 162/951/12 1017/954/12 1016/952/12
f 131/955/12 335/956/12 1018/957/12
f 161/701/12 1019/958/12 365/152/12
f 161/701/12 1020/959/12 1019/958/12
f 138/960/12 342/961/12 1021/962/12
f 110/717/11 1022/963/11 518/146/11
f 110/717/11 1023/964/11 1022/963/11
f 72/965/11 480/966/11 1024/967/11
f 159/968/10 1025/969/10 363/970/10
f 159/968/10 1026/971/10 1025/969/10
f 124/972/10 328/973/10 1027/974/10
f 158/646/10 1028/975/10 362/172/10
f 158/646/10 1029/976/10 1028/975/10
f 136/977/10 340/978/10 1030/979/10
f 107/664/9 1031/980/9 515/166/9
f 107/664/9 1032/981/9 1031/980/9
f 129/982/9 333/983/9 1033/984/9
f 106/985/2 1034/986/2 514/987/2
f 106/985/2 1035/988/2 1034/986/2
f 127/989/2 331/990/2 1036/991/2
f 105/294/1 1037/992/1 513/277/1
f 105/294/1 1038/993/1 1037/992/1
f 88/994/1 496/995/1 1039/996/1
f 104/997/1 1040/998/1 512/999/1
f 104/997/1 1041/1000/1 1040/998/1
f 103/1001/1 511/1002/1 1042/1003/1
f 103/1001/1 1043/1004/1 511/1002/1
f 103/1001/1 1044/1005/1 1043/1004/1
f 101/1006/1 509/1007/1 1045/1008/1
f 142/1009/2 1046/1010/2 346/1011/2
f 142/1009/2 1047/1012/2 1046/1010/2
f 121/890/2 529/892/2 1048/1013/2
f 135/1014/8 1049/1015/8 339/1016/8
f 135/1014/8 1050/1017/8 1049/1015/8
f 120/897/8 528/899/8 1051/1018/8
f 149/1019/8 1052/1020/8 353/1021/8
f 149/1019/8 1053/1022/8 1052/1020/8
f 119/904/8 527/906/8 1054/1023/8
f 138/960/2 1055/1024/2 342/961/2
f 138/960/2 1056/1025/2 1055/1024/2
f 118/911/2 526/913/2 1057/1026/2
f 131/955/8 1058/1027/8 335/956/8
f 131/955/8 1059/1028/8 1058/1027/8
f 117/918/8 525/920/8 1060/1029/8
f 145/1030/8 1061/1031/8 349/1032/8
f 145/1030/8 1062/1033/8 1061/1031/8
f 116/925/8 524/927/8 1063/1034/8
f 146/1035/2 1064/1036/2 350/1037/2
f 146/1035/2 1065/1038/2 1064/1036/2
f 115/932/2 523/934/2 1066/1039/2
f 102/1040/7 1067/1041/7 510/1042/7
f 102/1040/7 1068/1043/7 1067/1041/7
f 114/939/7 522/941/7 1069/1044/7
f 126/1045/7 1070/1046/7 330/1047/7
f 126/1045/7 1071/1048/7 1070/1046/7
f 113/944/7 521/946/7 1072/1049/7
f 71/1050/6 1073/1051/6 479/1052/6
f 71/1050/6 1074/1053/6 1073/1051/6
f 100/1054/6 508/1055/6 1075/1056/6
f 163/1057/5 1076/1058/5 367/1059/5
f 163/1057/5 1077/1060/5 1076/1058/5
f 125/759/5 329/128/5 1078/1061/5
f 129/1062/4 1079/1063/4 333/1064/4
f 129/1062/4 1080/1065/4 1079/1063/4
f 71/1066/4 479/1067/4 1081/1068/4
f 160/1069/3 1082/1070/3 364/1071/3
f 160/1069/3 1083/1072/3 1082/1070/3
f 152/1073/3 356/1074/3 1084/1075/3
f 150/1076/2 1085/1077/2 354/1078/2
f 150/1076/2 1086/1079/2 1085/1077/2
f 106/985/2 514/987/2 1087/1080/2
f 156/611/1 1088/1081/1 360/186/1
f 156/611/1 1089/1082/1 1088/1081/1
f 104/997/1 512/999/1 1090/1083/1
f 1090/1083/1 477/292/1 273/291/1
f 1090/1083/1 512/999/1 477/292/1
f 512/999/1 53/191/1 477/292/1
f 1088/1081/1 1090/1083/1 273/291/1
f 1088/1081/1 1089/1082/1 1090/1083/1
f 1089/1082/1 104/997/1 1090/1083/1
f 360/186/1 681/278/1 54/184/1
f 360/186/1 1088/1081/1 681/278/1
f 1088/1081/1 273/291/1 681/278/1
f 1087/1080/2 474/310/2 270/309/2
f 1087/1080/2 514/987/2 474/310/2
f 514/987/2 55/177/2 474/310/2
f 1085/1077/2 1087/1080/2 270/309/2
f 1085/1077/2 1086/1079/2 1087/1080/2
f 1086/1079/2 106/985/2 1087/1080/2
f 354/1078/2 678/274/2 48/271/2
f 354/1078/2 1085/1077/2 678/274/2
f 1085/1077/2 270/309/2 678/274/2
f 1084/1075/3 471/329/3 267/328/3
f 1084/1075/3 356/1074/3 471/329/3
f 356/1074/3 50/268/3 471/329/3
f 1082/1070/3 1084/1075/3 267/328/3
f 1082/1070/3 1083/1072/3 1084/1075/3
f 1083/1072/3 152/1073/3 1084/1075/3
f 364/1071/3 675/267/3 58/264/3
f 364/1071/3 1082/1070/3 675/267/3
f 1082/1070/3 267/328/3 675/267/3
f 1081/1068/4 468/348/4 264/347/4
f 1081/1068/4 479/1067/4 468/348/4
f 479/1067/4 20/261/4 468/348/4
f 1079/1063/4 1081/1068/4 264/347/4
f 1079/1063/4 1080/1065/4 1081/1068/4
f 1080/1065/4 71/1066/4 1081/1068/4
f 333/1064/4 672/260/4 27/257/4
f 333/1064/4 1079/1063/4 672/260/4
f 1079/1063/4 264/347/4 672/260/4
f 1078/1061/5 465/366/5 261/365/5
f 1078/1061/5 329/128/5 465/366/5
f 329/128/5 23/127/5 465/366/5
f 1076/1058/5 1078/1061/5 261/365/5
f 1076/1058/5 1077/1060/5 1078/1061/5
f 1077/1060/5 125/759/5 1078/1061/5
f 367/1059/5 669/254/5 61/251/5
f 367/1059/5 1076/1058/5 669/254/5
f 1076/1058/5 261/365/5 669/254/5
f 1075/1056/6 462/385/6 258/384/6
f 1075/1056/6 508/1055/6 462/385/6
f 508/1055/6 49/248/6 462/385/6
f 1073/1051/6 1075/1056/6 258/384/6
f 1073/1051/6 1074/1053/6 1075/1056/6
f 1074/1053/6 100/1054/6 1075/1056/6
f 479/1052/6 666/247/6 20/244/6
f 479/1052/6 1073/1051/6 666/247/6
f 1073/1051/6 258/384/6 666/247/6
f 1072/1049/7 459/404/7 255/403/7
f 1072/1049/7 521/946/7 459/404/7
f 521/946/7 62/130/7 459/404/7
f 1070/1046/7 1072/1049/7 255/403/7
f 1070/1046/7 1071/1048/7 1072/1049/7
f 1071/1048/7 113/944/7 1072/1049/7
f 330/1047/7 663/242/7 24/239/7
f 330/1047/7 1070/1046/7 663/242/7
f 1070/1046/7 255/403/7 663/242/7
f 1069/1044/7 456/423/7 252/422/7
f 1069/1044/7 522/941/7 456/423/7
f 522/941/7 63/123/7 456/423/7
f 1067/1041/7 1069/1044/7 252/422/7
f 1067/1041/7 1068/1043/7 1069/1044/7
f 1068/1043/7 114/939/7 1069/1044/7
f 510/1042/7 660/237/7 51/234/7
f 510/1042/7 1067/1041/7 660/237/7
f 1067/1041/7 252/422/7 660/237/7
f 1066/1039/2 453/442/2 249/441/2
f 1066/1039/2 523/934/2 453/442/2
f 523/934/2 64/116/2 453/442/2
f 1064/1036/2 1066/1039/2 249/441/2
f 1064/1036/2 1065/1038/2 1066/1039/2
f 1065/1038/2 115/932/2 1066/1039/2
f 350/1037/2 657/232/2 44/229/2
f 350/1037/2 1064/1036/2 657/232/2
f 1064/1036/2 249/441/2 657/232/2
f 1063/1034/8 450/461/8 246/460/8
f 1063/1034/8 524/927/8 450/461/8
f 524/927/8 65/109/8 450/461/8
f 1061/1031/8 1063/1034/8 246/460/8
f 1061/1031/8 1062/1033/8 1063/1034/8
f 1062/1033/8 116/925/8 1063/1034/8
f 349/1032/8 654/227/8 43/224/8
f 349/1032/8 1061/1031/8 654/227/8
f 1061/1031/8 246/460/8 654/227/8
f 1060/1029/8 447/480/8 243/479/8
f 1060/1029/8 525/920/8 447/480/8
f 525/920/8 66/102/8 447/480/8
f 1058/1027/8 1060/1029/8 243/479/8
f 1058/1027/8 1059/1028/8 1060/1029/8
f 1059/1028/8 117/918/8 1060/1029/8
f 335/956/8 651/222/8 29/141/8
f 335/956/8 1058/1027/8 651/222/8
f 1058/1027/8 243/479/8 651/222/8
f 1057/1026/2 444/499/2 240/498/2
f 1057/1026/2 526/913/2 444/499/2
f 526/913/2 67/95/2 444/499/2
f 1055/1024/2 1057/1026/2 240/498/2
f 1055/1024/2 1056/1025/2 1057/1026/2
f 1056/1025/2 118/911/2 1057/1026/2
f 342/961/2 648/219/2 36/148/2
f 342/961/2 1055/1024/2 648/219/2
f 1055/1024/2 240/498/2 648/219/2
f 1054/1023/8 441/518/8 237/517/8
f 1054/1023/8 527/906/8 441/518/8
f 527/906/8 68/88/8 441/518/8
f 1052/1020/8 1054/1023/8 237/517/8
f 1052/1020/8 1053/1022/8 1054/1023/8
f 1053/1022/8 119/904/8 1054/1023/8
f 353/1021/8 645/216/8 47/213/8
f 353/1021/8 1052/1020/8 645/216/8
f 1052/1020/8 237/517/8 645/216/8
f 1051/1018/8 438/537/8 234/536/8
f 1051/1018/8 528/899/8 438/537/8
f 528/899/8 69/81/8 438/537/8
f 1049/1015/8 1051/1018/8 234/536/8
f 1049/1015/8 1050/1017/8 1051/1018/8
f 1050/1017/8 120/897/8 1051/1018/8
f 339/1016/8 642/211/8 33/208/8
f 339/1016/8 1049/1015/8 642/211/8
f 1049/1015/8 234/536/8 642/211/8
f 1048/1013/2 435/556/2 231/555/2
f 1048/1013/2 529/892/2 435/556/2
f 529/892/2 70/74/2 435/556/2
f 1046/1010/2 1048/1013/2 231/555/2
f 1046/1010/2 1047/1012/2 1048/1013/2
f 1047/1012/2 121/890/2 1048/1013/2
f 346/1011/2 639/206/2 40/203/2
f 346/1011/2 1046/1010/2 639/206/2
f 1046/1010/2 231/555/2 639/206/2
f 1045/1008/1 432/575/1 228/574/1
f 1045/1008/1 509/1007/1 432/575/1
f 509/1007/1 50/200/1 432/575/1
f 1043/1004/1 1045/1008/1 228/574/1
f 1043/1004/1 1044/1005/1 1045/1008/1
f 1044/1005/1 101/1006/1 1045/1008/1
f 511/1002/1 636/199/1 52/195/1
f 511/1002/1 1043/1004/1 636/199/1
f 1043/1004/1 228/574/1 636/199/1
f 1042/1003/1 429/592/1 225/591/1
f 1042/1003/1 511/1002/1 429/592/1
f 511/1002/1 52/195/1 429/592/1
f 1040/998/1 1042/1003/1 225/591/1
f 1040/998/1 1041/1000/1 1042/1003/1
f 1041/1000/1 103/1001/1 1042/1003/1
f 512/999/1 633/194/1 53/191/1
f 512/999/1 1040/998/1 633/194/1
f 1040/998/1 225/591/1 633/194/1
f 1039/996/1 426/609/1 222/608/1
f 1039/996/1 496/995/1 426/609/1
f 496/995/1 37/188/1 426/609/1
f 1037/992/1 1039/996/1 222/608/1
f 1037/992/1 1038/993/1 1039/996/1
f 1038/993/1 88/994/1 1039/996/1
f 513/277/1 630/187/1 54/184/1
f 513/277/1 1037/992/1 630/187/1
f 1037/992/1 222/608/1 630/187/1
f 1036/991/2 423/627/2 219/626/2
f 1036/991/2 331/990/2 423/627/2
f 331/990/2 25/181/2 423/627/2
f 1034/986/2 1036/991/2 219/626/2
f 1034/986/2 1035/988/2 1036/991/2
f 1035/988/2 127/989/2 1036/991/2
f 514/987/2 627/180/2 55/177/2
f 514/987/2 1034/986/2 627/180/2
f 1034/986/2 219/626/2 627/180/2
f 1033/984/9 420/644/9 216/643/9
f 1033/984/9 333/983/9 420/644/9
f 333/983/9 27/174/9 420/644/9
f 1031/980/9 1033/984/9 216/643/9
f 1031/980/9 1032/981/9 1033/984/9
f 1032/981/9 129/982/9 1033/984/9
f 515/166/9 624/173/9 56/164/9
f 515/166/9 1031/980/9 624/173/9
f 1031/980/9 216/643/9 624/173/9
f 1030/979/10 417/662/10 213/661/10
f 1030/979/10 340/978/10 417/662/10
f 340/978/10 34/168/10 417/662/10
f 1028/975/10 1030/979/10 213/661/10
f 1028/975/10 1029/976/10 1030/979/10
f 1029/976/10 136/977/10 1030/979/10
f 362/172/10 621/167/10 56/164/10
f 362/172/10 1028/975/10 621/167/10
f 1028/975/10 213/661/10 621/167/10
f 1027/974/10 414/680/10 210/679/10
f 1027/974/10 328/973/10 414/680/10
f 328/973/10 22/161/10 414/680/10
f 1025/969/10 1027/974/10 210/679/10
f 1025/969/10 1026/971/10 1027/974/10
f 1026/971/10 124/972/10 1027/974/10
f 363/970/10 618/160/10 57/157/10
f 363/970/10 1025/969/10 618/160/10
f 1025/969/10 210/679/10 618/160/10
f 1024/967/11 411/699/11 207/698/11
f 1024/967/11 480/966/11 411/699/11
f 480/966/11 21/154/11 411/699/11
f 1022/963/11 1024/967/11 207/698/11
f 1022/963/11 1023/964/11 1024/967/11
f 1023/964/11 72/965/11 1024/967/11
f 518/146/11 615/153/11 59/144/11
f 518/146/11 1022/963/11 615/153/11
f 1022/963/11 207/698/11 615/153/11
f 1021/962/12 408/715/12 204/714/12
f 1021/962/12 342/961/12 408/715/12
f 342/961/12 36/148/12 408/715/12
f 1019/958/12 1021/962/12 204/714/12
f 1019/958/12 1020/959/12 1021/962/12
f 1020/959/12 138/960/12 1021/962/12
f 365/152/12 612/147/12 59/144/12
f 365/152/12 1019/958/12 612/147/12
f 1019/958/12 204/714/12 612/147/12
f 1018/957/12 405/731/12 201/730/12
f 1018/957/12 335/956/12 405/731/12
f 335/956/12 29/141/12 405/731/12
f 1016/952/12 1018/957/12 201/730/12
f 1016/952/12 1017/954/12 1018/957/12
f 1017/954/12 131/955/12 1018/957/12
f 366/953/12 609/140/12 60/137/12
f 366/953/12 1016/952/12 609/140/12
f 1016/952/12 201/730/12 609/140/12
f 1015/950/7 402/750/7 198/749/7
f 1015/950/7 510/949/7 402/750/7
f 510/949/7 51/134/7 402/750/7
f 1013/945/7 1015/950/7 198/749/7
f 1013/945/7 1014/947/7 1015/950/7
f 1014/947/7 102/948/7 1015/950/7
f 521/946/7 606/133/7 62/130/7
f 521/946/7 1013/945/7 606/133/7
f 1013/945/7 198/749/7 606/133/7
f 1012/943/7 399/766/7 195/765/7
f 1012/943/7 482/255/7 399/766/7
f 482/255/7 23/127/7 399/766/7
f 1010/940/7 1012/943/7 195/765/7
f 1010/940/7 1011/942/7 1012/943/7
f 1011/942/7 74/359/7 1012/943/7
f 522/941/7 603/126/7 63/123/7
f 522/941/7 1010/940/7 603/126/7
f 1010/940/7 195/765/7 603/126/7
f 1009/938/2 396/783/2 192/782/2
f 1009/938/2 336/937/2 396/783/2
f 336/937/2 30/120/2 396/783/2
f 1007/933/2 1009/938/2 192/782/2
f 1007/933/2 1008/935/2 1009/938/2
f 1008/935/2 132/936/2 1009/938/2
f 523/934/2 600/119/2 64/116/2
f 523/934/2 1007/933/2 600/119/2
f 1007/933/2 192/782/2 600/119/2
f 1006/931/8 393/800/8 189/799/8
f 1006/931/8 347/930/8 393/800/8
f 347/930/8 41/113/8 393/800/8
f 1004/926/8 1006/931/8 189/799/8
f 1004/926/8 1005/928/8 1006/931/8
f 1005/928/8 143/929/8 1006/931/8
f 524/927/8 597/112/8 65/109/8
f 524/927/8 1004/926/8 597/112/8
f 1004/926/8 189/799/8 597/112/8
f 1003/924/8 390/817/8 186/816/8
f 1003/924/8 348/923/8 390/817/8
f 348/923/8 42/106/8 390/817/8
f 1001/919/8 1003/924/8 186/816/8
f 1001/919/8 1002/921/8 1003/924/8
f 1002/921/8 144/922/8 1003/924/8
f 525/920/8 594/105/8 66/102/8
f 525/920/8 1001/919/8 594/105/8
f 1001/919/8 186/816/8 594/105/8
f 1000/917/2 387/834/2 183/833/2
f 1000/917/2 343/916/2 387/834/2
f 343/916/2 37/99/2 387/834/2
f 998/912/2 1000/917/2 183/833/2
f 998/912/2 999/914/2 1000/917/2
f 999/914/2 139/915/2 1000/917/2
f 526/913/2 591/98/2 67/95/2
f 526/913/2 998/912/2 591/98/2
f 998/912/2 183/833/2 591/98/2
f 997/910/8 384/851/8 180/850/8
f 997/910/8 351/909/8 384/851/8
f 351/909/8 45/92/8 384/851/8
f 995/905/8 997/910/8 180/850/8
f 995/905/8 996/907/8 997/910/8
f 996/907/8 147/908/8 997/910/8
f 527/906/8 588/91/8 68/88/8
f 527/906/8 995/905/8 588/91/8
f 995/905/8 180/850/8 588/91/8
f 994/903/8 381/868/8 177/867/8
f 994/903/8 352/902/8 381/868/8
f 352/902/8 46/85/8 381/868/8
f 992/898/8 994/903/8 177/867/8
f 992/898/8 993/900/8 994/903/8
f 993/900/8 148/901/8 994/903/8
f 528/899/8 585/84/8 69/81/8
f 528/899/8 992/898/8 585/84/8
f 992/898/8 177/867/8 585/84/8
f 991/896/2 378/885/2 174/884/2
f 991/896/2 341/895/2 378/885/2
f 341/895/2 35/78/2 378/885/2
f 989/891/2 991/896/2 174/884/2
f 989/891/2 990/893/2 991/896/2
f 990/893/2 137/894/2 991/896/2
f 529/892/2 582/77/2 70/74/2
f 529/892/2 989/891/2 582/77/2
f 989/891/2 174/884/2 582/77/2
f 988/889/2 507/273/2 99/312/2
f 988/889/2 377/882/2 507/273/2
f 377/882/2 48/271/2 507/273/2
f 986/887/2 988/889/2 99/312/2
f 986/887/2 987/888/2 988/889/2
f 987/888/2 173/880/2 988/889/2
f 580/549/2 303/314/2 19/37/2
f 580/549/2 986/887/2 303/314/2
f 986/887/2 99/312/2 303/314/2
f 985/886/2 379/80/2 175/873/2
f 985/886/2 378/885/2 379/80/2
f 378/885/2 35/78/2 379/80/2
f 983/881/2 985/886/2 175/873/2
f 983/881/2 984/883/2 985/886/2
f 984/883/2 174/884/2 985/886/2
f 377/882/2 583/875/2 48/271/2
f 377/882/2 983/881/2 583/875/2
f 983/881/2 175/873/2 583/875/2
f 982/879/2 558/6/2 150/1076/2
f 982/879/2 290/878/2 558/6/2
f 290/878/2 12/4/2 558/6/2
f 980/874/2 982/879/2 150/1076/2
f 980/874/2 981/876/2 982/879/2
f 981/876/2 86/877/2 982/879/2
f 583/875/2 354/1078/2 48/271/2
f 583/875/2 980/874/2 354/1078/2
f 980/874/2 150/1076/2 354/1078/2
f 979/872/8 506/215/8 98/520/8
f 979/872/8 380/865/8 506/215/8
f 380/865/8 47/213/8 506/215/8
f 977/870/8 979/872/8 98/520/8
f 977/870/8 978/871/8 979/872/8
f 978/871/8 176/863/8 979/872/8
f 579/530/8 302/522/8 15/1084/8
f 579/530/8 977/870/8 302/522/8
f 977/870/8 98/520/8 302/522/8
f 976/869/8 382/87/8 178/856/8
f 976/869/8 381/868/8 382/87/8
f 381/868/8 46/85/8 382/87/8
f 974/864/8 976/869/8 178/856/8
f 974/864/8 975/866/8 976/869/8
f 975/866/8 177/867/8 976/869/8
f 380/865/8 586/858/8 47/213/8
f 380/865/8 974/864/8 586/858/8
f 974/864/8 178/856/8 586/858/8
f 973/862/8 557/39/8 149/1019/8
f 973/862/8 301/861/8 557/39/8
f 301/861/8 19/37/8 557/39/8
f 971/857/8 973/862/8 149/1019/8
f 971/857/8 972/859/8 973/862/8
f 972/859/8 97/860/8 973/862/8
f 586/858/8 353/1021/8 47/213/8
f 586/858/8 971/857/8 353/1021/8
f 971/857/8 149/1019/8 353/1021/8
f 970/855/8 340/1085/8 136/1086/8
f 970/855/8 383/848/8 340/1085/8
f 383/848/8 34/1087/8 340/1085/8
f 968/853/8 970/855/8 136/1086/8
f 968/853/8 969/854/8 970/855/8
f 969/854/8 179/846/8 970/855/8
f 578/511/8 544/1088/8 7/1089/8
f 578/511/8 968/853/8 544/1088/8
f 968/853/8 136/1086/8 544/1088/8
f 967/852/8 385/94/8 181/839/8
f 967/852/8 384/851/8 385/94/8
f 384/851/8 45/92/8 385/94/8
f 965/847/8 967/852/8 181/839/8
f 965/847/8 966/849/8 967/852/8
f 966/849/8 180/850/8 967/852/8
f 383/848/8 589/841/8 34/1087/8
f 383/848/8 965/847/8 589/841/8
f 965/847/8 181/839/8 589/841/8
f 964/845/8 289/1090/8 85/1091/8
f 964/845/8 300/844/8 289/1090/8
f 300/844/8 11/1092/8 289/1090/8
f 962/840/8 964/845/8 85/1091/8
f 962/840/8 963/842/8 964/845/8
f 963/842/8 96/843/8 964/845/8
f 589/841/8 493/1093/8 34/1087/8
f 589/841/8 962/840/8 493/1093/8
f 962/840/8 85/1091/8 493/1093/8
f 961/838/2 503/231/2 95/444/2
f 961/838/2 386/831/2 503/231/2
f 386/831/2 44/229/2 503/231/2
f 959/836/2 961/838/2 95/444/2
f 959/836/2 960/837/2 961/838/2
f 960/837/2 182/829/2 961/838/2
f 577/492/2 299/446/2 18/28/2
f 577/492/2 959/836/2 299/446/2
f 959/836/2 95/444/2 299/446/2
f 958/835/2 388/101/2 184/822/2
f 958/835/2 387/834/2 388/101/2
f 387/834/2 37/99/2 388/101/2
f 956/830/2 958/835/2 184/822/2
f 956/830/2 957/832/2 958/835/2
f 957/832/2 183/833/2 958/835/2
f 386/831/2 592/824/2 44/229/2
f 386/831/2 956/830/2 592/824/2
f 956/830/2 184/822/2 592/824/2
f 955/828/2 554/27/2 146/1035/2
f 955/828/2 292/827/2 554/27/2
f 292/827/2 14/25/2 554/27/2
f 953/823/2 955/828/2 146/1035/2
f 953/823/2 954/825/2 955/828/2
f 954/825/2 88/826/2 955/828/2
f 592/824/2 350/1037/2 44/229/2
f 592/824/2 953/823/2 350/1037/2
f 953/823/2 146/1035/2 350/1037/2
f 952/821/8 502/226/8 94/463/8
f 952/821/8 389/814/8 502/226/8
f 389/814/8 43/224/8 502/226/8
f 950/819/8 952/821/8 94/463/8
f 950/819/8 951/820/8 952/821/8
f 951/820/8 185/812/8 952/821/8
f 576/473/8 298/465/8 16/1094/8
f 576/473/8 950/819/8 298/465/8
f 950/819/8 94/463/8 298/465/8
f 949/818/8 391/108/8 187/805/8
f 949/818/8 390/817/8 391/108/8
f 390/817/8 42/106/8 391/108/8
f 947/813/8 949/818/8 187/805/8
f 947/813/8 948/815/8 949/818/8
f 948/815/8 186/816/8 949/818/8
f 389/814/8 595/807/8 43/224/8
f 389/814/8 947/813/8 595/807/8
f 947/813/8 187/805/8 595/807/8
f 946/811/8 553/30/8 145/1030/8
f 946/811/8 297/810/8 553/30/8
f 297/810/8 18/28/8 553/30/8
f 944/806/8 946/811/8 145/1030/8
f 944/806/8 945/808/8 946/811/8
f 945/808/8 93/809/8 946/811/8
f 595/807/8 349/1032/8 43/224/8
f 595/807/8 944/806/8 349/1032/8
f 944/806/8 145/1030/8 349/1032/8
f 943/804/8 492/210/8 84/539/8
f 943/804/8 392/797/8 492/210/8
f 392/797/8 33/208/8 492/210/8
f 941/802/8 943/804/8 84/539/8
f 941/802/8 942/803/8 943/804/8
f 942/803/8 188/795/8 943/804/8
f 575/454/8 288/541/8 10/1095/8
f 575/454/8 941/802/8 288/541/8
f 941/802/8 84/539/8 288/541/8
f 940/801/8 394/115/8 190/788/8
f 940/801/8 393/800/8 394/115/8
f 393/800/8 41/113/8 394/115/8
f 938/796/8 940/801/8 190/788/8
f 938/796/8 939/798/8 940/801/8
f 939/798/8 189/799/8 940/801/8
f 392/797/8 598/790/8 33/208/8
f 392/797/8 938/796/8 598/790/8
f 938/796/8 190/788/8 598/790/8
f 937/794/8 543/42/8 135/1014/8
f 937/794/8 296/793/8 543/42/8
f 296/793/8 17/40/8 543/42/8
f 935/789/8 937/794/8 135/1014/8
f 935/789/8 936/791/8 937/794/8
f 936/791/8 92/792/8 937/794/8
f 598/790/8 339/1016/8 33/208/8
f 598/790/8 935/789/8 339/1016/8
f 935/789/8 135/1014/8 339/1016/8
f 934/787/2 499/205/2 91/558/2
f 934/787/2 395/780/2 499/205/2
f 395/780/2 40/203/2 499/205/2
f 932/785/2 934/787/2 91/558/2
f 932/785/2 933/786/2 934/787/2
f 933/786/2 191/778/2 934/787/2
f 574/435/2 295/560/2 17/40/2
f 574/435/2 932/785/2 295/560/2
f 932/785/2 91/558/2 295/560/2
f 931/784/2 397/122/2 193/771/2
f 931/784/2 396/783/2 397/122/2
f 396/783/2 30/120/2 397/122/2
f 929/779/2 931/784/2 193/771/2
f 929/779/2 930/781/2 931/784/2
f 930/781/2 192/782/2 931/784/2
f 395/780/2 601/773/2 40/203/2
f 395/780/2 929/779/2 601/773/2
f 929/779/2 193/771/2 601/773/2
f 928/777/2 550/45/2 142/1009/2
f 928/777/2 285/776/2 550/45/2
f 285/776/2 9/43/2 550/45/2
f 926/772/2 928/777/2 142/1009/2
f 926/772/2 927/774/2 928/777/2
f 927/774/2 81/775/2 928/777/2
f 601/773/2 346/1011/2 40/203/2
f 601/773/2 926/772/2 346/1011/2
f 926/772/2 142/1009/2 346/1011/2
f 925/770/7 498/1096/7 90/1097/7
f 925/770/7 398/763/7 498/1096/7
f 398/763/7 39/1098/7 498/1096/7
f 923/768/7 925/770/7 90/1097/7
f 923/768/7 924/769/7 925/770/7
f 924/769/7 194/761/7 925/770/7
f 573/416/7 294/1099/7 16/1094/7
f 573/416/7 923/768/7 294/1099/7
f 923/768/7 90/1097/7 294/1099/7
f 922/767/7 400/129/7 196/755/7
f 922/767/7 399/766/7 400/129/7
f 399/766/7 23/127/7 400/129/7
f 920/762/7 922/767/7 196/755/7
f 920/762/7 921/764/7 922/767/7
f 921/764/7 195/765/7 922/767/7
f 398/763/7 604/757/7 39/1098/7
f 398/763/7 920/762/7 604/757/7
f 920/762/7 196/755/7 604/757/7
f 919/760/7 549/1100/7 141/1101/7
f 919/760/7 533/14/7 549/1100/7
f 533/14/7 8/13/7 549/1100/7
f 917/756/7 919/760/7 141/1101/7
f 917/756/7 918/758/7 919/760/7
f 918/758/7 125/759/7 919/760/7
f 604/757/7 345/1102/7 39/1098/7
f 604/757/7 917/756/7 345/1102/7
f 917/756/7 141/1101/7 345/1102/7
f 916/754/7 497/1103/7 89/1104/7
f 916/754/7 401/747/7 497/1103/7
f 401/747/7 38/1105/7 497/1103/7
f 914/752/7 916/754/7 89/1104/7
f 914/752/7 915/753/7 916/754/7
f 915/753/7 197/745/7 916/754/7
f 572/397/7 293/1106/7 15/1084/7
f 572/397/7 914/752/7 293/1106/7
f 914/752/7 89/1104/7 293/1106/7
f 913/751/7 403/136/7 199/738/7
f 913/751/7 402/750/7 403/136/7
f 402/750/7 51/134/7 403/136/7
f 911/746/7 913/751/7 199/738/7
f 911/746/7 912/748/7 913/751/7
f 912/748/7 198/749/7 913/751/7
f 401/747/7 607/740/7 38/1105/7
f 401/747/7 911/746/7 607/740/7
f 911/746/7 199/738/7 607/740/7
f 910/744/7 548/1107/7 140/1108/7
f 910/744/7 561/743/7 548/1107/7
f 561/743/7 10/1095/7 548/1107/7
f 908/739/7 910/744/7 140/1108/7
f 908/739/7 909/741/7 910/744/7
f 909/741/7 153/742/7 910/744/7
f 607/740/7 344/1109/7 38/1105/7
f 607/740/7 908/739/7 344/1109/7
f 908/739/7 140/1108/7 344/1109/7
f 907/737/12 520/253/12 112/368/12
f 907/737/12 404/728/12 520/253/12
f 404/728/12 61/251/12 520/253/12
f 905/734/12 907/737/12 112/368/12
f 905/734/12 906/736/12 907/737/12
f 906/736/12 200/726/12 907/737/12
f 315/735/12 316/370/12 2/60/12
f 315/735/12 905/734/12 316/370/12
f 905/734/12 112/368/12 316/370/12
f 904/732/12 406/143/12 202/721/12
f 904/732/12 405/731/12 406/143/12
f 405/731/12 29/141/12 406/143/12
f 902/727/12 904/732/12 202/721/12
f 902/727/12 903/729/12 904/732/12
f 903/729/12 201/730/12 904/732/12
f 404/728/12 610/723/12 61/251/12
f 404/728/12 902/727/12 610/723/12
f 902/727/12 202/721/12 610/723/12
f 901/725/12 571/15/12 163/1057/12
f 901/725/12 284/484/12 571/15/12
f 284/484/12 8/13/12 571/15/12
f 899/722/12 901/725/12 163/1057/12
f 899/722/12 900/724/12 901/725/12
f 900/724/12 80/482/12 901/725/12
f 610/723/12 367/1059/12 61/251/12
f 610/723/12 899/722/12 367/1059/12
f 899/722/12 163/1057/12 367/1059/12
f 898/720/12 519/139/12 111/733/12
f 898/720/12 407/712/12 519/139/12
f 407/712/12 60/137/12 519/139/12
f 896/718/12 898/720/12 111/733/12
f 896/718/12 897/719/12 898/720/12
f 897/719/12 203/710/12 898/720/12
f 314/62/12 315/735/12 2/60/12
f 314/62/12 896/718/12 315/735/12
f 896/718/12 111/733/12 315/735/12
f 895/716/12 409/150/12 205/705/12
f 895/716/12 408/715/12 409/150/12
f 408/715/12 36/148/12 409/150/12
f 893/711/12 895/716/12 205/705/12
f 893/711/12 894/713/12 895/716/12
f 894/713/12 204/714/12 895/716/12
f 407/712/12 613/707/12 60/137/12
f 407/712/12 893/711/12 613/707/12
f 893/711/12 205/705/12 613/707/12
f 892/709/12 570/64/12 162/951/12
f 892/709/12 291/503/12 570/64/12
f 291/503/12 13/31/12 570/64/12
f 890/706/12 892/709/12 162/951/12
f 890/706/12 891/708/12 892/709/12
f 891/708/12 87/501/12 892/709/12
f 613/707/12 366/953/12 60/137/12
f 613/707/12 890/706/12 366/953/12
f 890/706/12 162/951/12 366/953/12
f 889/704/11 485/1110/11 77/1111/11
f 889/704/11 410/696/11 485/1110/11
f 410/696/11 26/1112/11 485/1110/11
f 887/702/11 889/704/11 77/1111/11
f 887/702/11 888/703/11 889/704/11
f 888/703/11 206/694/11 889/704/11
f 569/63/11 281/1113/11 3/34/11
f 569/63/11 887/702/11 281/1113/11
f 887/702/11 77/1111/11 281/1113/11
f 886/700/11 412/156/11 208/687/11
f 886/700/11 411/699/11 412/156/11
f 411/699/11 21/154/11 412/156/11
f 884/695/11 886/700/11 208/687/11
f 884/695/11 885/697/11 886/700/11
f 885/697/11 207/698/11 886/700/11
f 410/696/11 616/689/11 26/1112/11
f 410/696/11 884/695/11 616/689/11
f 884/695/11 208/687/11 616/689/11
f 883/693/11 536/1114/11 128/1115/11
f 883/693/11 531/692/11 536/1114/11
f 531/692/11 1/1116/11 536/1114/11
f 881/688/11 883/693/11 128/1115/11
f 881/688/11 882/690/11 883/693/11
f 882/690/11 123/691/11 883/693/11
f 616/689/11 332/1117/11 26/1112/11
f 616/689/11 881/688/11 332/1117/11
f 881/688/11 128/1115/11 332/1117/11
f 880/686/10 517/266/10 109/331/10
f 880/686/10 413/677/10 517/266/10
f 413/677/10 58/264/10 517/266/10
f 878/683/10 880/686/10 109/331/10
f 878/683/10 879/685/10 880/686/10
f 879/685/10 209/675/10 880/686/10
f 312/684/10 313/333/10 5/16/10
f 312/684/10 878/683/10 313/333/10
f 878/683/10 109/331/10 313/333/10
f 877/681/10 415/163/10 211/668/10
f 877/681/10 414/680/10 415/163/10
f 414/680/10 22/161/10 415/163/10
f 875/676/10 877/681/10 211/668/10
f 875/676/10 876/678/10 877/681/10
f 876/678/10 210/679/10 877/681/10
f 413/677/10 619/670/10 58/264/10
f 413/677/10 875/676/10 619/670/10
f 875/676/10 211/668/10 619/670/10
f 874/674/10 568/9/10 160/1069/10
f 874/674/10 277/673/10 568/9/10
f 277/673/10 6/7/10 568/9/10
f 872/669/10 874/674/10 160/1069/10
f 872/669/10 873/671/10 874/674/10
f 873/671/10 73/672/10 874/674/10
f 619/670/10 364/1071/10 58/264/10
f 619/670/10 872/669/10 364/1071/10
f 872/669/10 160/1069/10 364/1071/10
f 871/667/10 516/159/10 108/682/10
f 871/667/10 416/659/10 516/159/10
f 416/659/10 57/157/10 516/159/10
f 869/665/10 871/667/10 108/682/10
f 869/665/10 870/666/10 871/667/10
f 870/666/10 212/657/10 871/667/10
f 311/53/10 312/684/10 5/16/10
f 311/53/10 869/665/10 312/684/10
f 869/665/10 108/682/10 312/684/10
f 868/663/10 418/170/10 214/650/10
f 868/663/10 417/662/10 418/170/10
f 417/662/10 34/168/10 418/170/10
f 866/658/10 868/663/10 214/650/10
f 866/658/10 867/660/10 868/663/10
f 867/660/10 213/661/10 868/663/10
f 416/659/10 622/652/10 57/157/10
f 416/659/10 866/658/10 622/652/10
f 866/658/10 214/650/10 622/652/10
f 865/656/10 567/59/10 159/968/10
f 865/656/10 289/655/10 567/59/10
f 289/655/10 11/57/10 567/59/10
f 863/651/10 865/656/10 159/968/10
f 863/651/10 864/653/10 865/656/10
f 864/653/10 85/654/10 865/656/10
f 622/652/10 363/970/10 57/157/10
f 622/652/10 863/651/10 363/970/10
f 863/651/10 159/968/10 363/970/10
f 862/649/9 483/1118/9 75/1119/9
f 862/649/9 419/641/9 483/1118/9
f 419/641/9 24/1120/9 483/1118/9
f 860/647/9 862/649/9 75/1119/9
f 860/647/9 861/648/9 862/649/9
f 861/648/9 215/639/9 862/649/9
f 566/56/9 279/1121/9 7/54/9
f 566/56/9 860/647/9 279/1121/9
f 860/647/9 75/1119/9 279/1121/9
f 859/645/9 421/176/9 217/632/9
f 859/645/9 420/644/9 421/176/9
f 420/644/9 27/174/9 421/176/9
f 857/640/9 859/645/9 217/632/9
f 857/640/9 858/642/9 859/645/9
f 858/642/9 216/643/9 859/645/9
f 419/641/9 625/634/9 24/1120/9
f 419/641/9 857/640/9 625/634/9
f 857/640/9 217/632/9 625/634/9
f 856/638/9 534/1122/9 126/1123/9
f 856/638/9 282/637/9 534/1122/9
f 282/637/9 4/1124/9 534/1122/9
f 854/633/9 856/638/9 126/1123/9
f 854/633/9 855/635/9 856/638/9
f 855/635/9 78/636/9 856/638/9
f 625/634/9 330/1125/9 24/1120/9
f 625/634/9 854/633/9 330/1125/9
f 854/633/9 126/1123/9 330/1125/9
f 853/631/2 328/1126/2 124/1127/2
f 853/631/2 422/624/2 328/1126/2
f 422/624/2 22/1128/2 328/1126/2
f 851/629/2 853/631/2 124/1127/2
f 851/629/2 852/630/2 853/631/2
f 852/630/2 218/622/2 853/631/2
f 565/303/2 532/1129/2 11/1092/2
f 565/303/2 851/629/2 532/1129/2
f 851/629/2 124/1127/2 532/1129/2
f 850/628/2 424/183/2 220/615/2
f 850/628/2 423/627/2 424/183/2
f 423/627/2 25/181/2 424/183/2
f 848/623/2 850/628/2 220/615/2
f 848/623/2 849/625/2 850/628/2
f 849/625/2 219/626/2 850/628/2
f 422/624/2 628/617/2 22/1128/2
f 422/624/2 848/623/2 628/617/2
f 848/623/2 220/615/2 628/617/2
f 847/621/2 277/1130/2 73/1131/2
f 847/621/2 280/620/2 277/1130/2
f 280/620/2 6/1132/2 277/1130/2
f 845/616/2 847/621/2 73/1131/2
f 845/616/2 846/618/2 847/621/2
f 846/618/2 76/619/2 847/621/2
f 628/617/2 481/1133/2 22/1128/2
f 628/617/2 845/616/2 481/1133/2
f 845/616/2 73/1131/2 481/1133/2
f 844/614/1 332/1134/1 128/1135/1
f 844/614/1 425/606/1 332/1134/1
f 425/606/1 26/1136/1 332/1134/1
f 842/612/1 844/614/1 128/1135/1
f 842/612/1 843/613/1 844/614/1
f 843/613/1 221/604/1 844/614/1
f 564/3/1 536/1137/1 1/1/1
f 564/3/1 842/612/1 536/1137/1
f 842/612/1 128/1135/1 536/1137/1
f 841/610/1 427/190/1 223/597/1
f 841/610/1 426/609/1 427/190/1
f 426/609/1 37/188/1 427/190/1
f 839/605/1 841/610/1 223/597/1
f 839/605/1 840/607/1 841/610/1
f 840/607/1 222/608/1 841/610/1
f 425/606/1 631/599/1 26/1136/1
f 425/606/1 839/605/1 631/599/1
f 839/605/1 223/597/1 631/599/1
f 838/603/1 281/1138/1 77/1139/1
f 838/603/1 547/602/1 281/1138/1
f 547/602/1 3/34/1 281/1138/1
f 836/598/1 838/603/1 77/1139/1
f 836/598/1 837/600/1 838/603/1
f 837/600/1 139/601/1 838/603/1
f 631/599/1 485/1140/1 26/1136/1
f 631/599/1 836/598/1 485/1140/1
f 836/598/1 77/1139/1 485/1140/1
f 835/596/1 341/1141/1 137/1142/1
f 835/596/1 428/589/1 341/1141/1
f 428/589/1 35/1143/1 341/1141/1
f 833/594/1 835/596/1 137/1142/1
f 833/594/1 834/595/1 835/596/1
f 834/595/1 224/587/1 835/596/1
f 563/285/1 545/1144/1 9/1145/1
f 563/285/1 833/594/1 545/1144/1
f 833/594/1 137/1142/1 545/1144/1
f 832/593/1 430/197/1 226/582/1
f 832/593/1 429/592/1 430/197/1
f 429/592/1 52/195/1 430/197/1
f 830/588/1 832/593/1 226/582/1
f 830/588/1 831/590/1 832/593/1
f 831/590/1 225/591/1 832/593/1
f 428/589/1 634/584/1 35/1143/1
f 428/589/1 830/588/1 634/584/1
f 830/588/1 226/582/1 634/584/1
f 829/586/1 290/1146/1 86/1147/1
f 829/586/1 562/579/1 290/1146/1
f 562/579/1 12/1148/1 290/1146/1
f 827/583/1 829/586/1 86/1147/1
f 827/583/1 828/585/1 829/586/1
f 828/585/1 154/577/1 829/586/1
f 634/584/1 494/1149/1 35/1143/1
f 634/584/1 827/583/1 494/1149/1
f 827/583/1 86/1147/1 494/1149/1
f 826/581/1 331/1150/1 127/1151/1
f 826/581/1 431/572/1 331/1150/1
f 431/572/1 25/1152/1 331/1150/1
f 824/578/1 826/581/1 127/1151/1
f 824/578/1 825/580/1 826/581/1
f 825/580/1 227/570/1 826/581/1
f 562/579/1 535/1153/1 12/1148/1
f 562/579/1 824/578/1 535/1153/1
f 824/578/1 127/1151/1 535/1153/1
f 823/576/1 433/202/1 229/563/1
f 823/576/1 432/575/1 433/202/1
f 432/575/1 50/200/1 433/202/1
f 821/571/1 823/576/1 229/563/1
f 821/571/1 822/573/1 823/576/1
f 822/573/1 228/574/1 823/576/1
f 431/572/1 637/565/1 25/1152/1
f 431/572/1 821/571/1 637/565/1
f 821/571/1 229/563/1 637/565/1
f 820/569/1 280/1154/1 76/1155/1
f 820/569/1 560/568/1 280/1154/1
f 560/568/1 6/1156/1 280/1154/1
f 818/564/1 820/569/1 76/1155/1
f 818/564/1 819/566/1 820/569/1
f 819/566/1 152/567/1 820/569/1
f 637/565/1 484/1157/1 25/1152/1
f 637/565/1 818/564/1 484/1157/1
f 818/564/1 76/1155/1 484/1157/1
f 817/562/2 352/902/2 148/901/2
f 817/562/2 434/553/2 352/902/2
f 434/553/2 46/85/2 352/902/2
f 815/559/2 817/562/2 148/901/2
f 815/559/2 816/561/2 817/562/2
f 816/561/2 230/551/2 817/562/2
f 295/560/2 556/72/2 17/40/2
f 295/560/2 815/559/2 556/72/2
f 815/559/2 148/901/2 556/72/2
f 814/557/2 436/207/2 232/544/2
f 814/557/2 435/556/2 436/207/2
f 435/556/2 70/74/2 436/207/2
f 812/552/2 814/557/2 232/544/2
f 812/552/2 813/554/2 814/557/2
f 813/554/2 231/555/2 814/557/2
f 434/553/2 640/546/2 46/85/2
f 434/553/2 812/552/2 640/546/2
f 812/552/2 232/544/2 640/546/2
f 811/550/2 301/861/2 97/860/2
f 811/550/2 580/549/2 301/861/2
f 580/549/2 19/37/2 301/861/2
f 809/545/2 811/550/2 97/860/2
f 809/545/2 810/547/2 811/550/2
f 810/547/2 172/548/2 811/550/2
f 640/546/2 505/86/2 46/85/2
f 640/546/2 809/545/2 505/86/2
f 809/545/2 97/860/2 505/86/2
f 808/543/8 344/1109/8 140/1108/8
f 808/543/8 437/534/8 344/1109/8
f 437/534/8 38/1105/8 344/1109/8
f 806/540/8 808/543/8 140/1108/8
f 806/540/8 807/542/8 808/543/8
f 807/542/8 233/532/8 808/543/8
f 288/541/8 548/1107/8 10/1095/8
f 288/541/8 806/540/8 548/1107/8
f 806/540/8 140/1108/8 548/1107/8
f 805/538/8 439/212/8 235/525/8
f 805/538/8 438/537/8 439/212/8
f 438/537/8 69/81/8 439/212/8
f 803/533/8 805/538/8 235/525/8
f 803/533/8 804/535/8 805/538/8
f 804/535/8 234/536/8 805/538/8
f 437/534/8 643/527/8 38/1105/8
f 437/534/8 803/533/8 643/527/8
f 803/533/8 235/525/8 643/527/8
f 802/531/8 293/1106/8 89/1104/8
f 802/531/8 579/530/8 293/1106/8
f 579/530/8 15/1084/8 293/1106/8
f 800/526/8 802/531/8 89/1104/8
f 800/526/8 801/528/8 802/531/8
f 801/528/8 171/529/8 802/531/8
f 643/527/8 497/1103/8 38/1105/8
f 643/527/8 800/526/8 497/1103/8
f 800/526/8 89/1104/8 497/1103/8
f 799/524/8 337/1158/8 133/1159/8
f 799/524/8 440/515/8 337/1158/8
f 440/515/8 31/1160/8 337/1158/8
f 797/521/8 799/524/8 133/1159/8
f 797/521/8 798/523/8 799/524/8
f 798/523/8 236/513/8 799/524/8
f 302/522/8 541/1161/8 15/1084/8
f 302/522/8 797/521/8 541/1161/8
f 797/521/8 133/1159/8 541/1161/8
f 796/519/8 442/217/8 238/506/8
f 796/519/8 441/518/8 442/217/8
f 441/518/8 68/88/8 442/217/8
f 794/514/8 796/519/8 238/506/8
f 794/514/8 795/516/8 796/519/8
f 795/516/8 237/517/8 796/519/8
f 440/515/8 646/508/8 31/1160/8
f 440/515/8 794/514/8 646/508/8
f 794/514/8 238/506/8 646/508/8
f 793/512/8 286/1162/8 82/1163/8
f 793/512/8 578/511/8 286/1162/8
f 578/511/8 7/1089/8 286/1162/8
f 791/507/8 793/512/8 82/1163/8
f 791/507/8 792/509/8 793/512/8
f 792/509/8 170/510/8 793/512/8
f 646/508/8 490/1164/8 31/1160/8
f 646/508/8 791/507/8 490/1164/8
f 791/507/8 82/1163/8 490/1164/8
f 790/505/2 348/923/2 144/922/2
f 790/505/2 443/496/2 348/923/2
f 443/496/2 42/106/2 348/923/2
f 788/502/2 790/505/2 144/922/2
f 788/502/2 789/504/2 790/505/2
f 789/504/2 239/494/2 790/505/2
f 291/503/2 552/69/2 13/31/2
f 291/503/2 788/502/2 552/69/2
f 788/502/2 144/922/2 552/69/2
f 787/500/2 445/220/2 241/487/2
f 787/500/2 444/499/2 445/220/2
f 444/499/2 67/95/2 445/220/2
f 785/495/2 787/500/2 241/487/2
f 785/495/2 786/497/2 787/500/2
f 786/497/2 240/498/2 787/500/2
f 443/496/2 649/489/2 42/106/2
f 443/496/2 785/495/2 649/489/2
f 785/495/2 241/487/2 649/489/2
f 784/493/2 297/810/2 93/809/2
f 784/493/2 577/492/2 297/810/2
f 577/492/2 18/28/2 297/810/2
f 782/488/2 784/493/2 93/809/2
f 782/488/2 783/490/2 784/493/2
f 783/490/2 169/491/2 784/493/2
f 649/489/2 501/107/2 42/106/2
f 649/489/2 782/488/2 501/107/2
f 782/488/2 93/809/2 501/107/2
f 781/486/8 345/1102/8 141/1101/8
f 781/486/8 446/477/8 345/1102/8
f 446/477/8 39/1098/8 345/1102/8
f 779/483/8 781/486/8 141/1101/8
f 779/483/8 780/485/8 781/486/8
f 780/485/8 242/475/8 781/486/8
f 284/484/8 549/1100/8 8/13/8
f 284/484/8 779/483/8 549/1100/8
f 779/483/8 141/1101/8 549/1100/8
f 778/481/8 448/223/8 244/468/8
f 778/481/8 447/480/8 448/223/8
f 447/480/8 66/102/8 448/223/8
f 776/476/8 778/481/8 244/468/8
f 776/476/8 777/478/8 778/481/8
f 777/478/8 243/479/8 778/481/8
f 446/477/8 652/470/8 39/1098/8
f 446/477/8 776/476/8 652/470/8
f 776/476/8 244/468/8 652/470/8
f 775/474/8 294/1099/8 90/1097/8
f 775/474/8 576/473/8 294/1099/8
f 576/473/8 16/1094/8 294/1099/8
f 773/469/8 775/474/8 90/1097/8
f 773/469/8 774/471/8 775/474/8
f 774/471/8 168/472/8 775/474/8
f 652/470/8 498/1096/8 39/1098/8
f 652/470/8 773/469/8 498/1096/8
f 773/469/8 90/1097/8 498/1096/8
f 772/467/8 338/1165/8 134/1166/8
f 772/467/8 449/458/8 338/1165/8
f 449/458/8 32/1167/8 338/1165/8
f 770/464/8 772/467/8 134/1166/8
f 770/464/8 771/466/8 772/467/8
f 771/466/8 245/456/8 772/467/8
f 298/465/8 542/1168/8 16/1094/8
f 298/465/8 770/464/8 542/1168/8
f 770/464/8 134/1166/8 542/1168/8
f 769/462/8 451/228/8 247/449/8
f 769/462/8 450/461/8 451/228/8
f 450/461/8 65/109/8 451/228/8
f 767/457/8 769/462/8 247/449/8
f 767/457/8 768/459/8 769/462/8
f 768/459/8 246/460/8 769/462/8
f 449/458/8 655/451/8 32/1167/8
f 449/458/8 767/457/8 655/451/8
f 767/457/8 247/449/8 655/451/8
f 766/455/8 287/1169/8 83/1170/8
f 766/455/8 575/454/8 287/1169/8
f 575/454/8 10/1095/8 287/1169/8
f 764/450/8 766/455/8 83/1170/8
f 764/450/8 765/452/8 766/455/8
f 765/452/8 167/453/8 766/455/8
f 655/451/8 491/1171/8 32/1167/8
f 655/451/8 764/450/8 491/1171/8
f 764/450/8 83/1170/8 491/1171/8
f 763/448/2 347/930/2 143/929/2
f 763/448/2 452/439/2 347/930/2
f 452/439/2 41/113/2 347/930/2
f 761/445/2 763/448/2 143/929/2
f 761/445/2 762/447/2 763/448/2
f 762/447/2 248/437/2 763/448/2
f 299/446/2 551/68/2 18/28/2
f 299/446/2 761/445/2 551/68/2
f 761/445/2 143/929/2 551/68/2
f 760/443/2 454/233/2 250/430/2
f 760/443/2 453/442/2 454/233/2
f 453/442/2 64/116/2 454/233/2
f 758/438/2 760/443/2 250/430/2
f 758/438/2 759/440/2 760/443/2
f 759/440/2 249/441/2 760/443/2
f 452/439/2 658/432/2 41/113/2
f 452/439/2 758/438/2 658/432/2
f 758/438/2 250/430/2 658/432/2
f 757/436/2 296/793/2 92/792/2
f 757/436/2 574/435/2 296/793/2
f 574/435/2 17/40/2 296/793/2
f 755/431/2 757/436/2 92/792/2
f 755/431/2 756/433/2 757/436/2
f 756/433/2 166/434/2 757/436/2
f 658/432/2 500/114/2 41/113/2
f 658/432/2 755/431/2 500/114/2
f 755/431/2 92/792/2 500/114/2
f 754/429/7 491/1171/7 83/1170/7
f 754/429/7 455/420/7 491/1171/7
f 455/420/7 32/1167/7 491/1171/7
f 752/426/7 754/429/7 83/1170/7
f 752/426/7 753/428/7 754/429/7
f 753/428/7 251/418/7 754/429/7
f 561/427/7 287/1169/7 10/1095/7
f 561/427/7 752/426/7 287/1169/7
f 752/426/7 83/1170/7 287/1169/7
f 751/424/7 457/238/7 253/411/7
f 751/424/7 456/423/7 457/238/7
f 456/423/7 63/123/7 457/238/7
f 749/419/7 751/424/7 253/411/7
f 749/419/7 750/421/7 751/424/7
f 750/421/7 252/422/7 751/424/7
f 455/420/7 661/413/7 32/1167/7
f 455/420/7 749/419/7 661/413/7
f 749/419/7 253/411/7 661/413/7
f 748/417/7 542/1168/7 134/1166/7
f 748/417/7 573/416/7 542/1168/7
f 573/416/7 16/1094/7 542/1168/7
f 746/412/7 748/417/7 134/1166/7
f 746/412/7 747/414/7 748/417/7
f 747/414/7 165/415/7 748/417/7
f 661/413/7 338/1165/7 32/1167/7
f 661/413/7 746/412/7 338/1165/7
f 746/412/7 134/1166/7 338/1165/7
f 745/410/7 490/1164/7 82/1163/7
f 745/410/7 458/401/7 490/1164/7
f 458/401/7 31/1160/7 490/1164/7
f 743/407/7 745/410/7 82/1163/7
f 743/407/7 744/409/7 745/410/7
f 744/409/7 254/399/7 745/410/7
f 279/408/7 286/1162/7 7/1089/7
f 279/408/7 743/407/7 286/1162/7
f 743/407/7 82/1163/7 286/1162/7
f 742/405/7 460/243/7 256/392/7
f 742/405/7 459/404/7 460/243/7
f 459/404/7 62/130/7 460/243/7
f 740/400/7 742/405/7 256/392/7
f 740/400/7 741/402/7 742/405/7
f 741/402/7 255/403/7 742/405/7
f 458/401/7 664/394/7 31/1160/7
f 458/401/7 740/400/7 664/394/7
f 740/400/7 256/392/7 664/394/7
f 739/398/7 541/1161/7 133/1159/7
f 739/398/7 572/397/7 541/1161/7
f 572/397/7 15/1084/7 541/1161/7
f 737/393/7 739/398/7 133/1159/7
f 737/393/7 738/395/7 739/398/7
f 738/395/7 164/396/7 739/398/7
f 664/394/7 337/1158/7 31/1160/7
f 664/394/7 737/393/7 337/1158/7
f 737/393/7 133/1159/7 337/1158/7
f 736/391/6 480/966/6 72/965/6
f 736/391/6 461/382/6 480/966/6
f 461/382/6 21/154/6 480/966/6
f 734/388/6 736/391/6 72/965/6
f 734/388/6 735/390/6 736/391/6
f 735/390/6 257/380/6 736/391/6
f 530/389/6 276/61/6 2/60/6
f 530/389/6 734/388/6 276/61/6
f 734/388/6 72/965/6 276/61/6
f 733/386/6 463/250/6 259/373/6
f 733/386/6 462/385/6 463/250/6
f 462/385/6 49/248/6 463/250/6
f 731/381/6 733/386/6 259/373/6
f 731/381/6 732/383/6 733/386/6
f 732/383/6 258/384/6 733/386/6
f 461/382/6 667/375/6 21/154/6
f 461/382/6 731/381/6 667/375/6
f 731/381/6 259/373/6 667/375/6
f 730/379/6 531/692/6 123/691/6
f 730/379/6 559/378/6 531/692/6
f 559/378/6 1/1116/6 531/692/6
f 728/374/6 730/379/6 123/691/6
f 728/374/6 729/376/6 730/379/6
f 729/376/6 151/377/6 730/379/6
f 667/375/6 327/155/6 21/154/6
f 667/375/6 728/374/6 327/155/6
f 728/374/6 123/691/6 327/155/6
f 727/372/5 487/1172/5 79/1173/5
f 727/372/5 464/363/5 487/1172/5
f 464/363/5 28/1174/5 487/1172/5
f 725/369/5 727/372/5 79/1173/5
f 725/369/5 726/371/5 727/372/5
f 726/371/5 260/361/5 727/372/5
f 316/370/5 283/1175/5 2/60/5
f 316/370/5 725/369/5 283/1175/5
f 725/369/5 79/1173/5 283/1175/5
f 724/367/5 466/256/5 262/355/5
f 724/367/5 465/366/5 466/256/5
f 465/366/5 23/127/5 466/256/5
f 722/362/5 724/367/5 262/355/5
f 722/362/5 723/364/5 724/367/5
f 723/364/5 261/365/5 724/367/5
f 464/363/5 670/357/5 28/1174/5
f 464/363/5 722/362/5 670/357/5
f 722/362/5 262/355/5 670/357/5
f 721/360/5 538/1176/5 130/1177/5
f 721/360/5 278/66/5 538/1176/5
f 278/66/5 4/22/5 538/1176/5
f 719/356/5 721/360/5 130/1177/5
f 719/356/5 720/358/5 721/360/5
f 720/358/5 74/359/5 721/360/5
f 670/357/5 334/1178/5 28/1174/5
f 670/357/5 719/356/5 334/1178/5
f 719/356/5 130/1177/5 334/1178/5
f 718/354/4 334/1179/4 130/1180/4
f 718/354/4 467/345/4 334/1179/4
f 467/345/4 28/1181/4 334/1179/4
f 716/351/4 718/354/4 130/1180/4
f 716/351/4 717/353/4 718/354/4
f 717/353/4 263/343/4 718/354/4
f 282/352/4 538/1182/4 4/1183/4
f 282/352/4 716/351/4 538/1182/4
f 716/351/4 130/1180/4 538/1182/4
f 715/349/4 469/263/4 265/336/4
f 715/349/4 468/348/4 469/263/4
f 468/348/4 20/261/4 469/263/4
f 713/344/4 715/349/4 265/336/4
f 713/344/4 714/346/4 715/349/4
f 714/346/4 264/347/4 715/349/4
f 467/345/4 673/338/4 28/1181/4
f 467/345/4 713/344/4 673/338/4
f 713/344/4 265/336/4 673/338/4
f 712/342/4 283/1184/4 79/1185/4
f 712/342/4 530/341/4 283/1184/4
f 530/341/4 2/60/4 283/1184/4
f 710/337/4 712/342/4 79/1185/4
f 710/337/4 711/339/4 712/342/4
f 711/339/4 122/340/4 712/342/4
f 673/338/4 487/1186/4 28/1181/4
f 673/338/4 710/337/4 487/1186/4
f 710/337/4 79/1185/4 487/1186/4
f 709/335/3 508/1187/3 100/1188/3
f 709/335/3 470/326/3 508/1187/3
f 470/326/3 49/1189/3 508/1187/3
f 707/332/3 709/335/3 100/1188/3
f 707/332/3 708/334/3 709/335/3
f 708/334/3 266/324/3 709/335/3
f 313/333/3 304/1190/3 5/16/3
f 313/333/3 707/332/3 304/1190/3
f 707/332/3 100/1188/3 304/1190/3
f 706/330/3 472/270/3 268/317/3
f 706/330/3 471/329/3 472/270/3
f 471/329/3 50/268/3 472/270/3
f 704/325/3 706/330/3 268/317/3
f 704/325/3 705/327/3 706/330/3
f 705/327/3 267/328/3 706/330/3
f 470/326/3 676/319/3 49/1189/3
f 470/326/3 704/325/3 676/319/3
f 704/325/3 268/317/3 676/319/3
f 703/323/3 559/1191/3 151/1192/3
f 703/323/3 305/322/3 559/1191/3
f 305/322/3 1/1193/3 559/1191/3
f 701/318/3 703/323/3 151/1192/3
f 701/318/3 702/320/3 703/323/3
f 702/320/3 101/321/3 703/323/3
f 676/319/3 355/1194/3 49/1189/3
f 676/319/3 701/318/3 355/1194/3
f 701/318/3 151/1192/3 355/1194/3
f 700/316/2 351/909/2 147/908/2
f 700/316/2 473/307/2 351/909/2
f 473/307/2 45/92/2 351/909/2
f 698/313/2 700/316/2 147/908/2
f 698/313/2 699/315/2 700/316/2
f 699/315/2 269/305/2 700/316/2
f 303/314/2 555/71/2 19/37/2
f 303/314/2 698/313/2 555/71/2
f 698/313/2 147/908/2 555/71/2
f 697/311/2 475/275/2 271/298/2
f 697/311/2 474/310/2 475/275/2
f 474/310/2 55/177/2 475/275/2
f 695/306/2 697/311/2 271/298/2
f 695/306/2 696/308/2 697/311/2
f 696/308/2 270/309/2 697/311/2
f 473/307/2 679/300/2 45/92/2
f 473/307/2 695/306/2 679/300/2
f 695/306/2 271/298/2 679/300/2
f 694/304/2 300/844/2 96/843/2
f 694/304/2 565/303/2 300/844/2
f 565/303/2 11/1092/2 300/844/2
f 692/299/2 694/304/2 96/843/2
f 692/299/2 693/301/2 694/304/2
f 693/301/2 157/302/2 694/304/2
f 679/300/2 504/93/2 45/92/2
f 679/300/2 692/299/2 504/93/2
f 692/299/2 96/843/2 504/93/2
f 691/297/1 336/1195/1 132/1196/1
f 691/297/1 476/289/1 336/1195/1
f 476/289/1 30/1197/1 336/1195/1
f 689/295/1 691/297/1 132/1196/1
f 689/295/1 690/296/1 691/297/1
f 690/296/1 272/287/1 691/297/1
f 309/50/1 540/1198/1 14/48/1
f 309/50/1 689/295/1 540/1198/1
f 689/295/1 132/1196/1 540/1198/1
f 688/293/1 478/279/1 274/280/1
f 688/293/1 477/292/1 478/279/1
f 477/292/1 53/191/1 478/279/1
f 686/288/1 688/293/1 274/280/1
f 686/288/1 687/290/1 688/293/1
f 687/290/1 273/291/1 688/293/1
f 476/289/1 682/282/1 30/1197/1
f 476/289/1 686/288/1 682/282/1
f 686/288/1 274/280/1 682/282/1
f 685/286/1 285/1199/1 81/1200/1
f 685/286/1 563/285/1 285/1199/1
f 563/285/1 9/1145/1 285/1199/1
f 683/281/1 685/286/1 81/1200/1
f 683/281/1 684/283/1 685/286/1
f 684/283/1 155/284/1 685/286/1
f 682/282/1 489/1201/1 30/1197/1
f 682/282/1 683/281/1 489/1201/1
f 683/281/1 81/1200/1 489/1201/1
f 478/279/1 684/283/1 274/280/1
f 478/279/1 359/193/1 684/283/1
f 359/193/1 155/284/1 684/283/1
f 680/276/1 687/290/1 272/287/1
f 680/276/1 681/278/1 687/290/1
f 681/278/1 273/291/1 687/290/1
f 513/277/1 690/296/1 105/294/1
f 513/277/1 680/276/1 690/296/1
f 680/276/1 272/287/1 690/296/1
f 475/275/2 693/301/2 271/298/2
f 475/275/2 361/179/2 693/301/2
f 361/179/2 157/302/2 693/301/2
f 677/272/2 696/308/2 269/305/2
f 677/272/2 678/274/2 696/308/2
f 678/274/2 270/309/2 696/308/2
f 507/273/2 699/315/2 99/312/2
f 507/273/2 677/272/2 699/315/2
f 677/272/2 269/305/2 699/315/2
f 472/270/3 702/320/3 268/317/3
f 472/270/3 509/269/3 702/320/3
f 509/269/3 101/321/3 702/320/3
f 674/265/3 705/327/3 266/324/3
f 674/265/3 675/267/3 705/327/3
f 675/267/3 267/328/3 705/327/3
f 517/266/3 708/334/3 109/331/3
f 517/266/3 674/265/3 708/334/3
f 674/265/3 266/324/3 708/334/3
f 469/263/4 711/339/4 265/336/4
f 469/263/4 326/262/4 711/339/4
f 326/262/4 122/340/4 711/339/4
f 671/258/4 714/346/4 263/343/4
f 671/258/4 672/260/4 714/346/4
f 672/260/4 264/347/4 714/346/4
f 486/259/4 717/353/4 78/350/4
f 486/259/4 671/258/4 717/353/4
f 671/258/4 263/343/4 717/353/4
f 466/256/5 720/358/5 262/355/5
f 466/256/5 482/255/5 720/358/5
f 482/255/5 74/359/5 720/358/5
f 668/252/5 723/364/5 260/361/5
f 668/252/5 669/254/5 723/364/5
f 669/254/5 261/365/5 723/364/5
f 520/253/5 726/371/5 112/368/5
f 520/253/5 668/252/5 726/371/5
f 668/252/5 260/361/5 726/371/5
f 463/250/6 729/376/6 259/373/6
f 463/250/6 355/249/6 729/376/6
f 355/249/6 151/377/6 729/376/6
f 665/245/6 732/383/6 257/380/6
f 665/245/6 666/247/6 732/383/6
f 666/247/6 258/384/6 732/383/6
f 326/246/6 735/390/6 122/387/6
f 326/246/6 665/245/6 735/390/6
f 665/245/6 257/380/6 735/390/6
f 460/243/7 738/395/7 256/392/7
f 460/243/7 368/132/7 738/395/7
f 368/132/7 164/396/7 738/395/7
f 662/240/7 741/402/7 254/399/7
f 662/240/7 663/242/7 741/402/7
f 663/242/7 255/403/7 741/402/7
f 483/241/7 744/409/7 75/406/7
f 483/241/7 662/240/7 744/409/7
f 662/240/7 254/399/7 744/409/7
f 457/238/7 747/414/7 253/411/7
f 457/238/7 369/125/7 747/414/7
f 369/125/7 165/415/7 747/414/7
f 659/235/7 750/421/7 251/418/7
f 659/235/7 660/237/7 750/421/7
f 660/237/7 252/422/7 750/421/7
f 357/236/7 753/428/7 153/425/7
f 357/236/7 659/235/7 753/428/7
f 659/235/7 251/418/7 753/428/7
f 454/233/2 756/433/2 250/430/2
f 454/233/2 370/118/2 756/433/2
f 370/118/2 166/434/2 756/433/2
f 656/230/2 759/440/2 248/437/2
f 656/230/2 657/232/2 759/440/2
f 657/232/2 249/441/2 759/440/2
f 503/231/2 762/447/2 95/444/2
f 503/231/2 656/230/2 762/447/2
f 656/230/2 248/437/2 762/447/2
f 451/228/8 765/452/8 247/449/8
f 451/228/8 371/111/8 765/452/8
f 371/111/8 167/453/8 765/452/8
f 653/225/8 768/459/8 245/456/8
f 653/225/8 654/227/8 768/459/8
f 654/227/8 246/460/8 768/459/8
f 502/226/8 771/466/8 94/463/8
f 502/226/8 653/225/8 771/466/8
f 653/225/8 245/456/8 771/466/8
f 448/223/8 774/471/8 244/468/8
f 448/223/8 372/104/8 774/471/8
f 372/104/8 168/472/8 774/471/8
f 650/221/8 777/478/8 242/475/8
f 650/221/8 651/222/8 777/478/8
f 651/222/8 243/479/8 777/478/8
f 488/142/8 780/485/8 80/482/8
f 488/142/8 650/221/8 780/485/8
f 650/221/8 242/475/8 780/485/8
f 445/220/2 783/490/2 241/487/2
f 445/220/2 373/97/2 783/490/2
f 373/97/2 169/491/2 783/490/2
f 647/218/2 786/497/2 239/494/2
f 647/218/2 648/219/2 786/497/2
f 648/219/2 240/498/2 786/497/2
f 495/149/2 789/504/2 87/501/2
f 495/149/2 647/218/2 789/504/2
f 647/218/2 239/494/2 789/504/2
f 442/217/8 792/509/8 238/506/8
f 442/217/8 374/90/8 792/509/8
f 374/90/8 170/510/8 792/509/8
f 644/214/8 795/516/8 236/513/8
f 644/214/8 645/216/8 795/516/8
f 645/216/8 237/517/8 795/516/8
f 506/215/8 798/523/8 98/520/8
f 506/215/8 644/214/8 798/523/8
f 644/214/8 236/513/8 798/523/8
f 439/212/8 801/528/8 235/525/8
f 439/212/8 375/83/8 801/528/8
f 375/83/8 171/529/8 801/528/8
f 641/209/8 804/535/8 233/532/8
f 641/209/8 642/211/8 804/535/8
f 642/211/8 234/536/8 804/535/8
f 492/210/8 807/542/8 84/539/8
f 492/210/8 641/209/8 807/542/8
f 641/209/8 233/532/8 807/542/8
f 436/207/2 810/547/2 232/544/2
f 436/207/2 376/76/2 810/547/2
f 376/76/2 172/548/2 810/547/2
f 638/204/2 813/554/2 230/551/2
f 638/204/2 639/206/2 813/554/2
f 639/206/2 231/555/2 813/554/2
f 499/205/2 816/561/2 91/558/2
f 499/205/2 638/204/2 816/561/2
f 638/204/2 230/551/2 816/561/2
f 433/202/1 819/566/1 229/563/1
f 433/202/1 356/201/1 819/566/1
f 356/201/1 152/567/1 819/566/1
f 635/198/1 822/573/1 227/570/1
f 635/198/1 636/199/1 822/573/1
f 636/199/1 228/574/1 822/573/1
f 358/196/1 825/580/1 154/577/1
f 358/196/1 635/198/1 825/580/1
f 635/198/1 227/570/1 825/580/1
f 430/197/1 828/585/1 226/582/1
f 430/197/1 358/196/1 828/585/1
f 358/196/1 154/577/1 828/585/1
f 632/192/1 831/590/1 224/587/1
f 632/192/1 633/194/1 831/590/1
f 633/194/1 225/591/1 831/590/1
f 359/193/1 834/595/1 155/284/1
f 359/193/1 632/192/1 834/595/1
f 632/192/1 224/587/1 834/595/1
f 427/190/1 837/600/1 223/597/1
f 427/190/1 343/189/1 837/600/1
f 343/189/1 139/601/1 837/600/1
f 629/185/1 840/607/1 221/604/1
f 629/185/1 630/187/1 840/607/1
f 630/187/1 222/608/1 840/607/1
f 360/186/1 843/613/1 156/611/1
f 360/186/1 629/185/1 843/613/1
f 629/185/1 221/604/1 843/613/1
f 424/183/2 846/618/2 220/615/2
f 424/183/2 484/182/2 846/618/2
f 484/182/2 76/619/2 846/618/2
f 626/178/2 849/625/2 218/622/2
f 626/178/2 627/180/2 849/625/2
f 627/180/2 219/626/2 849/625/2
f 361/179/2 852/630/2 157/302/2
f 361/179/2 626/178/2 852/630/2
f 626/178/2 218/622/2 852/630/2
f 421/176/9 855/635/9 217/632/9
f 421/176/9 486/175/9 855/635/9
f 486/175/9 78/636/9 855/635/9
f 623/171/9 858/642/9 215/639/9
f 623/171/9 624/173/9 858/642/9
f 624/173/9 216/643/9 858/642/9
f 362/172/9 861/648/9 158/646/9
f 362/172/9 623/171/9 861/648/9
f 623/171/9 215/639/9 861/648/9
f 418/170/10 864/653/10 214/650/10
f 418/170/10 493/169/10 864/653/10
f 493/169/10 85/654/10 864/653/10
f 620/165/10 867/660/10 212/657/10
f 620/165/10 621/167/10 867/660/10
f 621/167/10 213/661/10 867/660/10
f 515/166/10 870/666/10 107/664/10
f 515/166/10 620/165/10 870/666/10
f 620/165/10 212/657/10 870/666/10
f 415/163/10 873/671/10 211/668/10
f 415/163/10 481/162/10 873/671/10
f 481/162/10 73/672/10 873/671/10
f 617/158/10 876/678/10 209/675/10
f 617/158/10 618/160/10 876/678/10
f 618/160/10 210/679/10 876/678/10
f 516/159/10 879/685/10 108/682/10
f 516/159/10 617/158/10 879/685/10
f 617/158/10 209/675/10 879/685/10
f 412/156/11 882/690/11 208/687/11
f 412/156/11 327/155/11 882/690/11
f 327/155/11 123/691/11 882/690/11
f 614/151/11 885/697/11 206/694/11
f 614/151/11 615/153/11 885/697/11
f 615/153/11 207/698/11 885/697/11
f 365/152/11 888/703/11 161/701/11
f 365/152/11 614/151/11 888/703/11
f 614/151/11 206/694/11 888/703/11
f 409/150/12 891/708/12 205/705/12
f 409/150/12 495/149/12 891/708/12
f 495/149/12 87/501/12 891/708/12
f 611/145/12 894/713/12 203/710/12
f 611/145/12 612/147/12 894/713/12
f 612/147/12 204/714/12 894/713/12
f 518/146/12 897/719/12 110/717/12
f 518/146/12 611/145/12 897/719/12
f 611/145/12 203/710/12 897/719/12
f 406/143/12 900/724/12 202/721/12
f 406/143/12 488/142/12 900/724/12
f 488/142/12 80/482/12 900/724/12
f 608/138/12 903/729/12 200/726/12
f 608/138/12 609/140/12 903/729/12
f 609/140/12 201/730/12 903/729/12
f 519/139/12 906/736/12 111/733/12
f 519/139/12 608/138/12 906/736/12
f 608/138/12 200/726/12 906/736/12
f 403/136/7 909/741/7 199/738/7
f 403/136/7 357/135/7 909/741/7
f 357/135/7 153/742/7 909/741/7
f 605/131/7 912/748/7 197/745/7
f 605/131/7 606/133/7 912/748/7
f 606/133/7 198/749/7 912/748/7
f 368/132/7 915/753/7 164/396/7
f 368/132/7 605/131/7 915/753/7
f 605/131/7 197/745/7 915/753/7
f 400/129/7 918/758/7 196/755/7
f 400/129/7 329/128/7 918/758/7
f 329/128/7 125/759/7 918/758/7
f 602/124/7 921/764/7 194/761/7
f 602/124/7 603/126/7 921/764/7
f 603/126/7 195/765/7 921/764/7
f 369/125/7 924/769/7 165/415/7
f 369/125/7 602/124/7 924/769/7
f 602/124/7 194/761/7 924/769/7
f 397/122/2 927/774/2 193/771/2
f 397/122/2 489/121/2 927/774/2
f 489/121/2 81/775/2 927/774/2
f 599/117/2 930/781/2 191/778/2
f 599/117/2 600/119/2 930/781/2
f 600/119/2 192/782/2 930/781/2
f 370/118/2 933/786/2 166/434/2
f 370/118/2 599/117/2 933/786/2
f 599/117/2 191/778/2 933/786/2
f 394/115/8 936/791/8 190/788/8
f 394/115/8 500/114/8 936/791/8
f 500/114/8 92/792/8 936/791/8
f 596/110/8 939/798/8 188/795/8
f 596/110/8 597/112/8 939/798/8
f 597/112/8 189/799/8 939/798/8
f 371/111/8 942/803/8 167/453/8
f 371/111/8 596/110/8 942/803/8
f 596/110/8 188/795/8 942/803/8
f 391/108/8 945/808/8 187/805/8
f 391/108/8 501/107/8 945/808/8
f 501/107/8 93/809/8 945/808/8
f 593/103/8 948/815/8 185/812/8
f 593/103/8 594/105/8 948/815/8
f 594/105/8 186/816/8 948/815/8
f 372/104/8 951/820/8 168/472/8
f 372/104/8 593/103/8 951/820/8
f 593/103/8 185/812/8 951/820/8
f 388/101/2 954/825/2 184/822/2
f 388/101/2 496/100/2 954/825/2
f 496/100/2 88/826/2 954/825/2
f 590/96/2 957/832/2 182/829/2
f 590/96/2 591/98/2 957/832/2
f 591/98/2 183/833/2 957/832/2
f 373/97/2 960/837/2 169/491/2
f 373/97/2 590/96/2 960/837/2
f 590/96/2 182/829/2 960/837/2
f 385/94/8 963/842/8 181/839/8
f 385/94/8 504/93/8 963/842/8
f 504/93/8 96/843/8 963/842/8
f 587/89/8 966/849/8 179/846/8
f 587/89/8 588/91/8 966/849/8
f 588/91/8 180/850/8 966/849/8
f 374/90/8 969/854/8 170/510/8
f 374/90/8 587/89/8 969/854/8
f 587/89/8 179/846/8 969/854/8
f 382/87/8 972/859/8 178/856/8
f 382/87/8 505/86/8 972/859/8
f 505/86/8 97/860/8 972/859/8
f 584/82/8 975/866/8 176/863/8
f 584/82/8 585/84/8 975/866/8
f 585/84/8 177/867/8 975/866/8
f 375/83/8 978/871/8 171/529/8
f 375/83/8 584/82/8 978/871/8
f 584/82/8 176/863/8 978/871/8
f 379/80/2 981/876/2 175/873/2
f 379/80/2 494/79/2 981/876/2
f 494/79/2 86/877/2 981/876/2
f 581/75/2 984/883/2 173/880/2
f 581/75/2 582/77/2 984/883/2
f 582/77/2 174/884/2 984/883/2
f 376/76/2 987/888/2 172/548/2
f 376/76/2 581/75/2 987/888/2
f 581/75/2 173/880/2 987/888/2
f 325/44/2 990/893/2 121/890/2
f 325/44/2 545/73/2 990/893/2
f 545/73/2 137/894/2 990/893/2
f 324/41/8 993/900/8 120/897/8
f 324/41/8 556/72/8 993/900/8
f 556/72/8 148/901/8 993/900/8
f 323/38/8 996/907/8 119/904/8
f 323/38/8 555/71/8 996/907/8
f 555/71/8 147/908/8 996/907/8
f 322/35/2 999/914/2 118/911/2
f 322/35/2 547/70/2 999/914/2
f 547/70/2 139/915/2 999/914/2
f 321/32/8 1002/921/8 117/918/8
f 321/32/8 552/69/8 1002/921/8
f 552/69/8 144/922/8 1002/921/8
f 320/29/8 1005/928/8 116/925/8
f 320/29/8 551/68/8 1005/928/8
f 551/68/8 143/929/8 1005/928/8
f 319/26/2 1008/935/2 115/932/2
f 319/26/2 540/67/2 1008/935/2
f 540/67/2 132/936/2 1008/935/2
f 318/23/7 1011/942/7 114/939/7
f 318/23/7 278/66/7 1011/942/7
f 278/66/7 74/359/7 1011/942/7
f 317/20/7 1014/947/7 113/944/7
f 317/20/7 306/65/7 1014/947/7
f 306/65/7 102/948/7 1014/947/7
f 570/64/12 1017/954/12 162/951/12
f 570/64/12 539/33/12 1017/954/12
f 539/33/12 131/955/12 1017/954/12
f 569/63/12 1020/959/12 161/701/12
f 569/63/12 546/36/12 1020/959/12
f 546/36/12 138/960/12 1020/959/12
f 314/62/11 1023/964/11 110/717/11
f 314/62/11 276/61/11 1023/964/11
f 276/61/11 72/965/11 1023/964/11
f 567/59/10 1026/971/10 159/968/10
f 567/59/10 532/58/10 1026/971/10
f 532/58/10 124/972/10 1026/971/10
f 566/56/10 1029/976/10 158/646/10
f 566/56/10 544/55/10 1029/976/10
f 544/55/10 136/977/10 1029/976/10
f 311/53/9 1032/981/9 107/664/9
f 311/53/9 537/52/9 1032/981/9
f 537/52/9 129/982/9 1032/981/9
f 310/5/2 1035/988/2 106/985/2
f 310/5/2 535/51/2 1035/988/2
f 535/51/2 127/989/2 1035/988/2
f 309/50/1 1038/993/1 105/294/1
f 309/50/1 292/49/1 1038/993/1
f 292/49/1 88/994/1 1038/993/1
f 308/2/1 1041/1000/1 104/997/1
f 308/2/1 307/47/1 1041/1000/1
f 307/47/1 103/1001/1 1041/1000/1
f 307/47/1 1044/1005/1 103/1001/1
f 307/47/1 305/46/1 1044/1005/1
f 305/46/1 101/1006/1 1044/1005/1
f 550/45/2 1047/1012/2 142/1009/2
f 550/45/2 325/44/2 1047/1012/2
f 325/44/2 121/890/2 1047/1012/2
f 543/42/8 1050/1017/8 135/1014/8
f 543/42/8 324/41/8 1050/1017/8
f 324/41/8 120/897/8 1050/1017/8
f 557/39/8 1053/1022/8 149/1019/8
f 557/39/8 323/38/8 1053/1022/8
f 323/38/8 119/904/8 1053/1022/8
f 546/36/2 1056/1025/2 138/960/2
f 546/36/2 322/35/2 1056/1025/2
f 322/35/2 118/911/2 1056/1025/2
f 539/33/8 1059/1028/8 131/955/8
f 539/33/8 321/32/8 1059/1028/8
f 321/32/8 117/918/8 1059/1028/8
f 553/30/8 1062/1033/8 145/1030/8
f 553/30/8 320/29/8 1062/1033/8
f 320/29/8 116/925/8 1062/1033/8
f 554/27/2 1065/1038/2 146/1035/2
f 554/27/2 319/26/2 1065/1038/2
f 319/26/2 115/932/2 1065/1038/2
f 306/24/7 1068/1043/7 102/1040/7
f 306/24/7 318/23/7 1068/1043/7
f 318/23/7 114/939/7 1068/1043/7
f 534/21/7 1071/1048/7 126/1045/7
f 534/21/7 317/20/7 1071/1048/7
f 317/20/7 113/944/7 1071/1048/7
f 275/18/6 1074/1053/6 71/1050/6
f 275/18/6 304/17/6 1074/1053/6
f 304/17/6 100/1054/6 1074/1053/6
f 571/15/5 1077/1060/5 163/1057/5
f 571/15/5 533/14/5 1077/1060/5
f 533/14/5 125/759/5 1077/1060/5
f 537/12/4 1080/1065/4 129/1062/4
f 537/12/4 275/11/4 1080/1065/4
f 275/11/4 71/1066/4 1080/1065/4
f 568/9/3 1083/1072/3 160/1069/3
f 568/9/3 560/8/3 1083/1072/3
f 560/8/3 152/1073/3 1083/1072/3
f 558/6/2 1086/1079/2 150/1076/2
f 558/6/2 310/5/2 1086/1079/2
f 310/5/2 106/985/2 1086/1079/2
f 564/3/1 1089/1082/1 156/611/1
f 564/3/1 308/2/1 1089/1082/1
f 308/2/1 104/997/1 1089/1082/1
