# Blender 4.3.0
# www.blender.org
mtllib Settings.mtl
o Text
v 3.251000 0.421000 0.000000
v 3.239331 0.426980 0.000000
v 3.227819 0.432421 0.000000
v 3.216453 0.437328 0.000000
v 3.205222 0.441704 0.000000
v 3.194116 0.445552 0.000000
v 3.183125 0.448875 0.000000
v 3.172238 0.451678 0.000000
v 3.161444 0.453963 0.000000
v 3.150734 0.455734 0.000000
v 3.140097 0.456995 0.000000
v 3.129523 0.457749 0.000000
v 3.119000 0.458000 0.000000
v 3.097182 0.457051 0.000000
v 3.076787 0.454241 0.000000
v 3.057906 0.449625 0.000000
v 3.040630 0.443259 0.000000
v 3.025048 0.435199 0.000000
v 3.011250 0.425500 0.000000
v 2.999328 0.414218 0.000000
v 2.989371 0.401407 0.000000
v 2.981469 0.387125 0.000000
v 2.975713 0.371426 0.000000
v 2.972193 0.354366 0.000000
v 2.971000 0.336000 0.000000
v 2.975132 0.307516 0.000000
v 2.986556 0.282292 0.000000
v 3.003813 0.259922 0.000000
v 3.025445 0.240000 0.000000
v 3.049993 0.222120 0.000000
v 3.076000 0.205875 0.000000
v 3.102007 0.190859 0.000000
v 3.126555 0.176667 0.000000
v 3.148187 0.162891 0.000000
v 3.165444 0.149125 0.000000
v 3.176868 0.134964 0.000000
v 3.181000 0.120000 0.000000
v 3.180389 0.112313 0.000000
v 3.178611 0.105250 0.000000
v 3.175750 0.098812 0.000000
v 3.171889 0.093000 0.000000
v 3.167111 0.087812 0.000000
v 3.161500 0.083250 0.000000
v 3.155139 0.079313 0.000000
v 3.148111 0.076000 0.000000
v 3.140500 0.073313 0.000000
v 3.132389 0.071250 0.000000
v 3.123861 0.069813 0.000000
v 3.115000 0.069000 0.000000
v 3.105653 0.069397 0.000000
v 3.095639 0.070593 0.000000
v 3.085000 0.072594 0.000000
v 3.073778 0.075407 0.000000
v 3.062014 0.079041 0.000000
v 3.049750 0.083500 0.000000
v 3.037028 0.088793 0.000000
v 3.023889 0.094926 0.000000
v 3.010375 0.101906 0.000000
v 2.996528 0.109741 0.000000
v 2.982389 0.118436 0.000000
v 2.968000 0.128000 0.000000
v 2.968000 0.032000 0.000000
v 2.982203 0.024891 0.000000
v 2.995875 0.018546 0.000000
v 3.009109 0.012938 0.000000
v 3.022000 0.008037 0.000000
v 3.034641 0.003817 0.000000
v 3.047125 0.000250 0.000000
v 3.059547 -0.002692 -0.000000
v 3.072000 -0.005037 -0.000000
v 3.084578 -0.006812 -0.000000
v 3.097375 -0.008046 -0.000000
v 3.110484 -0.008766 -0.000000
v 3.124000 -0.009000 -0.000000
v 3.144768 -0.007911 -0.000000
v 3.164477 -0.004708 -0.000000
v 3.182984 0.000516 0.000000
v 3.200148 0.007667 0.000000
v 3.215826 0.016651 0.000000
v 3.229875 0.027375 0.000000
v 3.242153 0.039745 0.000000
v 3.252519 0.053667 0.000000
v 3.260828 0.069047 0.000000
v 3.266940 0.085792 0.000000
v 3.270711 0.103807 0.000000
v 3.272000 0.123000 0.000000
v 3.271426 0.134207 0.000000
v 3.269657 0.144903 0.000000
v 3.266625 0.155203 0.000000
v 3.262259 0.165222 0.000000
v 3.256491 0.175075 0.000000
v 3.249250 0.184875 0.000000
v 3.240468 0.194738 0.000000
v 3.230074 0.204778 0.000000
v 3.218000 0.215109 0.000000
v 3.204176 0.225847 0.000000
v 3.188532 0.237106 0.000000
v 3.171000 0.249000 0.000000
v 3.152260 0.260052 0.000000
v 3.135495 0.270250 0.000000
v 3.120641 0.279656 0.000000
v 3.107630 0.288333 0.000000
v 3.096396 0.296344 0.000000
v 3.086875 0.303750 0.000000
v 3.078999 0.310615 0.000000
v 3.072704 0.317000 0.000000
v 3.067922 0.322969 0.000000
v 3.064588 0.328583 0.000000
v 3.062636 0.333906 0.000000
v 3.062000 0.339000 0.000000
v 3.062473 0.344848 0.000000
v 3.063870 0.350370 0.000000
v 3.066156 0.355531 0.000000
v 3.069296 0.360296 0.000000
v 3.073256 0.364631 0.000000
v 3.078000 0.368500 0.000000
v 3.083494 0.371869 0.000000
v 3.089703 0.374704 0.000000
v 3.096593 0.376969 0.000000
v 3.104129 0.378630 0.000000
v 3.112276 0.379652 0.000000
v 3.121000 0.380000 0.000000
v 3.129535 0.379705 0.000000
v 3.138616 0.378810 0.000000
v 3.148203 0.377297 0.000000
v 3.158259 0.375148 0.000000
v 3.168746 0.372347 0.000000
v 3.179625 0.368875 0.000000
v 3.190858 0.364716 0.000000
v 3.202407 0.359852 0.000000
v 3.214234 0.354266 0.000000
v 3.226301 0.347940 0.000000
v 3.238569 0.340857 0.000000
v 3.251000 0.333000 0.000000
v 2.577000 0.449000 0.000000
v 2.488000 0.449000 0.000000
v 2.488000 0.000000 0.000000
v 2.577000 0.000000 0.000000
v 2.577000 0.322000 0.000000
v 2.587282 0.333152 0.000000
v 2.597171 0.343134 0.000000
v 2.606734 0.351984 0.000000
v 2.616037 0.359741 0.000000
v 2.625145 0.366442 0.000000
v 2.634125 0.372125 0.000000
v 2.643042 0.376829 0.000000
v 2.651963 0.380593 0.000000
v 2.660953 0.383453 0.000000
v 2.670079 0.385449 0.000000
v 2.679406 0.386619 0.000000
v 2.689000 0.387000 0.000000
v 2.702075 0.386116 0.000000
v 2.714268 0.383509 0.000000
v 2.725531 0.379250 0.000000
v 2.735815 0.373407 0.000000
v 2.745070 0.366051 0.000000
v 2.753250 0.357250 0.000000
v 2.760304 0.347074 0.000000
v 2.766185 0.335593 0.000000
v 2.770844 0.322875 0.000000
v 2.774231 0.308991 0.000000
v 2.776299 0.294009 0.000000
v 2.777000 0.278000 0.000000
v 2.777000 0.000000 0.000000
v 2.866000 0.000000 0.000000
v 2.866000 0.277000 0.000000
v 2.864613 0.306400 0.000000
v 2.860570 0.333116 0.000000
v 2.854047 0.357172 0.000000
v 2.845222 0.378593 0.000000
v 2.834273 0.397402 0.000000
v 2.821375 0.413625 0.000000
v 2.806707 0.427285 0.000000
v 2.790445 0.438407 0.000000
v 2.772766 0.447016 0.000000
v 2.753848 0.453134 0.000000
v 2.733867 0.456788 0.000000
v 2.713000 0.458000 0.000000
v 2.700509 0.457483 0.000000
v 2.688074 0.455949 0.000000
v 2.675750 0.453422 0.000000
v 2.663593 0.449926 0.000000
v 2.651657 0.445486 0.000000
v 2.640000 0.440125 0.000000
v 2.628676 0.433869 0.000000
v 2.617740 0.426741 0.000000
v 2.607250 0.418766 0.000000
v 2.597259 0.409968 0.000000
v 2.587824 0.400371 0.000000
v 2.579000 0.390000 0.000000
v 2.577000 0.390000 0.000000
v 2.148000 0.458000 0.000000
v 2.115187 0.455958 0.000000
v 2.083917 0.449995 0.000000
v 2.054438 0.440359 0.000000
v 2.027000 0.427296 0.000000
v 2.001854 0.411053 0.000000
v 1.979250 0.391875 0.000000
v 1.959438 0.370010 0.000000
v 1.942667 0.345704 0.000000
v 1.929188 0.319203 0.000000
v 1.919250 0.290755 0.000000
v 1.913105 0.260605 0.000000
v 1.911000 0.229000 0.000000
v 1.913028 0.195328 0.000000
v 1.918972 0.163454 0.000000
v 1.928625 0.133594 0.000000
v 1.941778 0.105963 0.000000
v 1.958222 0.080777 0.000000
v 1.977750 0.058250 0.000000
v 2.000153 0.038598 0.000000
v 2.025222 0.022037 0.000000
v 2.052750 0.008781 0.000000
v 2.082528 -0.000954 -0.000000
v 2.114347 -0.006953 -0.000000
v 2.148000 -0.009000 -0.000000
v 2.183031 -0.007029 -0.000000
v 2.216000 -0.001231 -0.000000
v 2.246719 0.008219 0.000000
v 2.275000 0.021148 0.000000
v 2.300656 0.037383 0.000000
v 2.323500 0.056750 0.000000
v 2.343344 0.079075 0.000000
v 2.360000 0.104185 0.000000
v 2.373281 0.131906 0.000000
v 2.383000 0.162065 0.000000
v 2.388969 0.194487 0.000000
v 2.391000 0.229000 0.000000
v 2.388911 0.261445 0.000000
v 2.382792 0.292144 0.000000
v 2.372859 0.320891 0.000000
v 2.359333 0.347482 0.000000
v 2.342432 0.371711 0.000000
v 2.322375 0.393375 0.000000
v 2.299380 0.412268 0.000000
v 2.273667 0.428185 0.000000
v 2.245453 0.440922 0.000000
v 2.214958 0.450273 0.000000
v 2.182401 0.456034 0.000000
v 2.147000 0.378000 0.000000
v 2.168706 0.376710 0.000000
v 2.189236 0.372931 0.000000
v 2.208453 0.366797 0.000000
v 2.226222 0.358444 0.000000
v 2.242408 0.348009 0.000000
v 2.256875 0.335625 0.000000
v 2.269488 0.321429 0.000000
v 2.280111 0.305556 0.000000
v 2.288609 0.288141 0.000000
v 2.294847 0.269320 0.000000
v 2.298689 0.249227 0.000000
v 2.300000 0.228000 0.000000
v 2.298785 0.204534 0.000000
v 2.295194 0.182690 0.000000
v 2.289312 0.162547 0.000000
v 2.281222 0.144185 0.000000
v 2.271007 0.127685 0.000000
v 2.258750 0.113125 0.000000
v 2.244535 0.100586 0.000000
v 2.228444 0.090148 0.000000
v 2.210562 0.081891 0.000000
v 2.190972 0.075894 0.000000
v 2.169757 0.072237 0.000000
v 2.147000 0.071000 0.000000
v 2.126081 0.072295 0.000000
v 2.106398 0.076106 0.000000
v 2.088062 0.082328 0.000000
v 2.071185 0.090852 0.000000
v 2.055877 0.101570 0.000000
v 2.042250 0.114375 0.000000
v 2.030414 0.129159 0.000000
v 2.020481 0.145815 0.000000
v 2.012562 0.164234 0.000000
v 2.006768 0.184310 0.000000
v 2.003210 0.205935 0.000000
v 2.002000 0.229000 0.000000
v 2.003249 0.249998 0.000000
v 2.006907 0.269898 0.000000
v 2.012844 0.288563 0.000000
v 2.020926 0.305852 0.000000
v 2.031022 0.321627 0.000000
v 2.043000 0.335750 0.000000
v 2.056728 0.348081 0.000000
v 2.072074 0.358482 0.000000
v 2.088906 0.366813 0.000000
v 2.107092 0.372935 0.000000
v 2.126501 0.376711 0.000000
v 1.819000 0.585000 0.000000
v 1.818511 0.592135 0.000000
v 1.817088 0.598995 0.000000
v 1.814797 0.605516 0.000000
v 1.811704 0.611630 0.000000
v 1.807874 0.617271 0.000000
v 1.803375 0.622375 0.000000
v 1.798271 0.626875 0.000000
v 1.792630 0.630704 0.000000
v 1.786516 0.633797 0.000000
v 1.779995 0.636088 0.000000
v 1.773135 0.637511 0.000000
v 1.766000 0.638000 0.000000
v 1.758865 0.637511 0.000000
v 1.752005 0.636088 0.000000
v 1.745484 0.633797 0.000000
v 1.739370 0.630704 0.000000
v 1.733729 0.626874 0.000000
v 1.728625 0.622375 0.000000
v 1.724126 0.617271 0.000000
v 1.720296 0.611630 0.000000
v 1.717203 0.605516 0.000000
v 1.714912 0.598995 0.000000
v 1.713489 0.592135 0.000000
v 1.713000 0.585000 0.000000
v 1.713489 0.577865 0.000000
v 1.714912 0.571005 0.000000
v 1.717203 0.564484 0.000000
v 1.720296 0.558370 0.000000
v 1.724125 0.552729 0.000000
v 1.728625 0.547625 0.000000
v 1.733728 0.543126 0.000000
v 1.739370 0.539296 0.000000
v 1.745484 0.536203 0.000000
v 1.752005 0.533912 0.000000
v 1.758865 0.532489 0.000000
v 1.766000 0.532000 0.000000
v 1.773135 0.532489 0.000000
v 1.779995 0.533912 0.000000
v 1.786515 0.536203 0.000000
v 1.792629 0.539296 0.000000
v 1.798271 0.543126 0.000000
v 1.803375 0.547625 0.000000
v 1.807874 0.552729 0.000000
v 1.811704 0.558370 0.000000
v 1.814797 0.564484 0.000000
v 1.817088 0.571005 0.000000
v 1.818511 0.577865 0.000000
v 1.810000 0.449000 0.000000
v 1.721000 0.449000 0.000000
v 1.721000 0.000000 0.000000
v 1.810000 0.000000 0.000000
v 1.490000 0.542000 0.000000
v 1.323000 0.379000 0.000000
v 1.323000 0.369000 0.000000
v 1.401000 0.369000 0.000000
v 1.401000 0.132000 0.000000
v 1.402020 0.112210 0.000000
v 1.405079 0.093431 0.000000
v 1.410172 0.075797 0.000000
v 1.417296 0.059444 0.000000
v 1.426448 0.044509 0.000000
v 1.437625 0.031125 0.000000
v 1.450822 0.019429 0.000000
v 1.466037 0.009556 0.000000
v 1.483266 0.001641 0.000000
v 1.502504 -0.004181 -0.000000
v 1.523750 -0.007773 -0.000000
v 1.547000 -0.009000 -0.000000
v 1.554625 -0.008734 -0.000000
v 1.562917 -0.007958 -0.000000
v 1.571750 -0.006703 -0.000000
v 1.581000 -0.005000 -0.000000
v 1.590542 -0.002880 -0.000000
v 1.600250 -0.000375 -0.000000
v 1.610000 0.002484 0.000000
v 1.619667 0.005667 0.000000
v 1.629125 0.009141 0.000000
v 1.638250 0.012875 0.000000
v 1.646917 0.016839 0.000000
v 1.655000 0.021000 0.000000
v 1.655000 0.104000 0.000000
v 1.646061 0.098729 0.000000
v 1.637241 0.093917 0.000000
v 1.628531 0.089563 0.000000
v 1.619926 0.085667 0.000000
v 1.611418 0.082229 0.000000
v 1.603000 0.079250 0.000000
v 1.594665 0.076729 0.000000
v 1.586407 0.074667 0.000000
v 1.578218 0.073063 0.000000
v 1.570092 0.071917 0.000000
v 1.562022 0.071229 0.000000
v 1.554000 0.071000 0.000000
v 1.547279 0.071326 0.000000
v 1.540231 0.072356 0.000000
v 1.533031 0.074172 0.000000
v 1.525852 0.076852 0.000000
v 1.518867 0.080476 0.000000
v 1.512250 0.085125 0.000000
v 1.506175 0.090878 0.000000
v 1.500815 0.097815 0.000000
v 1.496344 0.106016 0.000000
v 1.492935 0.115560 0.000000
v 1.490763 0.126528 0.000000
v 1.490000 0.139000 0.000000
v 1.490000 0.369000 0.000000
v 1.632000 0.369000 0.000000
v 1.632000 0.449000 0.000000
v 1.490000 0.449000 0.000000
v 0.969000 0.011000 0.000000
v 0.977359 0.007666 0.000000
v 0.985458 0.004657 0.000000
v 0.993328 0.001969 0.000000
v 1.001000 -0.000407 -0.000000
v 1.008505 -0.002478 -0.000000
v 1.015875 -0.004250 -0.000000
v 1.023141 -0.005730 -0.000000
v 1.030333 -0.006926 -0.000000
v 1.037484 -0.007844 -0.000000
v 1.044625 -0.008491 -0.000000
v 1.051787 -0.008874 -0.000000
v 1.059000 -0.009000 -0.000000
v 1.091425 -0.007053 -0.000000
v 1.122069 -0.001338 -0.000000
v 1.150734 0.007953 0.000000
v 1.177222 0.020630 0.000000
v 1.201335 0.036501 0.000000
v 1.222875 0.055375 0.000000
v 1.241644 0.077062 0.000000
v 1.257445 0.101370 0.000000
v 1.270078 0.128109 0.000000
v 1.279347 0.157088 0.000000
v 1.285054 0.188115 0.000000
v 1.287000 0.221000 0.000000
v 1.285154 0.256576 0.000000
v 1.279648 0.289278 0.000000
v 1.270531 0.319063 0.000000
v 1.257852 0.345889 0.000000
v 1.241659 0.369715 0.000000
v 1.222000 0.390500 0.000000
v 1.198925 0.408201 0.000000
v 1.172482 0.422778 0.000000
v 1.142719 0.434188 0.000000
v 1.109685 0.442389 0.000000
v 1.073429 0.447340 0.000000
v 1.034000 0.449000 0.000000
v 0.880000 0.449000 0.000000
v 0.880000 -0.230000 -0.000000
v 0.969000 -0.230000 -0.000000
v 0.969000 0.369000 0.000000
v 1.050000 0.369000 0.000000
v 1.073249 0.367884 0.000000
v 1.094495 0.364569 0.000000
v 1.113734 0.359109 0.000000
v 1.130963 0.351556 0.000000
v 1.146178 0.341960 0.000000
v 1.159375 0.330375 0.000000
v 1.170551 0.316852 0.000000
v 1.179704 0.301445 0.000000
v 1.186828 0.284203 0.000000
v 1.191921 0.265181 0.000000
v 1.194980 0.244429 0.000000
v 1.196000 0.222000 0.000000
v 1.194772 0.200753 0.000000
v 1.191171 0.180606 0.000000
v 1.185328 0.161703 0.000000
v 1.177370 0.144185 0.000000
v 1.167427 0.128195 0.000000
v 1.155625 0.113875 0.000000
v 1.142094 0.101367 0.000000
v 1.126963 0.090815 0.000000
v 1.110359 0.082359 0.000000
v 1.092412 0.076144 0.000000
v 1.073249 0.072310 0.000000
v 1.053000 0.071000 0.000000
v 1.045981 0.071145 0.000000
v 1.038931 0.071579 0.000000
v 1.031859 0.072297 0.000000
v 1.024778 0.073296 0.000000
v 1.017696 0.074574 0.000000
v 1.010625 0.076125 0.000000
v 1.003575 0.077947 0.000000
v 0.996556 0.080037 0.000000
v 0.989578 0.082391 0.000000
v 0.982653 0.085005 0.000000
v 0.975790 0.087876 0.000000
v 0.969000 0.091000 0.000000
v 0.045000 0.341000 0.000000
v 0.047903 0.295251 0.000000
v 0.056477 0.250838 0.000000
v 0.070516 0.208266 0.000000
v 0.089815 0.168037 0.000000
v 0.114170 0.130656 0.000000
v 0.143375 0.096625 0.000000
v 0.177226 0.066448 0.000000
v 0.215519 0.040630 0.000000
v 0.258047 0.019672 0.000000
v 0.304606 0.004079 0.000000
v 0.354992 -0.005646 -0.000000
v 0.409000 -0.009000 -0.000000
v 0.464786 -0.005627 -0.000000
v 0.516542 0.004148 0.000000
v 0.564109 0.019813 0.000000
v 0.607333 0.040852 0.000000
v 0.646057 0.066752 0.000000
v 0.680125 0.097000 0.000000
v 0.709380 0.131081 0.000000
v 0.733667 0.168481 0.000000
v 0.752828 0.208688 0.000000
v 0.766708 0.251185 0.000000
v 0.775151 0.295461 0.000000
v 0.778000 0.341000 0.000000
v 0.775076 0.387800 0.000000
v 0.766440 0.432898 0.000000
v 0.752297 0.475844 0.000000
v 0.732852 0.516185 0.000000
v 0.708310 0.553471 0.000000
v 0.678875 0.587250 0.000000
v 0.644753 0.617071 0.000000
v 0.606148 0.642482 0.000000
v 0.563266 0.663031 0.000000
v 0.516310 0.678269 0.000000
v 0.465487 0.687742 0.000000
v 0.411000 0.691000 0.000000
v 0.357373 0.687723 0.000000
v 0.307153 0.678199 0.000000
v 0.260578 0.662891 0.000000
v 0.217889 0.642259 0.000000
v 0.179325 0.616767 0.000000
v 0.145125 0.586875 0.000000
v 0.115530 0.553046 0.000000
v 0.090778 0.515741 0.000000
v 0.071109 0.475422 0.000000
v 0.056764 0.432551 0.000000
v 0.047981 0.387590 0.000000
v 0.146000 0.341000 0.000000
v 0.148311 0.377626 0.000000
v 0.155074 0.412343 0.000000
v 0.166031 0.444906 0.000000
v 0.180926 0.475074 0.000000
v 0.199501 0.502603 0.000000
v 0.221500 0.527250 0.000000
v 0.246666 0.548772 0.000000
v 0.274741 0.566926 0.000000
v 0.305469 0.581469 0.000000
v 0.338593 0.592157 0.000000
v 0.373855 0.598749 0.000000
v 0.411000 0.601000 0.000000
v 0.448374 0.598749 0.000000
v 0.483829 0.592157 0.000000
v 0.517109 0.581469 0.000000
v 0.547963 0.566926 0.000000
v 0.576136 0.548772 0.000000
v 0.601375 0.527250 0.000000
v 0.623426 0.502603 0.000000
v 0.642037 0.475074 0.000000
v 0.656953 0.444906 0.000000
v 0.667921 0.412343 0.000000
v 0.674688 0.377626 0.000000
v 0.677000 0.341000 0.000000
v 0.674688 0.304584 0.000000
v 0.667921 0.270005 0.000000
v 0.656953 0.237516 0.000000
v 0.642037 0.207370 0.000000
v 0.623427 0.179822 0.000000
v 0.601375 0.155125 0.000000
v 0.576136 0.133532 0.000000
v 0.547963 0.115296 0.000000
v 0.517109 0.100672 0.000000
v 0.483829 0.089912 0.000000
v 0.448375 0.083270 0.000000
v 0.411000 0.081000 0.000000
v 0.373855 0.083270 0.000000
v 0.338593 0.089912 0.000000
v 0.305469 0.100672 0.000000
v 0.274741 0.115296 0.000000
v 0.246666 0.133532 0.000000
v 0.221500 0.155125 0.000000
v 0.199501 0.179822 0.000000
v 0.180926 0.207370 0.000000
v 0.166031 0.237516 0.000000
v 0.155074 0.270005 0.000000
v 0.148311 0.304584 0.000000
v 3.251000 0.421000 -0.050000
v 3.239331 0.426980 -0.050000
v 3.227819 0.432421 -0.050000
v 3.216453 0.437328 -0.050000
v 3.205222 0.441704 -0.050000
v 3.194116 0.445552 -0.050000
v 3.183125 0.448875 -0.050000
v 3.172238 0.451678 -0.050000
v 3.161444 0.453963 -0.050000
v 3.150734 0.455734 -0.050000
v 3.140097 0.456995 -0.050000
v 3.129523 0.457749 -0.050000
v 3.119000 0.458000 -0.050000
v 3.097182 0.457051 -0.050000
v 3.076787 0.454241 -0.050000
v 3.057906 0.449625 -0.050000
v 3.040630 0.443259 -0.050000
v 3.025048 0.435199 -0.050000
v 3.011250 0.425500 -0.050000
v 2.999328 0.414218 -0.050000
v 2.989371 0.401407 -0.050000
v 2.981469 0.387125 -0.050000
v 2.975713 0.371426 -0.050000
v 2.972193 0.354366 -0.050000
v 2.971000 0.336000 -0.050000
v 2.975132 0.307516 -0.050000
v 2.986556 0.282292 -0.050000
v 3.003813 0.259922 -0.050000
v 3.025445 0.240000 -0.050000
v 3.049993 0.222120 -0.050000
v 3.076000 0.205875 -0.050000
v 3.102007 0.190859 -0.050000
v 3.126555 0.176667 -0.050000
v 3.148187 0.162891 -0.050000
v 3.165444 0.149125 -0.050000
v 3.176868 0.134964 -0.050000
v 3.181000 0.120000 -0.050000
v 3.180389 0.112313 -0.050000
v 3.178611 0.105250 -0.050000
v 3.175750 0.098812 -0.050000
v 3.171889 0.093000 -0.050000
v 3.167111 0.087812 -0.050000
v 3.161500 0.083250 -0.050000
v 3.155139 0.079313 -0.050000
v 3.148111 0.076000 -0.050000
v 3.140500 0.073313 -0.050000
v 3.132389 0.071250 -0.050000
v 3.123861 0.069813 -0.050000
v 3.115000 0.069000 -0.050000
v 3.105653 0.069397 -0.050000
v 3.095639 0.070593 -0.050000
v 3.085000 0.072594 -0.050000
v 3.073778 0.075407 -0.050000
v 3.062014 0.079041 -0.050000
v 3.049750 0.083500 -0.050000
v 3.037028 0.088793 -0.050000
v 3.023889 0.094926 -0.050000
v 3.010375 0.101906 -0.050000
v 2.996528 0.109741 -0.050000
v 2.982389 0.118436 -0.050000
v 2.968000 0.128000 -0.050000
v 2.968000 0.032000 -0.050000
v 2.982203 0.024891 -0.050000
v 2.995875 0.018546 -0.050000
v 3.009109 0.012938 -0.050000
v 3.022000 0.008037 -0.050000
v 3.034641 0.003817 -0.050000
v 3.047125 0.000250 -0.050000
v 3.059547 -0.002692 -0.050000
v 3.072000 -0.005037 -0.050000
v 3.084578 -0.006812 -0.050000
v 3.097375 -0.008046 -0.050000
v 3.110484 -0.008766 -0.050000
v 3.124000 -0.009000 -0.050000
v 3.144768 -0.007911 -0.050000
v 3.164477 -0.004708 -0.050000
v 3.182984 0.000516 -0.050000
v 3.200148 0.007667 -0.050000
v 3.215826 0.016651 -0.050000
v 3.229875 0.027375 -0.050000
v 3.242153 0.039745 -0.050000
v 3.252519 0.053667 -0.050000
v 3.260828 0.069047 -0.050000
v 3.266940 0.085792 -0.050000
v 3.270711 0.103807 -0.050000
v 3.272000 0.123000 -0.050000
v 3.271426 0.134207 -0.050000
v 3.269657 0.144903 -0.050000
v 3.266625 0.155203 -0.050000
v 3.262259 0.165222 -0.050000
v 3.256491 0.175075 -0.050000
v 3.249250 0.184875 -0.050000
v 3.240468 0.194738 -0.050000
v 3.230074 0.204778 -0.050000
v 3.218000 0.215109 -0.050000
v 3.204176 0.225847 -0.050000
v 3.188532 0.237106 -0.050000
v 3.171000 0.249000 -0.050000
v 3.152260 0.260052 -0.050000
v 3.135495 0.270250 -0.050000
v 3.120641 0.279656 -0.050000
v 3.107630 0.288333 -0.050000
v 3.096396 0.296344 -0.050000
v 3.086875 0.303750 -0.050000
v 3.078999 0.310615 -0.050000
v 3.072704 0.317000 -0.050000
v 3.067922 0.322969 -0.050000
v 3.064588 0.328583 -0.050000
v 3.062636 0.333906 -0.050000
v 3.062000 0.339000 -0.050000
v 3.062473 0.344848 -0.050000
v 3.063870 0.350370 -0.050000
v 3.066156 0.355531 -0.050000
v 3.069296 0.360296 -0.050000
v 3.073256 0.364631 -0.050000
v 3.078000 0.368500 -0.050000
v 3.083494 0.371869 -0.050000
v 3.089703 0.374704 -0.050000
v 3.096593 0.376969 -0.050000
v 3.104129 0.378630 -0.050000
v 3.112276 0.379652 -0.050000
v 3.121000 0.380000 -0.050000
v 3.129535 0.379705 -0.050000
v 3.138616 0.378810 -0.050000
v 3.148203 0.377297 -0.050000
v 3.158259 0.375148 -0.050000
v 3.168746 0.372347 -0.050000
v 3.179625 0.368875 -0.050000
v 3.190858 0.364716 -0.050000
v 3.202407 0.359852 -0.050000
v 3.214234 0.354266 -0.050000
v 3.226301 0.347940 -0.050000
v 3.238569 0.340857 -0.050000
v 3.251000 0.333000 -0.050000
v 2.577000 0.449000 -0.050000
v 2.488000 0.449000 -0.050000
v 2.488000 0.000000 -0.050000
v 2.577000 0.000000 -0.050000
v 2.577000 0.322000 -0.050000
v 2.587282 0.333152 -0.050000
v 2.597171 0.343134 -0.050000
v 2.606734 0.351984 -0.050000
v 2.616037 0.359741 -0.050000
v 2.625145 0.366442 -0.050000
v 2.634125 0.372125 -0.050000
v 2.643042 0.376829 -0.050000
v 2.651963 0.380593 -0.050000
v 2.660953 0.383453 -0.050000
v 2.670079 0.385449 -0.050000
v 2.679406 0.386619 -0.050000
v 2.689000 0.387000 -0.050000
v 2.702075 0.386116 -0.050000
v 2.714268 0.383509 -0.050000
v 2.725531 0.379250 -0.050000
v 2.735815 0.373407 -0.050000
v 2.745070 0.366051 -0.050000
v 2.753250 0.357250 -0.050000
v 2.760304 0.347074 -0.050000
v 2.766185 0.335593 -0.050000
v 2.770844 0.322875 -0.050000
v 2.774231 0.308991 -0.050000
v 2.776299 0.294009 -0.050000
v 2.777000 0.278000 -0.050000
v 2.777000 0.000000 -0.050000
v 2.866000 0.000000 -0.050000
v 2.866000 0.277000 -0.050000
v 2.864613 0.306400 -0.050000
v 2.860570 0.333116 -0.050000
v 2.854047 0.357172 -0.050000
v 2.845222 0.378593 -0.050000
v 2.834273 0.397402 -0.050000
v 2.821375 0.413625 -0.050000
v 2.806707 0.427285 -0.050000
v 2.790445 0.438407 -0.050000
v 2.772766 0.447016 -0.050000
v 2.753848 0.453134 -0.050000
v 2.733867 0.456788 -0.050000
v 2.713000 0.458000 -0.050000
v 2.700509 0.457483 -0.050000
v 2.688074 0.455949 -0.050000
v 2.675750 0.453422 -0.050000
v 2.663593 0.449926 -0.050000
v 2.651657 0.445486 -0.050000
v 2.640000 0.440125 -0.050000
v 2.628676 0.433869 -0.050000
v 2.617740 0.426741 -0.050000
v 2.607250 0.418766 -0.050000
v 2.597259 0.409968 -0.050000
v 2.587824 0.400371 -0.050000
v 2.579000 0.390000 -0.050000
v 2.577000 0.390000 -0.050000
v 2.148000 0.458000 -0.050000
v 2.115187 0.455958 -0.050000
v 2.083917 0.449995 -0.050000
v 2.054438 0.440359 -0.050000
v 2.027000 0.427296 -0.050000
v 2.001854 0.411053 -0.050000
v 1.979250 0.391875 -0.050000
v 1.959438 0.370010 -0.050000
v 1.942667 0.345704 -0.050000
v 1.929188 0.319203 -0.050000
v 1.919250 0.290755 -0.050000
v 1.913105 0.260605 -0.050000
v 1.911000 0.229000 -0.050000
v 1.913028 0.195328 -0.050000
v 1.918972 0.163454 -0.050000
v 1.928625 0.133594 -0.050000
v 1.941778 0.105963 -0.050000
v 1.958222 0.080777 -0.050000
v 1.977750 0.058250 -0.050000
v 2.000153 0.038598 -0.050000
v 2.025222 0.022037 -0.050000
v 2.052750 0.008781 -0.050000
v 2.082528 -0.000954 -0.050000
v 2.114347 -0.006953 -0.050000
v 2.148000 -0.009000 -0.050000
v 2.183031 -0.007029 -0.050000
v 2.216000 -0.001231 -0.050000
v 2.246719 0.008219 -0.050000
v 2.275000 0.021148 -0.050000
v 2.300656 0.037383 -0.050000
v 2.323500 0.056750 -0.050000
v 2.343344 0.079075 -0.050000
v 2.360000 0.104185 -0.050000
v 2.373281 0.131906 -0.050000
v 2.383000 0.162065 -0.050000
v 2.388969 0.194487 -0.050000
v 2.391000 0.229000 -0.050000
v 2.388911 0.261445 -0.050000
v 2.382792 0.292144 -0.050000
v 2.372859 0.320891 -0.050000
v 2.359333 0.347482 -0.050000
v 2.342432 0.371711 -0.050000
v 2.322375 0.393375 -0.050000
v 2.299380 0.412268 -0.050000
v 2.273667 0.428185 -0.050000
v 2.245453 0.440922 -0.050000
v 2.214958 0.450273 -0.050000
v 2.182401 0.456034 -0.050000
v 2.147000 0.378000 -0.050000
v 2.168706 0.376710 -0.050000
v 2.189236 0.372931 -0.050000
v 2.208453 0.366797 -0.050000
v 2.226222 0.358444 -0.050000
v 2.242408 0.348009 -0.050000
v 2.256875 0.335625 -0.050000
v 2.269488 0.321429 -0.050000
v 2.280111 0.305556 -0.050000
v 2.288609 0.288141 -0.050000
v 2.294847 0.269320 -0.050000
v 2.298689 0.249227 -0.050000
v 2.300000 0.228000 -0.050000
v 2.298785 0.204534 -0.050000
v 2.295194 0.182690 -0.050000
v 2.289312 0.162547 -0.050000
v 2.281222 0.144185 -0.050000
v 2.271007 0.127685 -0.050000
v 2.258750 0.113125 -0.050000
v 2.244535 0.100586 -0.050000
v 2.228444 0.090148 -0.050000
v 2.210562 0.081891 -0.050000
v 2.190972 0.075894 -0.050000
v 2.169757 0.072237 -0.050000
v 2.147000 0.071000 -0.050000
v 2.126081 0.072295 -0.050000
v 2.106398 0.076106 -0.050000
v 2.088062 0.082328 -0.050000
v 2.071185 0.090852 -0.050000
v 2.055877 0.101570 -0.050000
v 2.042250 0.114375 -0.050000
v 2.030414 0.129159 -0.050000
v 2.020481 0.145815 -0.050000
v 2.012562 0.164234 -0.050000
v 2.006768 0.184310 -0.050000
v 2.003210 0.205935 -0.050000
v 2.002000 0.229000 -0.050000
v 2.003249 0.249998 -0.050000
v 2.006907 0.269898 -0.050000
v 2.012844 0.288563 -0.050000
v 2.020926 0.305852 -0.050000
v 2.031022 0.321627 -0.050000
v 2.043000 0.335750 -0.050000
v 2.056728 0.348081 -0.050000
v 2.072074 0.358482 -0.050000
v 2.088906 0.366813 -0.050000
v 2.107092 0.372935 -0.050000
v 2.126501 0.376711 -0.050000
v 1.819000 0.585000 -0.050000
v 1.818511 0.592135 -0.050000
v 1.817088 0.598995 -0.050000
v 1.814797 0.605516 -0.050000
v 1.811704 0.611630 -0.050000
v 1.807874 0.617271 -0.050000
v 1.803375 0.622375 -0.050000
v 1.798271 0.626875 -0.050000
v 1.792630 0.630704 -0.050000
v 1.786516 0.633797 -0.050000
v 1.779995 0.636088 -0.050000
v 1.773135 0.637511 -0.050000
v 1.766000 0.638000 -0.050000
v 1.758865 0.637511 -0.050000
v 1.752005 0.636088 -0.050000
v 1.745484 0.633797 -0.050000
v 1.739370 0.630704 -0.050000
v 1.733729 0.626874 -0.050000
v 1.728625 0.622375 -0.050000
v 1.724126 0.617271 -0.050000
v 1.720296 0.611630 -0.050000
v 1.717203 0.605516 -0.050000
v 1.714912 0.598995 -0.050000
v 1.713489 0.592135 -0.050000
v 1.713000 0.585000 -0.050000
v 1.713489 0.577865 -0.050000
v 1.714912 0.571005 -0.050000
v 1.717203 0.564484 -0.050000
v 1.720296 0.558370 -0.050000
v 1.724125 0.552729 -0.050000
v 1.728625 0.547625 -0.050000
v 1.733728 0.543126 -0.050000
v 1.739370 0.539296 -0.050000
v 1.745484 0.536203 -0.050000
v 1.752005 0.533912 -0.050000
v 1.758865 0.532489 -0.050000
v 1.766000 0.532000 -0.050000
v 1.773135 0.532489 -0.050000
v 1.779995 0.533912 -0.050000
v 1.786515 0.536203 -0.050000
v 1.792629 0.539296 -0.050000
v 1.798271 0.543126 -0.050000
v 1.803375 0.547625 -0.050000
v 1.807874 0.552729 -0.050000
v 1.811704 0.558370 -0.050000
v 1.814797 0.564484 -0.050000
v 1.817088 0.571005 -0.050000
v 1.818511 0.577865 -0.050000
v 1.810000 0.449000 -0.050000
v 1.721000 0.449000 -0.050000
v 1.721000 0.000000 -0.050000
v 1.810000 0.000000 -0.050000
v 1.490000 0.542000 -0.050000
v 1.323000 0.379000 -0.050000
v 1.323000 0.369000 -0.050000
v 1.401000 0.369000 -0.050000
v 1.401000 0.132000 -0.050000
v 1.402020 0.112210 -0.050000
v 1.405079 0.093431 -0.050000
v 1.410172 0.075797 -0.050000
v 1.417296 0.059444 -0.050000
v 1.426448 0.044509 -0.050000
v 1.437625 0.031125 -0.050000
v 1.450822 0.019429 -0.050000
v 1.466037 0.009556 -0.050000
v 1.483266 0.001641 -0.050000
v 1.502504 -0.004181 -0.050000
v 1.523750 -0.007773 -0.050000
v 1.547000 -0.009000 -0.050000
v 1.554625 -0.008734 -0.050000
v 1.562917 -0.007958 -0.050000
v 1.571750 -0.006703 -0.050000
v 1.581000 -0.005000 -0.050000
v 1.590542 -0.002880 -0.050000
v 1.600250 -0.000375 -0.050000
v 1.610000 0.002484 -0.050000
v 1.619667 0.005667 -0.050000
v 1.629125 0.009141 -0.050000
v 1.638250 0.012875 -0.050000
v 1.646917 0.016839 -0.050000
v 1.655000 0.021000 -0.050000
v 1.655000 0.104000 -0.050000
v 1.646061 0.098729 -0.050000
v 1.637241 0.093917 -0.050000
v 1.628531 0.089563 -0.050000
v 1.619926 0.085667 -0.050000
v 1.611418 0.082229 -0.050000
v 1.603000 0.079250 -0.050000
v 1.594665 0.076729 -0.050000
v 1.586407 0.074667 -0.050000
v 1.578218 0.073063 -0.050000
v 1.570092 0.071917 -0.050000
v 1.562022 0.071229 -0.050000
v 1.554000 0.071000 -0.050000
v 1.547279 0.071326 -0.050000
v 1.540231 0.072356 -0.050000
v 1.533031 0.074172 -0.050000
v 1.525852 0.076852 -0.050000
v 1.518867 0.080476 -0.050000
v 1.512250 0.085125 -0.050000
v 1.506175 0.090878 -0.050000
v 1.500815 0.097815 -0.050000
v 1.496344 0.106016 -0.050000
v 1.492935 0.115560 -0.050000
v 1.490763 0.126528 -0.050000
v 1.490000 0.139000 -0.050000
v 1.490000 0.369000 -0.050000
v 1.632000 0.369000 -0.050000
v 1.632000 0.449000 -0.050000
v 1.490000 0.449000 -0.050000
v 0.969000 0.011000 -0.050000
v 0.977359 0.007666 -0.050000
v 0.985458 0.004657 -0.050000
v 0.993328 0.001969 -0.050000
v 1.001000 -0.000407 -0.050000
v 1.008505 -0.002478 -0.050000
v 1.015875 -0.004250 -0.050000
v 1.023141 -0.005730 -0.050000
v 1.030333 -0.006926 -0.050000
v 1.037484 -0.007844 -0.050000
v 1.044625 -0.008491 -0.050000
v 1.051787 -0.008874 -0.050000
v 1.059000 -0.009000 -0.050000
v 1.091425 -0.007053 -0.050000
v 1.122069 -0.001338 -0.050000
v 1.150734 0.007953 -0.050000
v 1.177222 0.020630 -0.050000
v 1.201335 0.036501 -0.050000
v 1.222875 0.055375 -0.050000
v 1.241644 0.077062 -0.050000
v 1.257445 0.101370 -0.050000
v 1.270078 0.128109 -0.050000
v 1.279347 0.157088 -0.050000
v 1.285054 0.188115 -0.050000
v 1.287000 0.221000 -0.050000
v 1.285154 0.256576 -0.050000
v 1.279648 0.289278 -0.050000
v 1.270531 0.319063 -0.050000
v 1.257852 0.345889 -0.050000
v 1.241659 0.369715 -0.050000
v 1.222000 0.390500 -0.050000
v 1.198925 0.408201 -0.050000
v 1.172482 0.422778 -0.050000
v 1.142719 0.434188 -0.050000
v 1.109685 0.442389 -0.050000
v 1.073429 0.447340 -0.050000
v 1.034000 0.449000 -0.050000
v 0.880000 0.449000 -0.050000
v 0.880000 -0.230000 -0.050000
v 0.969000 -0.230000 -0.050000
v 0.969000 0.369000 -0.050000
v 1.050000 0.369000 -0.050000
v 1.073249 0.367884 -0.050000
v 1.094495 0.364569 -0.050000
v 1.113734 0.359109 -0.050000
v 1.130963 0.351556 -0.050000
v 1.146178 0.341960 -0.050000
v 1.159375 0.330375 -0.050000
v 1.170551 0.316852 -0.050000
v 1.179704 0.301445 -0.050000
v 1.186828 0.284203 -0.050000
v 1.191921 0.265181 -0.050000
v 1.194980 0.244429 -0.050000
v 1.196000 0.222000 -0.050000
v 1.194772 0.200753 -0.050000
v 1.191171 0.180606 -0.050000
v 1.185328 0.161703 -0.050000
v 1.177370 0.144185 -0.050000
v 1.167427 0.128195 -0.050000
v 1.155625 0.113875 -0.050000
v 1.142094 0.101367 -0.050000
v 1.126963 0.090815 -0.050000
v 1.110359 0.082359 -0.050000
v 1.092412 0.076144 -0.050000
v 1.073249 0.072310 -0.050000
v 1.053000 0.071000 -0.050000
v 1.045981 0.071145 -0.050000
v 1.038931 0.071579 -0.050000
v 1.031859 0.072297 -0.050000
v 1.024778 0.073296 -0.050000
v 1.017696 0.074574 -0.050000
v 1.010625 0.076125 -0.050000
v 1.003575 0.077947 -0.050000
v 0.996556 0.080037 -0.050000
v 0.989578 0.082391 -0.050000
v 0.982653 0.085005 -0.050000
v 0.975790 0.087876 -0.050000
v 0.969000 0.091000 -0.050000
v 0.045000 0.341000 -0.050000
v 0.047903 0.295251 -0.050000
v 0.056477 0.250838 -0.050000
v 0.070516 0.208266 -0.050000
v 0.089815 0.168037 -0.050000
v 0.114170 0.130656 -0.050000
v 0.143375 0.096625 -0.050000
v 0.177226 0.066448 -0.050000
v 0.215519 0.040630 -0.050000
v 0.258047 0.019672 -0.050000
v 0.304606 0.004079 -0.050000
v 0.354992 -0.005646 -0.050000
v 0.409000 -0.009000 -0.050000
v 0.464786 -0.005627 -0.050000
v 0.516542 0.004148 -0.050000
v 0.564109 0.019813 -0.050000
v 0.607333 0.040852 -0.050000
v 0.646057 0.066752 -0.050000
v 0.680125 0.097000 -0.050000
v 0.709380 0.131081 -0.050000
v 0.733667 0.168481 -0.050000
v 0.752828 0.208688 -0.050000
v 0.766708 0.251185 -0.050000
v 0.775151 0.295461 -0.050000
v 0.778000 0.341000 -0.050000
v 0.775076 0.387800 -0.050000
v 0.766440 0.432898 -0.050000
v 0.752297 0.475844 -0.050000
v 0.732852 0.516185 -0.050000
v 0.708310 0.553471 -0.050000
v 0.678875 0.587250 -0.050000
v 0.644753 0.617071 -0.050000
v 0.606148 0.642482 -0.050000
v 0.563266 0.663031 -0.050000
v 0.516310 0.678269 -0.050000
v 0.465487 0.687742 -0.050000
v 0.411000 0.691000 -0.050000
v 0.357373 0.687723 -0.050000
v 0.307153 0.678199 -0.050000
v 0.260578 0.662891 -0.050000
v 0.217889 0.642259 -0.050000
v 0.179325 0.616767 -0.050000
v 0.145125 0.586875 -0.050000
v 0.115530 0.553046 -0.050000
v 0.090778 0.515741 -0.050000
v 0.071109 0.475422 -0.050000
v 0.056764 0.432551 -0.050000
v 0.047981 0.387590 -0.050000
v 0.146000 0.341000 -0.050000
v 0.148311 0.377626 -0.050000
v 0.155074 0.412343 -0.050000
v 0.166031 0.444906 -0.050000
v 0.180926 0.475074 -0.050000
v 0.199501 0.502603 -0.050000
v 0.221500 0.527250 -0.050000
v 0.246666 0.548772 -0.050000
v 0.274741 0.566926 -0.050000
v 0.305469 0.581469 -0.050000
v 0.338593 0.592157 -0.050000
v 0.373855 0.598749 -0.050000
v 0.411000 0.601000 -0.050000
v 0.448374 0.598749 -0.050000
v 0.483829 0.592157 -0.050000
v 0.517109 0.581469 -0.050000
v 0.547963 0.566926 -0.050000
v 0.576136 0.548772 -0.050000
v 0.601375 0.527250 -0.050000
v 0.623426 0.502603 -0.050000
v 0.642037 0.475074 -0.050000
v 0.656953 0.444906 -0.050000
v 0.667921 0.412343 -0.050000
v 0.674688 0.377626 -0.050000
v 0.677000 0.341000 -0.050000
v 0.674688 0.304584 -0.050000
v 0.667921 0.270005 -0.050000
v 0.656953 0.237516 -0.050000
v 0.642037 0.207370 -0.050000
v 0.623427 0.179822 -0.050000
v 0.601375 0.155125 -0.050000
v 0.576136 0.133532 -0.050000
v 0.547963 0.115296 -0.050000
v 0.517109 0.100672 -0.050000
v 0.483829 0.089912 -0.050000
v 0.448375 0.083270 -0.050000
v 0.411000 0.081000 -0.050000
v 0.373855 0.083270 -0.050000
v 0.338593 0.089912 -0.050000
v 0.305469 0.100672 -0.050000
v 0.274741 0.115296 -0.050000
v 0.246666 0.133532 -0.050000
v 0.221500 0.155125 -0.050000
v 0.199501 0.179822 -0.050000
v 0.180926 0.207370 -0.050000
v 0.166031 0.237516 -0.050000
v 0.155074 0.270005 -0.050000
v 0.148311 0.304584 -0.050000
vn -0.0000 -0.0000 1.0000
vn -0.0000 -0.0000 -1.0000
vn -0.0000 -1.0000 -0.0000
vn 0.9987 0.0512 -0.0000
vn 0.1353 0.9908 -0.0000
vn 0.3315 0.9435 -0.0000
vn 1.0000 -0.0000 -0.0000
vn -1.0000 -0.0000 -0.0000
vn -0.3315 0.9435 -0.0000
vn -0.0621 0.9981 -0.0000
vn 0.7460 -0.6659 -0.0000
vn 0.2410 0.9705 -0.0000
vn 0.5535 0.8328 -0.0000
vn 0.0570 0.9984 -0.0000
vn 0.9008 0.4342 -0.0000
vn 0.3580 0.9337 -0.0000
vn 0.4514 0.8923 -0.0000
vn 0.9978 -0.0670 -0.0000
vn -0.8988 0.4384 -0.0000
vn -0.4514 0.8923 -0.0000
vn 0.1742 0.9847 -0.0000
vn -0.9969 0.0792 -0.0000
vn 0.4827 0.8758 -0.0000
vn -0.1873 0.9823 -0.0000
vn -0.8284 -0.5601 -0.0000
vn 0.6087 0.7934 -0.0000
vn 0.5616 0.8274 -0.0000
vn 0.5239 0.8518 -0.0000
vn -0.5616 0.8274 -0.0000
vn 0.2932 0.9561 -0.0000
vn -0.9697 0.2441 -0.0000
vn 0.8289 -0.5593 -0.0000
vn 0.7265 0.6871 -0.0000
vn -0.3107 0.9505 -0.0000
vn 0.9498 0.3128 -0.0000
vn 0.6613 0.7501 -0.0000
vn 0.4924 0.8704 -0.0000
vn -0.9483 0.3173 -0.0000
vn -0.0480 -0.9988 -0.0000
vn -0.6613 0.7501 -0.0000
vn 0.4115 0.9114 -0.0000
vn -0.9138 0.4061 -0.0000
vn -0.4299 0.9029 -0.0000
vn -0.8964 -0.4432 -0.0000
vn 0.8271 0.5621 -0.0000
vn 0.7501 0.6613 -0.0000
vn 0.9788 -0.2049 -0.0000
vn -0.7501 0.6613 -0.0000
vn 0.5263 0.8503 -0.0000
vn 0.8967 -0.4427 -0.0000
vn -0.5426 0.8400 -0.0000
vn 0.4589 0.8885 -0.0000
vn -0.9477 -0.3192 -0.0000
vn -0.1541 -0.9881 -0.0000
vn -0.8330 0.5533 -0.0000
vn 0.8274 0.5616 -0.0000
vn -0.2730 -0.9620 -0.0000
vn -0.8274 0.5616 -0.0000
vn 0.6348 0.7726 -0.0000
vn 0.9478 -0.3189 -0.0000
vn -0.6469 0.7625 -0.0000
vn 0.4230 0.9061 -0.0000
vn -0.4015 -0.9158 -0.0000
vn -0.7355 0.6775 -0.0000
vn 0.9822 0.1881 -0.0000
vn 0.8923 0.4514 -0.0000
vn -0.9814 0.1917 -0.0000
vn -0.5334 -0.8458 -0.0000
vn -0.8923 0.4514 -0.0000
vn 0.7338 0.6794 -0.0000
vn -0.7410 0.6715 -0.0000
vn 0.3841 0.9233 -0.0000
vn -0.9815 -0.1913 -0.0000
vn -0.6309 0.7759 -0.0000
vn 0.9041 0.4273 -0.0000
vn 0.9434 0.3315 -0.0000
vn -0.6597 -0.7515 -0.0000
vn -0.9434 0.3315 -0.0000
vn 0.9816 -0.1912 -0.0000
vn 0.9394 -0.3429 -0.0000
vn -0.7708 -0.6371 -0.0000
vn 0.0628 -0.9980 -0.0000
vn 0.9981 0.0624 -0.0000
vn 0.9792 0.2031 -0.0000
vn -0.0593 -0.9982 -0.0000
vn 0.3417 0.9398 -0.0000
vn -0.9980 0.0639 -0.0000
vn -0.9792 0.2031 -0.0000
vn -0.5263 0.8503 -0.0000
vn 0.9562 0.2927 -0.0000
vn -0.9980 -0.0630 -0.0000
vn -0.8598 -0.5107 -0.0000
vn 0.1909 -0.9816 -0.0000
vn -0.4263 0.9046 -0.0000
vn 0.9977 0.0684 -0.0000
vn -0.1811 -0.9835 -0.0000
vn -0.9242 -0.3819 -0.0000
vn -0.9977 0.0684 -0.0000
vn 0.9980 -0.0630 -0.0000
vn -0.0435 0.9991 -0.0000
vn 0.2951 0.9555 -0.0000
vn -0.9980 -0.0633 -0.0000
vn -0.9977 -0.0684 -0.0000
vn 0.3191 -0.9477 -0.0000
vn -0.3330 0.9429 -0.0000
vn 0.0238 0.9997 -0.0000
vn 0.9861 0.1660 -0.0000
vn -0.3041 -0.9527 -0.0000
vn -0.9660 -0.2586 -0.0000
vn 0.9980 0.0633 -0.0000
vn 0.0711 0.9975 -0.0000
vn 0.9977 -0.0684 -0.0000
vn 0.2432 0.9700 -0.0000
vn -0.9980 0.0634 -0.0000
vn -0.1365 0.9906 -0.0000
vn -0.9893 -0.1458 -0.0000
vn 0.8202 0.5721 -0.0000
vn -0.2464 0.9692 -0.0000
vn 0.9792 -0.2031 -0.0000
vn -0.8231 0.5679 -0.0000
vn -0.9792 -0.2031 -0.0000
vn 0.9980 -0.0624 -0.0000
vn 0.1177 0.9930 -0.0000
vn 0.9987 0.0518 -0.0000
vn 0.1849 0.9828 -0.0000
vn -0.9990 -0.0454 -0.0000
vn 0.4436 -0.8962 -0.0000
vn -0.1662 0.9861 -0.0000
vn 0.9814 0.1919 -0.0000
vn 0.1632 0.9866 -0.0000
vn 0.9434 -0.3315 -0.0000
vn -0.4254 -0.9050 -0.0000
vn -0.9814 0.1920 -0.0000
vn -0.2375 0.9714 -0.0000
vn -0.9983 0.0577 -0.0000
vn -0.9434 -0.3315 -0.0000
vn 0.1186 0.9929 -0.0000
vn 0.5610 -0.8278 -0.0000
vn -0.0913 0.9958 -0.0000
vn 0.9823 -0.1873 -0.0000
vn 0.2071 0.9783 -0.0000
vn 0.9983 -0.0591 -0.0000
vn 0.8923 -0.4514 -0.0000
vn -0.5419 -0.8405 -0.0000
vn -0.9819 -0.1895 -0.0000
vn -0.9844 0.1759 -0.0000
vn -0.8923 -0.4514 -0.0000
vn 0.2493 0.9684 -0.0000
vn 0.0424 0.9991 -0.0000
vn -0.3458 0.9383 -0.0000
vn 0.6682 -0.7439 -0.0000
vn 0.9476 0.3196 -0.0000
vn 0.9835 -0.1809 -0.0000
vn 0.8274 -0.5616 -0.0000
vn -0.6503 -0.7597 -0.0000
vn 0.8798 -0.4753 -0.0000
vn -0.9475 0.3199 -0.0000
vn -0.9554 0.2953 -0.0000
vn -0.8274 -0.5616 -0.0000
vn 0.2894 0.9572 -0.0000
vn -0.9105 0.4136 -0.0000
vn 0.8913 0.4534 -0.0000
vn 0.8021 -0.5972 -0.0000
vn 0.9506 -0.3105 -0.0000
vn 0.3274 0.9449 -0.0000
vn 0.7501 -0.6613 -0.0000
vn -0.8913 0.4534 -0.0000
vn -0.9497 -0.3132 -0.0000
vn -0.4595 0.8882 -0.0000
vn -0.7501 -0.6613 -0.0000
vn 0.7097 -0.7045 -0.0000
vn 0.9525 -0.3047 -0.0000
vn -0.4476 -0.8942 -0.0000
vn -0.8963 0.4435 -0.0000
vn -0.8492 0.5281 -0.0000
vn 0.7627 -0.6468 -0.0000
vn 0.3630 0.9318 -0.0000
vn 0.6613 -0.7501 -0.0000
vn -0.7476 -0.6642 -0.0000
vn -0.7717 0.6360 -0.0000
vn -0.6613 -0.7501 -0.0000
vn 0.6068 -0.7949 -0.0000
vn 0.8965 0.4430 -0.0000
vn 0.3963 0.9181 -0.0000
vn -0.4210 -0.9071 -0.0000
vn -0.5751 0.8181 -0.0000
vn 0.8423 -0.5390 -0.0000
vn 0.9027 -0.4302 -0.0000
vn 0.9042 -0.4272 -0.0000
vn 0.5616 -0.8274 -0.0000
vn -0.8311 -0.5562 -0.0000
vn -0.3902 -0.9207 -0.0000
vn -0.9016 -0.4325 -0.0000
vn -0.6788 0.7343 -0.0000
vn -0.5616 -0.8274 -0.0000
vn 0.4273 0.9041 -0.0000
vn -0.8286 0.5598 -0.0000
vn 0.9452 0.3266 -0.0000
vn 0.4972 -0.8676 -0.0000
vn 0.4561 0.8899 -0.0000
vn 0.8384 -0.5450 -0.0000
vn 0.4514 -0.8923 -0.0000
vn -0.9441 0.3298 -0.0000
vn -0.3553 -0.9347 -0.0000
vn -0.6874 0.7263 -0.0000
vn -0.5720 0.8202 -0.0000
vn -0.4514 -0.8923 -0.0000
vn 0.8291 0.5591 -0.0000
vn -0.3167 -0.9485 -0.0000
vn -0.7459 0.6660 -0.0000
vn 0.9059 -0.4235 -0.0000
vn 0.4180 0.9084 -0.0000
vn 0.3315 -0.9435 -0.0000
vn -0.8987 -0.4386 -0.0000
vn -0.2581 -0.9661 -0.0000
vn -0.4538 0.8911 -0.0000
vn -0.3315 -0.9435 -0.0000
vn 0.3846 -0.9231 -0.0000
vn 0.7467 0.6651 -0.0000
vn -0.2747 -0.9615 -0.0000
vn -0.3040 -0.9527 -0.0000
vn 0.9807 0.1955 -0.0000
vn 0.8387 -0.5446 -0.0000
vn 0.3859 0.9225 -0.0000
vn 0.2031 -0.9792 -0.0000
vn -0.9799 0.1997 -0.0000
vn -0.8379 -0.5459 -0.0000
vn -0.3472 -0.9378 -0.0000
vn -0.2031 -0.9792 -0.0000
vn 0.2717 -0.9624 -0.0000
vn 0.3531 0.9356 -0.0000
vn -0.2305 -0.9731 -0.0000
vn -0.6501 0.7599 -0.0000
vn -0.3881 -0.9216 -0.0000
vn -0.0684 -0.9977 -0.0000
vn 0.9530 -0.3031 -0.0000
vn 0.0684 -0.9977 -0.0000
vn -0.9492 -0.3146 -0.0000
vn -0.1850 -0.9827 -0.0000
vn -0.4271 -0.9042 -0.0000
vn -0.6985 0.7156 -0.0000
vn 0.6512 0.7589 -0.0000
vn 0.3196 0.9475 -0.0000
vn -0.5434 0.8395 -0.0000
vn -0.4643 -0.8857 -0.0000
vn -0.3273 0.9449 -0.0000
vn 0.9835 -0.1808 -0.0000
vn 0.1604 -0.9870 -0.0000
vn -0.9822 -0.1878 -0.0000
vn -0.1398 -0.9902 -0.0000
vn -0.5000 -0.8660 -0.0000
vn -0.0000 1.0000 -0.0000
vn 0.5447 0.8386 -0.0000
vn 0.2853 0.9584 -0.0000
vn -0.0960 -0.9954 -0.0000
vn -0.5343 -0.8453 -0.0000
vn 0.9979 0.0642 -0.0000
vn 0.7588 -0.6513 -0.0000
vn 0.2503 0.9682 -0.0000
vn -0.9978 0.0664 -0.0000
vn -0.7589 -0.6513 -0.0000
vn -0.7895 0.6137 -0.0000
vn 0.0523 -0.9986 -0.0000
vn 0.7561 -0.6544 -0.0000
vn -0.0548 -0.9985 -0.0000
vn -0.4283 0.9036 -0.0000
vn -0.1962 0.9806 -0.0000
vn 0.9982 -0.0594 -0.0000
vn -0.0173 -0.9999 -0.0000
vn -0.1559 -0.9878 -0.0000
vn -0.9981 -0.0617 -0.0000
vn -0.0413 0.9991 -0.0000
vn 0.4297 0.9030 -0.0000
vn -0.2090 -0.9779 -0.0000
vn 0.2143 0.9768 -0.0000
vn -0.9982 -0.0601 -0.0000
vn 0.0580 0.9983 -0.0000
vn -0.3076 0.9515 -0.0000
vn -0.8750 0.4841 -0.0000
vn -0.1224 0.9925 -0.0000
vn 0.1775 0.9841 -0.0000
vn 0.9986 0.0524 -0.0000
vn 0.3089 0.9511 -0.0000
vn -0.0981 -0.9952 -0.0000
vn 0.1397 0.9902 -0.0000
vn 0.1799 0.9837 -0.0000
vn -0.9389 0.3442 -0.0000
vn -0.0645 0.9979 -0.0000
vn 0.9981 0.0610 -0.0000
vn 0.9983 -0.0587 -0.0000
vn -0.2009 0.9796 -0.0000
vn 0.6639 -0.7478 -0.0000
vn -0.9987 -0.0515 -0.0000
vn -0.9987 0.0517 -0.0000
vn -0.6654 -0.7465 -0.0000
vn -0.2764 0.9611 -0.0000
vn 0.0399 -0.9992 -0.0000
vn 0.1010 0.9949 -0.0000
vn -0.1841 0.9829 -0.0000
vn 0.9809 0.1943 -0.0000
vn 0.9867 0.1624 -0.0000
vn -0.0345 -0.9994 -0.0000
vn 0.0614 0.9981 -0.0000
vn -0.9868 0.1622 -0.0000
vn 0.3077 0.9515 -0.0000
vn 0.9417 0.3363 -0.0000
vn -0.3487 0.9372 -0.0000
vn 0.1851 0.9827 -0.0000
vn 0.1245 -0.9922 -0.0000
vn 0.0207 0.9998 -0.0000
vn -0.9870 -0.1607 -0.0000
vn -0.9830 -0.1833 -0.0000
vn -0.0606 0.9982 -0.0000
vn 0.2152 -0.9766 -0.0000
vn 0.6590 -0.7521 -0.0000
vn 0.8780 0.4787 -0.0000
vn 0.9835 -0.1811 -0.0000
vn 0.0610 0.9981 -0.0000
vn 0.3123 -0.9500 -0.0000
vn -0.5079 0.8614 -0.0000
vn 0.5498 -0.8353 -0.0000
vn 0.9608 0.2773 -0.0000
vn 0.4153 -0.9097 -0.0000
vn -0.9599 0.2803 -0.0000
vn 0.5560 -0.8312 -0.0000
vn 0.4317 -0.9020 -0.0000
vn -0.4789 0.8778 -0.0000
vn 0.4378 0.8991 -0.0000
vn -0.5591 -0.8291 -0.0000
vn 0.5228 -0.8525 -0.0000
vn -0.4178 0.9085 -0.0000
vn -0.9794 0.2021 -0.0000
vn 0.9187 0.3950 -0.0000
vn -0.3705 -0.9288 -0.0000
vn 0.7913 0.6114 -0.0000
vn -0.9515 -0.3076 -0.0000
vn -0.4836 0.8753 -0.0000
vn 0.4377 -0.8991 -0.0000
vn -0.4472 0.8944 -0.0000
vn -0.4420 -0.8970 -0.0000
vn 0.6320 -0.7750 -0.0000
vn -0.9151 0.4032 -0.0000
vn 0.3083 -0.9513 -0.0000
vn -0.9607 -0.2775 -0.0000
vn 0.5645 0.8254 -0.0000
vn 0.7384 -0.6744 -0.0000
vn -0.3482 -0.9374 -0.0000
vn -0.5461 0.8377 -0.0000
vn 0.3128 -0.9498 -0.0000
vn 0.9518 -0.3067 -0.0000
vn -0.3176 -0.9482 -0.0000
vn 0.8350 -0.5502 -0.0000
vn -0.3233 -0.9463 -0.0000
vn 0.6876 0.7261 -0.0000
vn -0.4124 0.9110 -0.0000
vn 0.8589 0.5122 -0.0000
vn 0.6815 0.7318 -0.0000
vn 0.9143 -0.4050 -0.0000
vn -0.2959 -0.9552 -0.0000
vn -0.8502 0.5264 -0.0000
vn -0.6052 0.7961 -0.0000
vn 0.1856 -0.9826 -0.0000
vn -0.9979 0.0649 -0.0000
vn -0.3746 0.9272 -0.0000
vn -0.1895 -0.9819 -0.0000
vn -0.2660 -0.9640 -0.0000
vn -0.9029 -0.4298 -0.0000
vn -0.6609 0.7505 -0.0000
vn -0.0620 -0.9981 -0.0000
vn 0.9695 -0.2453 -0.0000
vn 0.5749 0.8182 -0.0000
vn 0.0603 -0.9982 -0.0000
vn 0.1833 -0.9831 -0.0000
vn -0.3336 0.9427 -0.0000
vn 0.9018 -0.4321 -0.0000
vn 0.7828 0.6223 -0.0000
vn 0.9967 -0.0808 -0.0000
vn -0.2338 -0.9723 -0.0000
vn -0.7131 0.7011 -0.0000
vn 0.7807 0.6250 -0.0000
vn 0.9923 0.1239 -0.0000
vn -0.1996 -0.9799 -0.0000
vn 0.4606 0.8876 -0.0000
vn -0.7650 0.6440 -0.0000
vn -0.7616 0.6480 -0.0000
vn -0.9896 -0.1436 -0.0000
vn -0.2895 0.9572 -0.0000
vn -0.1640 -0.9865 -0.0000
vn 0.6848 0.7288 -0.0000
vn 0.9389 0.3443 -0.0000
vn -0.1273 -0.9919 -0.0000
vn 0.3497 0.9369 -0.0000
vn -0.6615 0.7500 -0.0000
vn -0.2423 0.9702 -0.0000
vn 0.8642 0.5031 -0.0000
vn 0.8599 0.5105 -0.0000
vn -0.8373 -0.5467 -0.0000
vn 0.0599 -0.9982 -0.0000
vn -0.9168 -0.3994 -0.0000
vn 0.7804 0.6253 -0.0000
vn -0.0902 -0.9959 -0.0000
vn -0.1922 0.9813 -0.0000
vn 0.8333 -0.5528 -0.0000
vn 0.7121 0.7021 -0.0000
vn -0.0534 -0.9986 -0.0000
vn 0.7352 -0.6778 -0.0000
vn -0.0175 -0.9998 -0.0000
vn 0.5736 0.8192 -0.0000
vn 0.6571 0.7538 -0.0000
vn -0.0610 0.9981 -0.0000
vn 0.2445 0.9697 -0.0000
vn -0.5442 0.8389 -0.0000
vn 0.7104 -0.7038 -0.0000
vn -0.9109 -0.4125 -0.0000
vn -0.1396 0.9902 -0.0000
vn 0.0597 0.9982 -0.0000
vn 0.6792 -0.7339 -0.0000
vn 0.4508 0.8926 -0.0000
vn 0.6140 0.7893 -0.0000
vn 0.1832 0.9831 -0.0000
vn 0.1447 0.9895 -0.0000
vn -0.4192 0.9079 -0.0000
vn 0.6404 -0.7680 -0.0000
vn -0.1863 0.9825 -0.0000
vn -0.0849 0.9964 -0.0000
vn 0.5806 0.8142 -0.0000
vn 0.5926 -0.8055 -0.0000
vn 0.3213 0.9470 -0.0000
vn 0.5548 0.8320 -0.0000
vn 0.3087 0.9512 -0.0000
vn 0.0484 0.9988 -0.0000
vn -0.2927 0.9562 -0.0000
vn 0.5348 -0.8450 -0.0000
vn -0.7918 -0.6108 -0.0000
vn -0.3123 0.9500 -0.0000
vn -0.0286 0.9996 -0.0000
vn -0.7556 -0.6550 -0.0000
vn 0.4666 -0.8845 -0.0000
vn 0.5350 0.8449 -0.0000
vn 0.4322 0.9018 -0.0000
vn -0.8527 -0.5225 -0.0000
vn 0.3887 -0.9214 -0.0000
vn -0.4351 0.9004 -0.0000
vn 0.7474 -0.6643 -0.0000
vn 0.5197 0.8543 -0.0000
vn -0.7676 -0.6410 -0.0000
vn 0.3032 -0.9529 -0.0000
vn 0.1901 0.9818 -0.0000
vn 0.5080 0.8614 -0.0000
vn 0.5498 0.8353 -0.0000
vn -0.6633 -0.7484 -0.0000
vn -0.1699 0.9855 -0.0000
vn 0.2137 -0.9769 -0.0000
vn -0.6774 -0.7356 -0.0000
vn -0.5514 0.8342 -0.0000
vn 0.1244 -0.9922 -0.0000
vn 0.4577 -0.8891 -0.0000
vn 0.0618 0.9981 -0.0000
vn 0.5614 0.8275 -0.0000
vn 0.6581 0.7530 -0.0000
vn -0.5444 -0.8389 -0.0000
vn -0.0543 0.9985 -0.0000
vn 0.0397 -0.9992 -0.0000
vn -0.5887 -0.8083 -0.0000
vn -0.6581 0.7529 -0.0000
vn -0.0675 -0.9977 -0.0000
vn 0.4159 -0.9094 -0.0000
vn -0.6594 -0.7518 -0.0000
vn 0.5841 0.8117 -0.0000
vn 0.3788 -0.9255 -0.0000
vn -0.3537 -0.9353 -0.0000
vn 0.6134 0.7897 -0.0000
vn 0.0605 -0.9982 -0.0000
vn -0.4175 -0.9087 -0.0000
vn 0.6467 -0.7628 -0.0000
vn -0.5298 -0.8481 -0.0000
vn -0.0601 -0.9982 -0.0000
vn -0.5512 -0.8344 -0.0000
vn -0.4940 -0.8695 -0.0000
vn -0.1828 -0.9832 -0.0000
vn 0.3448 -0.9387 -0.0000
vn 0.6502 0.7598 -0.0000
vn 0.5347 -0.8450 -0.0000
vn 0.9246 0.3809 -0.0000
vn 0.3127 -0.9499 -0.0000
vn -0.4339 -0.9010 -0.0000
vn -0.6222 -0.7828 -0.0000
vn 0.1837 -0.9830 -0.0000
vn -0.3058 -0.9521 -0.0000
vn 0.2814 -0.9596 -0.0000
vn -0.7325 -0.6808 -0.0000
vn 0.6948 0.7192 -0.0000
vn -0.2896 -0.9571 -0.0000
vn 0.4158 -0.9095 -0.0000
vn -0.3107 -0.9505 -0.0000
vn -0.8218 -0.5697 -0.0000
vn 0.7468 0.6650 -0.0000
vn 0.3071 -0.9517 -0.0000
vn -0.5005 -0.8657 -0.0000
vn 0.2499 -0.9683 -0.0000
vn 0.7539 0.6570 -0.0000
vn 0.2940 -0.9558 -0.0000
vn 0.9652 0.2617 -0.0000
vn -0.7526 0.6584 -0.0000
vn 0.2169 -0.9762 -0.0000
vn -0.1853 -0.9827 -0.0000
vn -0.8900 -0.4559 -0.0000
vn 0.8043 0.5942 -0.0000
vn -0.1667 -0.9860 -0.0000
vn -0.5372 -0.8435 -0.0000
vn -0.4264 -0.9046 -0.0000
vn -0.9390 -0.3439 -0.0000
vn 0.1732 -0.9849 -0.0000
vn 0.1811 -0.9835 -0.0000
vn -0.0607 -0.9982 -0.0000
vn 0.8630 0.5053 -0.0000
vn 0.4278 -0.9039 -0.0000
vn 0.0562 -0.9984 -0.0000
vn 0.9887 0.1497 -0.0000
vn -0.5417 -0.8406 -0.0000
vn 0.1407 -0.9901 -0.0000
vn -0.9715 -0.2370 -0.0000
vn 0.9167 0.3995 -0.0000
vn -0.0527 -0.9986 -0.0000
vn -0.6236 -0.7818 -0.0000
vn 0.5430 -0.8397 -0.0000
vn 0.0348 -0.9994 -0.0000
vn 0.0932 -0.9956 -0.0000
vn -0.9906 -0.1368 -0.0000
vn 0.9593 0.2824 -0.0000
vn 0.8353 0.5498 -0.0000
vn -0.0684 0.9977 -0.0000
vn -0.7783 -0.6279 -0.0000
vn -0.8333 0.5529 -0.0000
vn 0.0684 0.9977 -0.0000
vn 0.9989 0.0471 -0.0000
vn -0.6489 -0.7609 -0.0000
vn -0.9990 -0.0437 -0.0000
vn 0.9866 0.1631 -0.0000
vn 0.2031 0.9792 -0.0000
vn -0.9639 -0.2662 -0.0000
vn -0.2031 0.9792 -0.0000
vn 0.6499 -0.7600 -0.0000
vn 0.0421 0.9991 -0.0000
vn -0.7453 -0.6668 -0.0000
vn -0.8285 -0.5601 -0.0000
vn 0.6348 0.7727 -0.0000
vn -0.7356 0.6774 -0.0000
vn -0.8923 0.4515 -0.0000
vn -0.9435 0.3315 -0.0000
vn 0.9815 -0.1912 -0.0000
vn 0.9394 -0.3428 -0.0000
vn 0.1910 -0.9816 -0.0000
vn 0.9435 -0.3315 -0.0000
vn 0.1185 0.9929 -0.0000
vn 0.8923 -0.4515 -0.0000
vn -0.3457 0.9383 -0.0000
vn -0.4594 0.8882 -0.0000
vn 0.7626 -0.6468 -0.0000
vn 0.6067 -0.7949 -0.0000
vn 0.3964 0.9181 -0.0000
vn -0.9798 0.1997 -0.0000
vn 0.2502 0.9682 -0.0000
vn -0.9981 -0.0616 -0.0000
vn 0.9983 -0.0588 -0.0000
vn 0.9867 0.1623 -0.0000
vn 0.9418 0.3363 -0.0000
vn -0.9831 -0.1833 -0.0000
vn 0.9835 -0.1810 -0.0000
vn -0.5080 0.8614 -0.0000
vn -0.9794 0.2020 -0.0000
vn -0.4472 0.8945 -0.0000
vn 0.6320 -0.7749 -0.0000
vn 0.7383 -0.6745 -0.0000
vn -0.5460 0.8378 -0.0000
vn -0.9979 0.0648 -0.0000
vn 0.9967 -0.0806 -0.0000
vn 0.9923 0.1240 -0.0000
vn 0.6848 0.7287 -0.0000
vn 0.9389 0.3442 -0.0000
vn -0.6615 0.7499 -0.0000
vn 0.8598 0.5106 -0.0000
vn 0.7805 0.6252 -0.0000
vn 0.7352 -0.6779 -0.0000
vn 0.6570 0.7539 -0.0000
vn -0.9109 -0.4126 -0.0000
vn -0.8526 -0.5225 -0.0000
vn 0.7474 -0.6644 -0.0000
vn -0.3537 -0.9354 -0.0000
vn 0.6135 0.7897 -0.0000
vn -0.6222 -0.7829 -0.0000
vn -0.9390 -0.3440 -0.0000
vn -0.9715 -0.2371 -0.0000
vn 0.9168 0.3994 -0.0000
vn -0.6236 -0.7817 -0.0000
vn -0.7783 -0.6278 -0.0000
vt 0.061455 0.926711
vt 0.077422 0.927287
vt 0.072223 0.927335
vt 0.082649 0.926989
vt 0.051403 0.925178
vt 0.087912 0.926443
vt 0.093214 0.925644
vt 0.042111 0.922764
vt 0.098560 0.924592
vt 0.103957 0.923286
vt 0.033624 0.919497
vt 0.109409 0.921723
vt 0.114921 0.919901
vt 0.025986 0.915406
vt 0.120499 0.917820
vt 0.126147 0.915478
vt 0.019241 0.910517
vt 0.131872 0.912873
vt 0.137677 0.910003
vt 0.013433 0.904860
vt 0.092202 0.886697
vt 0.097401 0.885388
vt 0.102798 0.883751
vt 0.108376 0.881777
vt 0.114114 0.879458
vt 0.119995 0.876783
vt 0.125999 0.873745
vt 0.132108 0.870334
vt 0.138304 0.866542
vt 0.008607 0.898463
vt 0.082475 0.888366
vt 0.087220 0.887687
vt 0.004806 0.891353
vt 0.077984 0.888743
vt 0.002075 0.883559
vt 0.069461 0.888594
vt 0.073766 0.888828
vt 0.065444 0.888031
vt 0.061734 0.887157
vt 0.058348 0.885989
vt 0.055301 0.884545
vt 0.052612 0.882842
vt 0.000459 0.875108
vt 0.050297 0.880898
vt 0.048372 0.878729
vt 0.046855 0.876353
vt 0.045763 0.873788
vt 0.000000 0.866030
vt 0.045113 0.871051
vt 0.044920 0.868159
vt 0.045271 0.865648
vt 0.002244 0.851992
vt 0.046273 0.863033
vt 0.047959 0.860284
vt 0.050363 0.857371
vt 0.053518 0.854262
vt 0.057456 0.850928
vt 0.008065 0.839616
vt 0.062212 0.847338
vt 0.067816 0.843462
vt 0.074304 0.839269
vt 0.016747 0.828691
vt 0.081707 0.834730
vt 0.090059 0.829813
vt 0.099393 0.824488
vt 0.027572 0.819006
vt 0.108136 0.818739
vt 0.039823 0.810351
vt 0.115942 0.813290
vt 0.122846 0.808085
vt 0.052783 0.802513
vt 0.128882 0.803069
vt 0.065734 0.795283
vt 0.134087 0.798185
vt 0.138495 0.793376
vt 0.077958 0.788448
vt 0.142140 0.788588
vt 0.088740 0.781799
vt 0.145059 0.783763
vt 0.147287 0.778846
vt 0.097361 0.775124
vt 0.148858 0.773781
vt 0.103103 0.768211
vt 0.149807 0.768511
vt 0.105250 0.760851
vt 0.150171 0.762980
vt 0.000684 0.715873
vt 0.007174 0.758664
vt 0.000000 0.763284
vt 0.149671 0.753493
vt 0.105003 0.757050
vt 0.014219 0.754470
vt 0.104176 0.753549
vt 0.021114 0.750699
vt 0.102809 0.750349
vt 0.147937 0.744568
vt 0.027837 0.747348
vt 0.100943 0.747451
vt 0.034370 0.744413
vt 0.098620 0.744855
vt 0.040691 0.741890
vt 0.095882 0.742562
vt 0.145038 0.736255
vt 0.046779 0.739775
vt 0.092768 0.740572
vt 0.089321 0.738886
vt 0.052615 0.738064
vt 0.085581 0.737505
vt 0.058177 0.736754
vt 0.081590 0.736428
vt 0.063445 0.735842
vt 0.077389 0.735658
vt 0.068399 0.735323
vt 0.073019 0.735193
vt 0.141043 0.728600
vt 0.136024 0.721651
vt 0.130048 0.715454
vt 0.007749 0.712464
vt 0.123186 0.710058
vt 0.014546 0.709427
vt 0.021122 0.706752
vt 0.115507 0.705509
vt 0.027523 0.704423
vt 0.033796 0.702429
vt 0.107081 0.701856
vt 0.039987 0.700757
vt 0.097978 0.699144
vt 0.046143 0.699392
vt 0.052310 0.698323
vt 0.088268 0.697421
vt 0.058534 0.697536
vt 0.064863 0.697017
vt 0.078019 0.696736
vt 0.071342 0.696755
vt 0.737299 0.587325
vt 0.753775 0.586982
vt 0.743469 0.587580
vt 0.731157 0.586567
vt 0.763644 0.585177
vt 0.725070 0.585319
vt 0.719066 0.583592
vt 0.772988 0.582155
vt 0.713171 0.581399
vt 0.632338 0.361367
vt 0.676296 0.583135
vt 0.632338 0.583135
vt 0.676296 0.553994
vt 0.781720 0.577903
vt 0.707413 0.578752
vt 0.701820 0.575661
vt 0.789752 0.572410
vt 0.696419 0.572141
vt 0.796997 0.565663
vt 0.691237 0.568202
vt 0.686302 0.563856
vt 0.803367 0.557650
vt 0.681642 0.559116
vt 0.677284 0.553994
vt 0.731615 0.552512
vt 0.808776 0.548360
vt 0.676296 0.520408
vt 0.681375 0.525916
vt 0.686259 0.530846
vt 0.690982 0.535218
vt 0.695577 0.539048
vt 0.700076 0.542358
vt 0.704511 0.545165
vt 0.708916 0.547489
vt 0.713322 0.549348
vt 0.717762 0.550761
vt 0.722269 0.551746
vt 0.726876 0.552324
vt 0.738073 0.552076
vt 0.744095 0.550788
vt 0.749658 0.548684
vt 0.754737 0.545799
vt 0.813134 0.537780
vt 0.759309 0.542165
vt 0.763349 0.537818
vt 0.766833 0.532792
vt 0.816356 0.525898
vt 0.769738 0.527121
vt 0.772039 0.520840
vt 0.818353 0.512703
vt 0.773712 0.513982
vt 0.676296 0.361367
vt 0.774733 0.506583
vt 0.819038 0.498181
vt 0.775079 0.498675
vt 0.775079 0.361367
vt 0.819038 0.361367
vt 0.630350 0.503945
vt 0.632338 0.470807
vt 0.632309 0.487826
vt 0.630442 0.454587
vt 0.626502 0.519190
vt 0.626716 0.439279
vt 0.620896 0.533446
vt 0.621255 0.424999
vt 0.613659 0.546595
vt 0.614152 0.411858
vt 0.604920 0.558522
vt 0.605504 0.399972
vt 0.594808 0.569111
vt 0.595405 0.389454
vt 0.583452 0.578245
vt 0.592835 0.485997
vt 0.591604 0.496067
vt 0.592828 0.475257
vt 0.589179 0.505527
vt 0.591561 0.465025
vt 0.585633 0.514317
vt 0.589094 0.455372
vt 0.583948 0.380418
vt 0.570981 0.585809
vt 0.581037 0.522374
vt 0.585491 0.446368
vt 0.575463 0.529639
vt 0.580815 0.438085
vt 0.568985 0.536050
vt 0.575129 0.430592
vt 0.571230 0.372977
vt 0.557524 0.591686
vt 0.561674 0.541546
vt 0.568496 0.423962
vt 0.553603 0.546066
vt 0.560977 0.418263
vt 0.557344 0.367246
vt 0.543208 0.595761
vt 0.544843 0.549550
vt 0.552637 0.413568
vt 0.542385 0.363338
vt 0.528164 0.597916
vt 0.535468 0.551935
vt 0.543538 0.409946
vt 0.525550 0.553162
vt 0.533743 0.407468
vt 0.526448 0.361366
vt 0.512520 0.598037
vt 0.515161 0.553168
vt 0.523315 0.406206
vt 0.495976 0.596060
vt 0.503823 0.551902
vt 0.509372 0.361366
vt 0.511709 0.406124
vt 0.493264 0.549520
vt 0.500834 0.407261
vt 0.480433 0.592204
vt 0.493213 0.363369
vt 0.483534 0.546081
vt 0.490732 0.409576
vt 0.474681 0.541642
vt 0.465990 0.586578
vt 0.481444 0.413033
vt 0.478061 0.367285
vt 0.466757 0.536261
vt 0.473012 0.417591
vt 0.452748 0.579291
vt 0.464007 0.373030
vt 0.459811 0.529996
vt 0.465477 0.423212
vt 0.453893 0.522906
vt 0.458882 0.429857
vt 0.440807 0.570452
vt 0.451143 0.380513
vt 0.449052 0.515047
vt 0.453269 0.437487
vt 0.445339 0.506478
vt 0.448678 0.446065
vt 0.442804 0.497257
vt 0.445153 0.455550
vt 0.430266 0.560170
vt 0.439559 0.389650
vt 0.441495 0.487441
vt 0.442734 0.465904
vt 0.441464 0.477089
vt 0.421227 0.548554
vt 0.429347 0.400351
vt 0.413789 0.535712
vt 0.420598 0.412530
vt 0.408051 0.521755
vt 0.413402 0.426100
vt 0.404116 0.506790
vt 0.407852 0.440972
vt 0.402081 0.490927
vt 0.404036 0.457059
vt 0.402048 0.474275
vt 0.840282 0.000000
vt 0.884240 0.221768
vt 0.840282 0.221768
vt 0.884240 0.000000
vt 0.532515 0.875271
vt 0.537176 0.880558
vt 0.534665 0.878074
vt 0.539944 0.882635
vt 0.530802 0.872264
vt 0.542923 0.884302
vt 0.529521 0.869100
vt 0.546066 0.885557
vt 0.528670 0.865825
vt 0.549327 0.886396
vt 0.528246 0.862484
vt 0.552661 0.886817
vt 0.528246 0.859123
vt 0.556022 0.886817
vt 0.528667 0.855789
vt 0.559363 0.886393
vt 0.529506 0.852528
vt 0.562638 0.885542
vt 0.530761 0.849385
vt 0.565803 0.884261
vt 0.532429 0.846406
vt 0.568809 0.882548
vt 0.534505 0.843638
vt 0.571612 0.880398
vt 0.536989 0.841126
vt 0.539792 0.838977
vt 0.574096 0.877887
vt 0.576173 0.875119
vt 0.542799 0.837263
vt 0.577840 0.872140
vt 0.545963 0.835982
vt 0.579095 0.868997
vt 0.549238 0.835131
vt 0.579935 0.865736
vt 0.552579 0.834707
vt 0.580356 0.862402
vt 0.555940 0.834707
vt 0.580356 0.859041
vt 0.559274 0.835128
vt 0.579932 0.855700
vt 0.562535 0.835968
vt 0.579081 0.852425
vt 0.565678 0.837223
vt 0.577800 0.849260
vt 0.568657 0.838890
vt 0.576086 0.846254
vt 0.571425 0.840967
vt 0.573937 0.843451
vt 0.823977 0.513987
vt 0.858551 0.431503
vt 0.904486 0.431503
vt 0.858551 0.361367
vt 0.819038 0.361367
vt 0.819038 0.513987
vt 0.690111 0.247272
vt 0.690111 0.361367
vt 0.690111 0.208746
vt 0.150171 0.766378
vt 0.194129 0.883436
vt 0.150171 0.883436
vt 0.345055 0.361367
vt 0.194129 0.769836
vt 0.194506 0.763676
vt 0.150675 0.756604
vt 0.195579 0.758258
vt 0.197263 0.753544
vt 0.152185 0.747328
vt 0.199471 0.749494
vt 0.271211 0.749945
vt 0.275626 0.711553
vt 0.275626 0.752549
vt 0.266854 0.747568
vt 0.202118 0.746067
vt 0.262552 0.745418
vt 0.154701 0.738619
vt 0.205119 0.743226
vt 0.258302 0.743493
vt 0.254100 0.741796
vt 0.208387 0.740930
vt 0.249942 0.740324
vt 0.211837 0.739140
vt 0.245825 0.739079
vt 0.215383 0.737816
vt 0.241747 0.738060
vt 0.158220 0.730542
vt 0.237702 0.737268
vt 0.218940 0.736919
vt 0.233688 0.736702
vt 0.222420 0.736410
vt 0.229702 0.736363
vt 0.225740 0.736249
vt 0.162740 0.723165
vt 0.168261 0.716554
vt 0.174779 0.710777
vt 0.271633 0.709498
vt 0.182294 0.705901
vt 0.267353 0.707540
vt 0.262846 0.705696
vt 0.190803 0.701992
vt 0.258174 0.703980
vt 0.253399 0.702408
vt 0.248584 0.700996
vt 0.200306 0.699116
vt 0.243789 0.699759
vt 0.239076 0.698712
vt 0.210799 0.697342
vt 0.234507 0.697870
vt 0.230144 0.697250
vt 0.222283 0.696736
vt 0.226049 0.696867
vt 0.000000 0.361367
vt 0.043959 0.657223
vt 0.000000 0.696736
vt 0.076063 0.696736
vt 0.095538 0.695916
vt 0.113445 0.693471
vt 0.129761 0.689420
vt 0.144461 0.683784
vt 0.157522 0.676585
vt 0.168919 0.667842
vt 0.178629 0.657576
vt 0.083966 0.657223
vt 0.095449 0.656671
vt 0.186627 0.645808
vt 0.043959 0.519914
vt 0.105943 0.655034
vt 0.115445 0.652337
vt 0.123955 0.648607
vt 0.131470 0.643867
vt 0.192890 0.632558
vt 0.137988 0.638145
vt 0.143508 0.631466
vt 0.197393 0.617846
vt 0.148029 0.623856
vt 0.151547 0.615340
vt 0.200112 0.601695
vt 0.154063 0.605945
vt 0.155574 0.595695
vt 0.201024 0.584123
vt 0.156078 0.584617
vt 0.155471 0.574123
vt 0.200063 0.567881
vt 0.153693 0.564172
vt 0.197244 0.552556
vt 0.150807 0.554835
vt 0.146876 0.546183
vt 0.192666 0.538243
vt 0.141965 0.538285
vt 0.136136 0.531212
vt 0.186426 0.525036
vt 0.129453 0.525034
vt 0.178622 0.513030
vt 0.121979 0.519822
vt 0.047312 0.518371
vt 0.113778 0.515646
vt 0.050702 0.516953
vt 0.054122 0.515662
vt 0.043959 0.480401
vt 0.057569 0.514499
vt 0.104914 0.512576
vt 0.061036 0.513467
vt 0.064518 0.512567
vt 0.169352 0.502318
vt 0.095449 0.510682
vt 0.068010 0.511801
vt 0.071508 0.511170
vt 0.075006 0.510676
vt 0.085448 0.510036
vt 0.078498 0.510321
vt 0.081981 0.510107
vt 0.158713 0.492996
vt 0.146803 0.485157
vt 0.133720 0.478896
vt 0.043959 0.361367
vt 0.048087 0.478754
vt 0.119562 0.474307
vt 0.052088 0.477268
vt 0.055975 0.475940
vt 0.059764 0.474766
vt 0.063471 0.473743
vt 0.104426 0.471484
vt 0.067111 0.472868
vt 0.070700 0.472137
vt 0.074252 0.471547
vt 0.077784 0.471093
vt 0.088411 0.470522
vt 0.081311 0.470774
vt 0.084848 0.470584
vt 0.000000 0.164445
vt 0.003248 0.217745
vt 0.000000 0.190981
vt 0.009449 0.242515
vt 0.003182 0.139399
vt 0.018376 0.265205
vt 0.009326 0.115977
vt 0.029799 0.285727
vt 0.018211 0.094310
vt 0.043489 0.303994
vt 0.029617 0.074530
vt 0.059219 0.319917
vt 0.043323 0.056769
vt 0.044370 0.188270
vt 0.044361 0.169890
vt 0.046606 0.206628
vt 0.050923 0.223908
vt 0.046548 0.152307
vt 0.057195 0.239993
vt 0.050819 0.135655
vt 0.076759 0.333411
vt 0.059109 0.041159
vt 0.065295 0.254766
vt 0.057063 0.120068
vt 0.075093 0.268108
vt 0.065167 0.105680
vt 0.095880 0.344387
vt 0.076755 0.027833
vt 0.086464 0.279902
vt 0.075019 0.092625
vt 0.099279 0.290031
vt 0.086507 0.081037
vt 0.116354 0.352758
vt 0.096039 0.016922
vt 0.113411 0.298377
vt 0.099519 0.071050
vt 0.137952 0.358436
vt 0.116742 0.008558
vt 0.128733 0.304821
vt 0.113943 0.062798
vt 0.145118 0.309248
vt 0.129667 0.056416
vt 0.160445 0.361335
vt 0.138644 0.002873
vt 0.162437 0.311538
vt 0.146578 0.052036
vt 0.183606 0.361367
vt 0.161522 -0.000000
vt 0.180563 0.311574
vt 0.164565 0.049793
vt 0.184164 0.000053
vt 0.182588 0.049835
vt 0.198446 0.309337
vt 0.205971 0.358590
vt 0.199839 0.052127
vt 0.215290 0.304959
vt 0.227544 0.353094
vt 0.206318 0.002942
vt 0.216186 0.056550
vt 0.230976 0.298573
vt 0.248077 0.344971
vt 0.227729 0.008580
vt 0.245388 0.290311
vt 0.231496 0.062985
vt 0.267321 0.334313
vt 0.248143 0.016883
vt 0.258409 0.280307
vt 0.245637 0.071313
vt 0.269920 0.268691
vt 0.258476 0.081414
vt 0.285028 0.321213
vt 0.267305 0.027763
vt 0.279805 0.255598
vt 0.269879 0.093170
vt 0.287946 0.241159
vt 0.279715 0.106462
vt 0.300948 0.305763
vt 0.284962 0.041136
vt 0.294227 0.225508
vt 0.287851 0.121170
vt 0.298529 0.208777
vt 0.294153 0.137176
vt 0.314834 0.288057
vt 0.300859 0.056916
vt 0.300735 0.191098
vt 0.298490 0.154360
vt 0.300728 0.172604
vt 0.326436 0.268186
vt 0.314741 0.075016
vt 0.335506 0.246243
vt 0.326355 0.095351
vt 0.341796 0.222320
vt 0.335445 0.117835
vt 0.345056 0.196510
vt 0.341757 0.142382
vt 0.345038 0.168906
vt 0.778827 0.229975
vt 0.768058 0.230599
vt 0.762860 0.230551
vt 0.757632 0.230254
vt 0.788879 0.228442
vt 0.752370 0.229707
vt 0.747068 0.228908
vt 0.798171 0.226028
vt 0.741721 0.227856
vt 0.736324 0.226550
vt 0.806658 0.222761
vt 0.730873 0.224987
vt 0.725360 0.223165
vt 0.814296 0.218670
vt 0.719783 0.221084
vt 0.714134 0.218742
vt 0.821041 0.213781
vt 0.708410 0.216137
vt 0.702605 0.213267
vt 0.826849 0.208124
vt 0.748080 0.189961
vt 0.742881 0.188653
vt 0.737483 0.187016
vt 0.731906 0.185041
vt 0.726168 0.182722
vt 0.720287 0.180047
vt 0.714282 0.177009
vt 0.708173 0.173598
vt 0.701978 0.169806
vt 0.831675 0.201727
vt 0.757807 0.191630
vt 0.753061 0.190951
vt 0.835475 0.194617
vt 0.762298 0.192007
vt 0.838206 0.186823
vt 0.770821 0.191858
vt 0.766515 0.192092
vt 0.774837 0.191295
vt 0.778547 0.190421
vt 0.781934 0.189254
vt 0.784980 0.187809
vt 0.787670 0.186106
vt 0.839823 0.178372
vt 0.789985 0.184162
vt 0.791910 0.181993
vt 0.793426 0.179617
vt 0.794519 0.177052
vt 0.840282 0.169294
vt 0.795169 0.174315
vt 0.795361 0.171423
vt 0.795011 0.168912
vt 0.838038 0.155256
vt 0.794009 0.166297
vt 0.792322 0.163548
vt 0.789918 0.160635
vt 0.786764 0.157526
vt 0.782825 0.154192
vt 0.832217 0.142880
vt 0.778070 0.150602
vt 0.772465 0.146726
vt 0.765978 0.142533
vt 0.823535 0.131955
vt 0.758575 0.137994
vt 0.750223 0.133077
vt 0.740889 0.127752
vt 0.812709 0.122270
vt 0.732145 0.122003
vt 0.800458 0.113615
vt 0.724339 0.116554
vt 0.717436 0.111349
vt 0.787499 0.105777
vt 0.711399 0.106333
vt 0.774548 0.098547
vt 0.706195 0.101449
vt 0.701787 0.096640
vt 0.762323 0.091712
vt 0.698141 0.091852
vt 0.751542 0.085063
vt 0.695222 0.087027
vt 0.692995 0.082110
vt 0.742921 0.078388
vt 0.691424 0.077045
vt 0.737179 0.071475
vt 0.690474 0.071775
vt 0.735031 0.064115
vt 0.690111 0.066244
vt 0.839598 0.019137
vt 0.840282 0.066548
vt 0.833107 0.061928
vt 0.690611 0.056757
vt 0.735278 0.060314
vt 0.826063 0.057734
vt 0.736106 0.056813
vt 0.819168 0.053963
vt 0.737473 0.053613
vt 0.692345 0.047832
vt 0.812444 0.050612
vt 0.739339 0.050715
vt 0.805912 0.047677
vt 0.741661 0.048119
vt 0.799591 0.045154
vt 0.744400 0.045826
vt 0.695244 0.039519
vt 0.793502 0.043039
vt 0.747513 0.043836
vt 0.750961 0.042150
vt 0.787667 0.041328
vt 0.754700 0.040769
vt 0.782105 0.040019
vt 0.758691 0.039692
vt 0.776836 0.039106
vt 0.762893 0.038922
vt 0.771882 0.038587
vt 0.767263 0.038457
vt 0.699238 0.031864
vt 0.704258 0.024915
vt 0.710234 0.018719
vt 0.832533 0.015728
vt 0.717096 0.013322
vt 0.825735 0.012692
vt 0.819159 0.010016
vt 0.724774 0.008773
vt 0.812758 0.007687
vt 0.806485 0.005693
vt 0.733200 0.005120
vt 0.800295 0.004021
vt 0.742303 0.002408
vt 0.794139 0.002656
vt 0.787972 0.001587
vt 0.752014 0.000686
vt 0.781747 0.000800
vt 0.775419 0.000281
vt 0.762263 0.000000
vt 0.768939 0.000019
vt 0.714076 0.813539
vt 0.707907 0.813794
vt 0.697600 0.813195
vt 0.720218 0.812781
vt 0.687732 0.811391
vt 0.726305 0.811533
vt 0.732310 0.809806
vt 0.678387 0.808369
vt 0.738205 0.807613
vt 0.819038 0.587580
vt 0.819038 0.809349
vt 0.775079 0.809349
vt 0.775079 0.780208
vt 0.669656 0.804117
vt 0.743963 0.804965
vt 0.749556 0.801875
vt 0.661623 0.798624
vt 0.754957 0.798355
vt 0.654378 0.791877
vt 0.760139 0.794416
vt 0.765073 0.790070
vt 0.648008 0.783864
vt 0.769733 0.785330
vt 0.774092 0.780208
vt 0.719761 0.778726
vt 0.642600 0.774574
vt 0.775079 0.746621
vt 0.770001 0.752130
vt 0.765117 0.757060
vt 0.760393 0.761431
vt 0.755799 0.765262
vt 0.751300 0.768572
vt 0.746864 0.771379
vt 0.742460 0.773703
vt 0.738054 0.775561
vt 0.733614 0.776974
vt 0.729106 0.777960
vt 0.724499 0.778538
vt 0.713303 0.778289
vt 0.707280 0.777002
vt 0.701717 0.774898
vt 0.696638 0.772012
vt 0.638241 0.763993
vt 0.692067 0.768379
vt 0.688027 0.764032
vt 0.684542 0.759006
vt 0.635020 0.752112
vt 0.681638 0.753335
vt 0.679337 0.747054
vt 0.633023 0.738916
vt 0.677664 0.740196
vt 0.775079 0.587580
vt 0.676642 0.732796
vt 0.632338 0.724395
vt 0.676296 0.724889
vt 0.676296 0.587580
vt 0.632338 0.587580
vt 0.404036 0.740615
vt 0.402077 0.724496
vt 0.402048 0.707477
vt 0.403944 0.691257
vt 0.407883 0.755861
vt 0.407670 0.675950
vt 0.413490 0.770116
vt 0.413131 0.661669
vt 0.420727 0.783266
vt 0.420233 0.648529
vt 0.429466 0.795193
vt 0.428881 0.636643
vt 0.439577 0.805782
vt 0.438981 0.626125
vt 0.450933 0.814916
vt 0.441551 0.722668
vt 0.442782 0.732738
vt 0.441557 0.711928
vt 0.445206 0.742198
vt 0.442825 0.701696
vt 0.448753 0.750987
vt 0.445292 0.692042
vt 0.450437 0.617088
vt 0.463404 0.822480
vt 0.453349 0.759045
vt 0.448894 0.683039
vt 0.458923 0.766309
vt 0.453570 0.674755
vt 0.465401 0.772720
vt 0.459256 0.667263
vt 0.463156 0.609648
vt 0.476862 0.828357
vt 0.472712 0.778216
vt 0.465890 0.660632
vt 0.480783 0.782737
vt 0.473408 0.654934
vt 0.477042 0.603916
vt 0.491177 0.832431
vt 0.489542 0.786220
vt 0.481748 0.650238
vt 0.492001 0.600008
vt 0.506221 0.834587
vt 0.498917 0.788606
vt 0.490847 0.646616
vt 0.508836 0.789832
vt 0.500643 0.644139
vt 0.507937 0.598037
vt 0.521866 0.834707
vt 0.519225 0.789838
vt 0.511071 0.642876
vt 0.538409 0.832730
vt 0.530563 0.788572
vt 0.525013 0.598037
vt 0.522676 0.642795
vt 0.541122 0.786191
vt 0.533551 0.643931
vt 0.553953 0.828874
vt 0.541173 0.600039
vt 0.550852 0.782751
vt 0.543654 0.646247
vt 0.559704 0.778312
vt 0.568395 0.823249
vt 0.552942 0.649703
vt 0.556325 0.603956
vt 0.567628 0.772931
vt 0.561374 0.654261
vt 0.581638 0.815962
vt 0.570379 0.609700
vt 0.574574 0.766667
vt 0.568909 0.659882
vt 0.580493 0.759576
vt 0.575504 0.666527
vt 0.593579 0.807123
vt 0.583243 0.617184
vt 0.585333 0.751717
vt 0.581117 0.674158
vt 0.589046 0.743148
vt 0.585707 0.682735
vt 0.591582 0.733927
vt 0.589233 0.692220
vt 0.604119 0.796840
vt 0.594826 0.626320
vt 0.592890 0.724112
vt 0.591651 0.702575
vt 0.592922 0.713760
vt 0.613159 0.785224
vt 0.605038 0.637022
vt 0.620597 0.772383
vt 0.613788 0.649201
vt 0.626334 0.758425
vt 0.620983 0.662770
vt 0.630270 0.743460
vt 0.626534 0.677642
vt 0.632305 0.727597
vt 0.630349 0.693730
vt 0.632338 0.710945
vt 0.862997 0.666607
vt 0.862997 0.888376
vt 0.819038 0.888376
vt 0.819038 0.666607
vt 0.521986 0.877887
vt 0.519502 0.880398
vt 0.516699 0.882548
vt 0.513692 0.884261
vt 0.524063 0.875119
vt 0.510528 0.885542
vt 0.525730 0.872140
vt 0.507253 0.886393
vt 0.526985 0.868997
vt 0.503912 0.886817
vt 0.527824 0.865735
vt 0.500551 0.886817
vt 0.528246 0.862401
vt 0.497217 0.886396
vt 0.528246 0.859041
vt 0.493956 0.885557
vt 0.527821 0.855700
vt 0.490813 0.884302
vt 0.526970 0.852424
vt 0.487834 0.882635
vt 0.525689 0.849260
vt 0.485066 0.880558
vt 0.523976 0.846254
vt 0.482554 0.878074
vt 0.521827 0.843451
vt 0.519315 0.840967
vt 0.480405 0.875271
vt 0.478692 0.872264
vt 0.516547 0.838890
vt 0.477411 0.869100
vt 0.513568 0.837223
vt 0.476560 0.865825
vt 0.510425 0.835968
vt 0.476136 0.862484
vt 0.507164 0.835128
vt 0.476136 0.859123
vt 0.503830 0.834707
vt 0.476557 0.855789
vt 0.500469 0.834707
vt 0.477396 0.852528
vt 0.497128 0.835131
vt 0.478651 0.849384
vt 0.493853 0.835982
vt 0.480318 0.846406
vt 0.490689 0.837263
vt 0.482395 0.843638
vt 0.487682 0.838977
vt 0.484879 0.841126
vt 0.899547 0.666607
vt 0.819038 0.584123
vt 0.864972 0.584123
vt 0.864972 0.513987
vt 0.904486 0.513987
vt 0.904486 0.666607
vt 0.401080 0.766378
vt 0.401080 0.883436
vt 0.357122 0.883436
vt 0.357122 0.769836
vt 0.356745 0.763676
vt 0.400576 0.756604
vt 0.355672 0.758258
vt 0.353988 0.753544
vt 0.399066 0.747328
vt 0.351780 0.749494
vt 0.280041 0.749945
vt 0.275626 0.752549
vt 0.275626 0.711553
vt 0.284397 0.747568
vt 0.349133 0.746067
vt 0.288699 0.745418
vt 0.396550 0.738619
vt 0.346132 0.743226
vt 0.292949 0.743493
vt 0.297152 0.741796
vt 0.342864 0.740930
vt 0.301309 0.740324
vt 0.339414 0.739140
vt 0.305426 0.739079
vt 0.335868 0.737816
vt 0.309505 0.738060
vt 0.393031 0.730542
vt 0.313549 0.737268
vt 0.332312 0.736919
vt 0.317563 0.736702
vt 0.328831 0.736410
vt 0.321549 0.736363
vt 0.325511 0.736249
vt 0.388511 0.723165
vt 0.382991 0.716554
vt 0.376472 0.710777
vt 0.279618 0.709498
vt 0.368958 0.705901
vt 0.283899 0.707540
vt 0.288406 0.705696
vt 0.360448 0.701992
vt 0.293077 0.703980
vt 0.297852 0.702408
vt 0.302668 0.700996
vt 0.350946 0.699116
vt 0.307463 0.699759
vt 0.312175 0.698712
vt 0.340452 0.697342
vt 0.316744 0.697870
vt 0.321107 0.697250
vt 0.328969 0.696736
vt 0.325202 0.696867
vt 0.402048 0.361367
vt 0.402048 0.696736
vt 0.358089 0.657223
vt 0.325985 0.696736
vt 0.306510 0.695916
vt 0.288603 0.693471
vt 0.272287 0.689420
vt 0.257587 0.683784
vt 0.244526 0.676585
vt 0.233129 0.667842
vt 0.223419 0.657576
vt 0.318082 0.657223
vt 0.306599 0.656671
vt 0.215421 0.645808
vt 0.358089 0.519914
vt 0.296105 0.655034
vt 0.286603 0.652337
vt 0.278093 0.648607
vt 0.270579 0.643867
vt 0.209158 0.632558
vt 0.264060 0.638145
vt 0.258540 0.631466
vt 0.204655 0.617846
vt 0.254020 0.623856
vt 0.250501 0.615340
vt 0.201936 0.601695
vt 0.247985 0.605945
vt 0.246474 0.595695
vt 0.245970 0.584617
vt 0.246577 0.574123
vt 0.201985 0.567881
vt 0.248355 0.564172
vt 0.204804 0.552556
vt 0.251241 0.554835
vt 0.255172 0.546183
vt 0.209382 0.538243
vt 0.260083 0.538285
vt 0.265912 0.531212
vt 0.215622 0.525036
vt 0.272595 0.525034
vt 0.223426 0.513030
vt 0.280069 0.519822
vt 0.354736 0.518371
vt 0.288270 0.515646
vt 0.351346 0.516953
vt 0.347926 0.515662
vt 0.358089 0.480401
vt 0.344479 0.514499
vt 0.297134 0.512576
vt 0.341013 0.513467
vt 0.337530 0.512567
vt 0.232696 0.502318
vt 0.306599 0.510682
vt 0.334038 0.511801
vt 0.330540 0.511170
vt 0.327042 0.510676
vt 0.316601 0.510036
vt 0.323550 0.510321
vt 0.320067 0.510107
vt 0.243335 0.492996
vt 0.255245 0.485157
vt 0.268328 0.478896
vt 0.358089 0.361367
vt 0.353961 0.478754
vt 0.282486 0.474307
vt 0.349960 0.477268
vt 0.346073 0.475940
vt 0.342284 0.474766
vt 0.338577 0.473743
vt 0.297622 0.471484
vt 0.334937 0.472868
vt 0.331349 0.472137
vt 0.327796 0.471547
vt 0.324264 0.471093
vt 0.313637 0.470522
vt 0.320737 0.470774
vt 0.317200 0.470584
vt 0.690111 0.164445
vt 0.690111 0.190981
vt 0.686863 0.217745
vt 0.680662 0.242515
vt 0.686929 0.139399
vt 0.671735 0.265205
vt 0.680785 0.115977
vt 0.660312 0.285727
vt 0.671900 0.094310
vt 0.646622 0.303994
vt 0.660494 0.074530
vt 0.630892 0.319917
vt 0.646788 0.056769
vt 0.645741 0.188270
vt 0.645750 0.169890
vt 0.643505 0.206628
vt 0.639188 0.223908
vt 0.643563 0.152307
vt 0.632916 0.239993
vt 0.639292 0.135655
vt 0.613352 0.333411
vt 0.631002 0.041159
vt 0.624816 0.254766
vt 0.633048 0.120068
vt 0.615018 0.268108
vt 0.624944 0.105680
vt 0.594231 0.344387
vt 0.613356 0.027833
vt 0.603647 0.279902
vt 0.615092 0.092625
vt 0.590832 0.290031
vt 0.603604 0.081037
vt 0.573757 0.352758
vt 0.594072 0.016922
vt 0.576700 0.298377
vt 0.590592 0.071050
vt 0.552159 0.358436
vt 0.573369 0.008558
vt 0.561378 0.304821
vt 0.576168 0.062798
vt 0.544993 0.309248
vt 0.560444 0.056416
vt 0.529665 0.361335
vt 0.551467 0.002873
vt 0.527674 0.311538
vt 0.543533 0.052036
vt 0.506505 0.361367
vt 0.528589 -0.000000
vt 0.509548 0.311574
vt 0.525546 0.049793
vt 0.505947 0.000053
vt 0.507523 0.049835
vt 0.491665 0.309337
vt 0.484140 0.358590
vt 0.490272 0.052127
vt 0.474821 0.304959
vt 0.462567 0.353094
vt 0.483793 0.002942
vt 0.473925 0.056550
vt 0.459135 0.298573
vt 0.442034 0.344971
vt 0.462382 0.008580
vt 0.444723 0.290311
vt 0.458615 0.062985
vt 0.422790 0.334313
vt 0.441968 0.016883
vt 0.431702 0.280307
vt 0.444474 0.071313
vt 0.420191 0.268691
vt 0.431635 0.081414
vt 0.405083 0.321213
vt 0.422806 0.027763
vt 0.410306 0.255598
vt 0.420232 0.093170
vt 0.402165 0.241159
vt 0.410396 0.106462
vt 0.389163 0.305763
vt 0.405149 0.041136
vt 0.395884 0.225508
vt 0.402260 0.121170
vt 0.391582 0.208777
vt 0.395958 0.137176
vt 0.375277 0.288057
vt 0.389252 0.056916
vt 0.389376 0.191098
vt 0.391621 0.154360
vt 0.389383 0.172604
vt 0.363675 0.268186
vt 0.375370 0.075016
vt 0.354605 0.246243
vt 0.363756 0.095351
vt 0.348315 0.222320
vt 0.354666 0.117835
vt 0.345055 0.196510
vt 0.348354 0.142382
vt 0.345073 0.168906
vt 0.098783 0.927335
vt 0.074087 0.959249
vt 0.074087 0.927335
vt 0.929181 0.587806
vt 0.953877 0.582769
vt 0.953877 0.587806
vt 0.986476 0.741178
vt 0.961780 0.759151
vt 0.961780 0.741178
vt 0.024696 0.940097
vt 0.000000 0.943350
vt 0.000000 0.940097
vt 0.755817 0.813794
vt 0.731121 0.940901
vt 0.731121 0.813794
vt 0.574919 0.886817
vt 0.550223 0.930685
vt 0.550223 0.886817
vt 0.024696 0.957169
vt -0.000000 0.960354
vt 0.000000 0.957169
vt 0.731121 0.919758
vt 0.706425 0.935927
vt 0.706425 0.919758
vt 0.953877 0.500234
vt 0.929181 0.515564
vt 0.929181 0.500234
vt 0.986476 0.724749
vt 0.961780 0.724749
vt 0.937084 0.961585
vt 0.912388 0.968829
vt 0.912388 0.961585
vt 0.731121 0.902745
vt 0.706425 0.902745
vt 0.904486 0.376325
vt 0.929181 0.361367
vt 0.929181 0.376325
vt 0.986476 0.709887
vt 0.961780 0.709887
vt 0.024696 0.937033
vt 0.000000 0.937033
vt 0.929181 0.596849
vt 0.953877 0.596849
vt 0.933632 0.081643
vt 0.908936 0.103754
vt 0.908936 0.081643
vt 0.024696 0.960354
vt -0.000000 0.963327
vt 0.731121 0.886586
vt 0.706425 0.886586
vt 0.625500 0.961923
vt 0.621873 0.937227
vt 0.625500 0.937227
vt 0.986476 0.696617
vt 0.961780 0.696617
vt 0.731121 0.935927
vt 0.706425 0.951277
vt 0.706425 0.946348
vt 0.681729 0.962372
vt 0.681729 0.946348
vt 0.986476 0.684964
vt 0.961780 0.684964
vt 0.024696 0.934192
vt 0.000000 0.934192
vt 0.937084 0.954476
vt 0.912388 0.954476
vt 0.525527 0.930756
vt 0.500831 0.933564
vt 0.500831 0.930756
vt 0.731121 0.871393
vt 0.706425 0.871393
vt 0.621873 0.961923
vt 0.618312 0.937227
vt 0.953877 0.484208
vt 0.929181 0.484208
vt 0.986476 0.674953
vt 0.961780 0.674953
vt 0.731121 0.951277
vt 0.706425 0.965689
vt 0.838286 0.230599
vt 0.813590 0.259644
vt 0.813590 0.230599
vt 0.904486 0.393447
vt 0.929181 0.393447
vt 0.024696 0.931606
vt 0.000000 0.931606
vt 0.937084 0.947524
vt 0.912388 0.947524
vt 0.933632 0.103754
vt 0.908936 0.126034
vt 0.838286 0.259644
vt 0.813590 0.268360
vt 0.525527 0.933564
vt 0.500831 0.936577
vt 0.731121 0.857277
vt 0.706425 0.857277
vt 0.618312 0.961923
vt 0.614834 0.937227
vt 0.731121 0.965689
vt 0.706425 0.979042
vt 0.706425 0.962372
vt 0.681729 0.977968
vt 0.986476 0.666607
vt 0.961780 0.666607
vt 0.024696 0.929309
vt 0.000000 0.929309
vt 0.929181 0.605805
vt 0.953877 0.605805
vt 0.525527 0.936577
vt 0.500831 0.939752
vt 0.731121 0.844348
vt 0.706425 0.844348
vt 0.953877 0.467643
vt 0.929181 0.467643
vt 0.739503 0.230599
vt 0.714807 0.358165
vt 0.714807 0.230599
vt 0.731121 0.979042
vt 0.706425 0.991217
vt 0.937084 0.940750
vt 0.912388 0.940750
vt 0.706425 0.977968
vt 0.681729 0.992961
vt 0.838286 0.268360
vt 0.813590 0.277104
vt 0.614834 0.961923
vt 0.611454 0.937227
vt 0.024696 0.927335
vt 0.000000 0.927335
vt 0.838286 0.277104
vt 0.813590 0.285857
vt 0.525527 0.939752
vt 0.500831 0.943048
vt 0.731121 0.832717
vt 0.706425 0.832717
vt 0.953877 0.450698
vt 0.929181 0.450698
vt 0.714807 0.230599
vt 0.690111 0.243600
vt 0.690111 0.230599
vt 0.937084 0.934173
vt 0.912388 0.934173
vt 0.838286 0.285857
vt 0.813590 0.294601
vt 0.611454 0.961923
vt 0.608188 0.937227
vt 0.904486 0.412563
vt 0.929181 0.412563
vt 0.887692 0.917609
vt 0.912388 0.915369
vt 0.912388 0.917609
vt 0.933632 0.126034
vt 0.908936 0.148226
vt 0.838286 0.294601
vt 0.813590 0.303316
vt 0.525527 0.943048
vt 0.500831 0.946422
vt 0.731121 0.822495
vt 0.706425 0.822495
vt 0.714807 0.243600
vt 0.690111 0.257306
vt 0.937084 0.927814
vt 0.912388 0.927814
vt 0.933632 0.209122
vt 0.908936 0.223717
vt 0.908936 0.209122
vt 0.608188 0.961923
vt 0.605052 0.937227
vt 0.681729 0.987945
vt 0.657034 0.997938
vt 0.657034 0.987945
vt 0.887692 0.920182
vt 0.912388 0.920182
vt 0.838286 0.303316
vt 0.813590 0.311983
vt 0.525527 0.946422
vt 0.500831 0.949831
vt 0.953877 0.433532
vt 0.929181 0.433532
vt 0.929181 0.614605
vt 0.953877 0.614605
vt 0.838286 0.311983
vt 0.813590 0.320584
vt 0.629747 0.840384
vt 0.605051 0.847297
vt 0.605051 0.840384
vt 0.904486 0.433504
vt 0.929182 0.433504
vt 0.887692 0.923070
vt 0.912388 0.923070
vt 0.629747 0.847297
vt 0.605051 0.855518
vt 0.937084 0.921694
vt 0.912388 0.921694
vt 0.933632 0.148226
vt 0.908936 0.170074
vt 0.525527 0.949831
vt 0.500831 0.953233
vt 0.937084 0.872640
vt 0.912388 0.875722
vt 0.912388 0.872640
vt 0.681729 0.975944
vt 0.657034 0.975944
vt 0.933632 0.223717
vt 0.908936 0.240020
vt 0.838286 0.320584
vt 0.813590 0.329099
vt 0.629747 0.834707
vt 0.605051 0.834707
vt 0.937084 0.875722
vt 0.912388 0.879143
vt 0.887692 0.926255
vt 0.912388 0.926255
vt 0.629747 0.855518
vt 0.605051 0.864164
vt 0.838286 0.329099
vt 0.813590 0.337510
vt 0.525527 0.953233
vt 0.500831 0.956585
vt 0.953877 0.416303
vt 0.929181 0.416303
vt 0.426744 0.900421
vt 0.402048 0.911178
vt 0.402048 0.900421
vt 0.937084 0.915832
vt 0.912388 0.915832
vt 0.933632 0.170074
vt 0.908936 0.190435
vt 0.525527 0.956585
vt 0.500831 0.959753
vt 0.764198 0.350340
vt 0.739503 0.356473
vt 0.739503 0.350340
vt 0.937084 0.879143
vt 0.912388 0.882861
vt 0.426744 0.895222
vt 0.402048 0.895222
vt 0.681729 0.961945
vt 0.657034 0.961945
vt 0.629747 0.864164
vt 0.605051 0.873138
vt 0.838286 0.337510
vt 0.813590 0.345798
vt 0.953877 0.400015
vt 0.929181 0.400015
vt 0.426744 0.889990
vt 0.402048 0.889990
vt 0.887692 0.929618
vt 0.912388 0.929618
vt 0.937084 0.910250
vt 0.912388 0.910250
vt 0.933632 0.240020
vt 0.908936 0.257094
vt 0.426744 0.911178
vt 0.402048 0.921205
vt 0.174867 0.883436
vt 0.150171 0.892346
vt 0.150171 0.883436
vt 0.731121 0.813794
vt 0.706425 0.813794
vt 0.937084 0.882861
vt 0.912388 0.886835
vt 0.887692 0.933026
vt 0.912388 0.933026
vt 0.714807 0.257306
vt 0.690111 0.271557
vt 0.525527 0.959753
vt 0.500831 0.962621
vt 0.904486 0.454921
vt 0.929182 0.454921
vt 0.426744 0.884720
vt 0.402048 0.884720
vt 0.681729 0.945957
vt 0.657034 0.945957
vt 0.937084 0.904968
vt 0.912388 0.904968
vt 0.174867 0.892346
vt 0.150171 0.902403
vt 0.764198 0.343441
vt 0.739503 0.343441
vt 0.937084 0.886835
vt 0.912388 0.891024
vt 0.953877 0.385384
vt 0.929181 0.385384
vt 0.426744 0.879406
vt 0.402048 0.879406
vt 0.887692 0.936437
vt 0.912388 0.936437
vt 0.629747 0.873138
vt 0.605051 0.882346
vt 0.933632 0.257094
vt 0.908936 0.274164
vt 0.426744 0.921205
vt 0.402048 0.930459
vt 0.174867 0.902403
vt 0.150171 0.912343
vt 0.024696 0.963272
vt 0.049392 0.960236
vt 0.049392 0.963272
vt 0.937084 0.900007
vt 0.912388 0.900007
vt 0.764198 0.335864
vt 0.739503 0.335864
vt 0.937084 0.891024
vt 0.912388 0.895386
vt 0.904486 0.476780
vt 0.929182 0.476780
vt 0.426744 0.874044
vt 0.402048 0.874044
vt 0.681729 0.930511
vt 0.657034 0.930511
vt 0.887692 0.939808
vt 0.912388 0.939808
vt 0.629747 0.882346
vt 0.605051 0.891695
vt 0.933632 0.190435
vt 0.908936 0.209122
vt 0.174867 0.912343
vt 0.150171 0.922224
vt 0.024696 0.960236
vt 0.049392 0.957050
vt 0.426744 0.868628
vt 0.402048 0.868628
vt 0.937084 0.895386
vt 0.426744 0.930459
vt 0.402048 0.938894
vt 0.764198 0.327698
vt 0.739503 0.327698
vt 0.953877 0.372478
vt 0.929182 0.372478
vt 0.681729 0.915231
vt 0.657034 0.915231
vt 0.887692 0.943096
vt 0.912388 0.943096
vt 0.629747 0.891695
vt 0.605051 0.901089
vt 0.929181 0.623181
vt 0.953877 0.623181
vt 0.933632 0.274164
vt 0.908936 0.291066
vt 0.174867 0.922224
vt 0.150171 0.931957
vt 0.024696 0.957050
vt 0.049392 0.953760
vt 0.426744 0.863152
vt 0.402048 0.863152
vt 0.174867 0.931957
vt 0.150171 0.941454
vt 0.632338 0.823524
vt 0.657033 0.813794
vt 0.657033 0.823524
vt 0.929181 0.631464
vt 0.953877 0.631464
vt 0.904486 0.498818
vt 0.929182 0.498818
vt 0.426744 0.857613
vt 0.402048 0.857613
vt 0.887692 0.946260
vt 0.912388 0.946260
vt 0.714807 0.271557
vt 0.690111 0.286193
vt 0.912388 0.666607
vt 0.887693 0.686102
vt 0.887693 0.666607
vt 0.426744 0.938894
vt 0.402048 0.946468
vt 0.024696 0.953760
vt 0.049392 0.950413
vt 0.929181 0.639383
vt 0.953877 0.639383
vt 0.681729 0.900240
vt 0.657034 0.900240
vt 0.224258 0.883436
vt 0.199562 0.890944
vt 0.199562 0.883436
vt 0.933632 0.291066
vt 0.908936 0.307638
vt 0.174867 0.941454
vt 0.150171 0.950625
vt 0.764198 0.319028
vt 0.739503 0.319028
vt 0.426744 0.852004
vt 0.402048 0.852004
vt 0.887692 0.949258
vt 0.912388 0.949258
vt 0.629747 0.901089
vt 0.605051 0.910434
vt 0.174867 0.950625
vt 0.150171 0.959381
vt 0.024696 0.950413
vt 0.049392 0.947055
vt 0.929181 0.646872
vt 0.953877 0.646872
vt 0.953877 0.361367
vt 0.929182 0.361367
vt 0.426744 0.846320
vt 0.402048 0.846320
vt 0.224258 0.890944
vt 0.199562 0.898001
vt 0.349713 0.883436
vt 0.325017 0.890455
vt 0.325017 0.883436
vt 0.764198 0.309944
vt 0.739503 0.309944
vt 0.904486 0.520768
vt 0.929182 0.520768
vt 0.681729 0.885662
vt 0.657034 0.885662
vt 0.887692 0.952046
vt 0.912388 0.952046
vt 0.629747 0.910434
vt 0.605051 0.919634
vt 0.224258 0.898001
vt 0.199562 0.904652
vt 0.912388 0.686102
vt 0.887693 0.706686
vt 0.174867 0.959381
vt 0.150171 0.967633
vt 0.024696 0.947055
vt 0.049392 0.943731
vt 0.426744 0.840556
vt 0.402048 0.840556
vt 0.933632 0.307638
vt 0.908936 0.323715
vt 0.632338 0.834900
vt 0.657033 0.834900
vt 0.929181 0.653859
vt 0.953877 0.653859
vt 0.426744 0.834707
vt 0.402048 0.834707
vt 0.681729 0.871620
vt 0.657034 0.871620
vt 0.887692 0.954582
vt 0.912388 0.954582
vt 0.714807 0.286193
vt 0.690111 0.301056
vt 0.224258 0.904652
vt 0.199562 0.910939
vt 0.349713 0.890455
vt 0.325017 0.897846
vt 0.174867 0.967633
vt 0.150171 0.975292
vt 0.024696 0.943731
vt 0.049392 0.940488
vt 0.978573 0.547992
vt 0.953877 0.557569
vt 0.953877 0.547992
vt 0.224258 0.910939
vt 0.199562 0.916905
vt 0.933632 0.323715
vt 0.908936 0.339134
vt 0.764198 0.300534
vt 0.739503 0.300534
vt 0.248954 0.958027
vt 0.224258 0.961425
vt 0.224258 0.958027
vt 0.887692 0.956825
vt 0.912388 0.956825
vt 0.629747 0.919634
vt 0.605051 0.928597
vt 0.325017 0.904029
vt 0.300321 0.908740
vt 0.300321 0.904029
vt 0.248954 0.883436
vt 0.224258 0.891509
vt 0.224258 0.883436
vt 0.024696 0.940488
vt 0.049392 0.937372
vt 0.929181 0.660277
vt 0.953877 0.660277
vt 0.978573 0.536767
vt 0.953877 0.536767
vt 0.224258 0.916905
vt 0.199562 0.922593
vt 0.325017 0.908740
vt 0.300321 0.913821
vt 0.632338 0.847869
vt 0.657033 0.847869
vt 0.904486 0.542368
vt 0.929182 0.542368
vt 0.248954 0.954596
vt 0.224258 0.954596
vt 0.024696 0.929312
vt 0.049392 0.927335
vt 0.049392 0.929312
vt 0.714807 0.301056
vt 0.690111 0.315985
vt 0.912388 0.706686
vt 0.887692 0.728117
vt 0.325017 0.913821
vt 0.300321 0.919261
vt 0.024696 0.937372
vt 0.049392 0.934429
vt 0.929181 0.666056
vt 0.953877 0.666056
vt 0.248954 0.951139
vt 0.224258 0.951139
vt 0.224258 0.922593
vt 0.199562 0.928047
vt 0.933632 0.339134
vt 0.908936 0.353733
vt 0.325017 0.919261
vt 0.300321 0.925055
vt 0.024696 0.934429
vt 0.049392 0.931704
vt 0.764198 0.290885
vt 0.739503 0.290885
vt 0.024696 0.931704
vt 0.629747 0.928597
vt 0.605051 0.937227
vt 0.224258 0.928047
vt 0.199562 0.933309
vt 0.325017 0.925055
vt 0.300321 0.931193
vt 0.476136 0.834707
vt 0.451440 0.940499
vt 0.451440 0.834707
vt 0.978573 0.524025
vt 0.953877 0.524025
vt 0.248954 0.947659
vt 0.224258 0.947659
vt 0.978573 0.361367
vt 0.953877 0.375007
vt 0.953877 0.361367
vt 0.325017 0.931193
vt 0.300321 0.937669
vt 0.248954 0.891509
vt 0.224258 0.900278
vt 0.843734 0.888375
vt 0.819038 0.931050
vt 0.819038 0.888375
vt 0.764198 0.281084
vt 0.739503 0.281084
vt 0.224258 0.960378
vt 0.199562 0.966357
vt 0.199562 0.960378
vt 0.174867 0.891897
vt 0.174867 0.883436
vt 0.224258 0.933309
vt 0.199562 0.938422
vt 0.325017 0.937669
vt 0.300321 0.944473
vt 0.273650 0.883436
vt 0.248954 0.953541
vt 0.248954 0.883436
vt 0.978573 0.509896
vt 0.953877 0.509896
vt 0.248954 0.944163
vt 0.224258 0.944163
vt 0.224258 0.938422
vt 0.199562 0.943430
vt 0.325017 0.944473
vt 0.300321 0.951600
vt 0.862997 0.959410
vt 0.887692 0.922700
vt 0.887692 0.959410
vt 0.632338 0.862375
vt 0.657033 0.862375
vt 0.904486 0.563353
vt 0.929182 0.563353
vt 0.933632 0.351543
vt 0.958328 0.311162
vt 0.958328 0.351543
vt 0.248954 0.940655
vt 0.224258 0.940655
vt 0.476136 0.940499
vt 0.451440 0.945068
vt 0.714807 0.315985
vt 0.690111 0.330822
vt 0.912388 0.728117
vt 0.887692 0.750148
vt 0.349713 0.897846
vt 0.325017 0.905566
vt 0.224258 0.953301
vt 0.199562 0.953301
vt 0.681729 0.858239
vt 0.657034 0.858239
vt 0.550223 0.930756
vt 0.525527 0.958725
vt 0.525527 0.930756
vt 0.224258 0.943430
vt 0.199562 0.948375
vt 0.978573 0.375007
vt 0.953877 0.390024
vt 0.248954 0.900278
vt 0.224258 0.909682
vt 0.764198 0.271221
vt 0.739503 0.271221
vt 0.224258 0.948375
vt 0.325017 0.895741
vt 0.300321 0.899693
vt 0.300321 0.895741
vt 0.788894 0.230599
vt 0.764198 0.338898
vt 0.764198 0.230599
vt 0.199562 0.891897
vt 0.174867 0.901351
vt 0.958328 0.269887
vt 0.933632 0.276046
vt 0.933632 0.269887
vt 0.978573 0.494510
vt 0.953877 0.494510
vt 0.325017 0.899693
vt 0.248954 0.937142
vt 0.224258 0.937142
vt 0.714807 0.330822
vt 0.690111 0.345829
vt 0.958328 0.259568
vt 0.933632 0.259568
vt 0.978573 0.390024
vt 0.953877 0.406296
vt 0.349713 0.905566
vt 0.325017 0.913574
vt 0.908936 0.310272
vt 0.884240 0.361190
vt 0.884240 0.310272
vt 0.958328 0.276046
vt 0.933632 0.282163
vt 0.248954 0.933627
vt 0.224258 0.933627
vt 0.813590 0.247522
vt 0.788894 0.353062
vt 0.788894 0.247522
vt 0.764198 0.260858
vt 0.739503 0.260858
vt 0.978573 0.477998
vt 0.953877 0.477998
vt 0.325017 0.892181
vt 0.300321 0.892181
vt 0.248954 0.930116
vt 0.224258 0.930116
vt 0.958328 0.249649
vt 0.933632 0.249649
vt 0.349713 0.913574
vt 0.325017 0.921827
vt 0.248954 0.909682
vt 0.224258 0.919660
vt 0.813590 0.241938
vt 0.788894 0.241938
vt 0.632338 0.878583
vt 0.657033 0.878583
vt 0.958328 0.282163
vt 0.933632 0.288210
vt 0.904486 0.583458
vt 0.929182 0.583458
vt 0.788894 0.338898
vt 0.764198 0.347749
vt 0.199562 0.901351
vt 0.174867 0.912302
vt 0.912388 0.750148
vt 0.887692 0.772537
vt 0.958328 0.288210
vt 0.933632 0.294161
vt 0.325017 0.886011
vt 0.300321 0.889020
vt 0.300321 0.886011
vt 0.248954 0.926614
vt 0.224258 0.926614
vt 0.978573 0.406296
vt 0.953877 0.423701
vt 0.813590 0.237302
vt 0.788894 0.237302
vt 0.764198 0.251586
vt 0.739503 0.251586
vt 0.325017 0.889020
vt 0.248954 0.923127
vt 0.224258 0.923127
vt 0.199562 0.912302
vt 0.174867 0.922957
vt 0.958328 0.240219
vt 0.933632 0.240219
vt 0.813590 0.233545
vt 0.788894 0.233545
vt 0.958328 0.294161
vt 0.933632 0.299987
vt 0.978573 0.460491
vt 0.953877 0.460491
vt 0.325017 0.883436
vt 0.300321 0.883436
vt 0.248954 0.919660
vt 0.788894 0.347749
vt 0.764198 0.355757
vt 0.714807 0.345829
vt 0.690111 0.359279
vt 0.978573 0.423701
vt 0.953877 0.442120
vt 0.958328 0.000000
vt 0.933632 0.205173
vt 0.933632 0.000000
vt 0.074087 0.957354
vt 0.049392 0.959493
vt 0.049392 0.957354
vt 0.681729 0.845642
vt 0.657034 0.845642
vt 0.813590 0.230599
vt 0.788894 0.230599
vt 0.632338 0.894552
vt 0.657033 0.894552
vt 0.525527 0.886818
vt 0.500831 0.930757
vt 0.500831 0.886818
vt 0.978573 0.442120
vt 0.074087 0.955055
vt 0.049392 0.955055
vt 0.300321 0.883436
vt 0.275626 0.887772
vt 0.275626 0.883436
vt 0.681729 0.833953
vt 0.657034 0.833953
vt 0.764198 0.243432
vt 0.739503 0.243432
vt 0.819038 0.958124
vt 0.843734 0.931050
vt 0.843734 0.958124
vt 0.074087 0.952620
vt 0.049392 0.952620
vt 0.374409 0.921523
vt 0.399105 0.883436
vt 0.399105 0.921523
vt 0.199562 0.922957
vt 0.174867 0.933264
vt 0.904486 0.602419
vt 0.929182 0.602419
vt 0.681729 0.823296
vt 0.657034 0.823296
vt 0.300321 0.887772
vt 0.275626 0.892055
vt 0.958328 0.231364
vt 0.933632 0.231364
vt 0.912388 0.772537
vt 0.887692 0.795037
vt 0.074087 0.950070
vt 0.049392 0.950070
vt 0.123479 0.927335
vt 0.098783 0.959249
vt 0.098783 0.927335
vt 0.958328 0.299987
vt 0.933632 0.305664
vt 0.349713 0.921827
vt 0.325017 0.930282
vt 0.451440 0.834707
vt 0.426744 0.945295
vt 0.426744 0.834707
vt 0.764198 0.236427
vt 0.739503 0.236427
vt 0.500831 0.886817
vt 0.476136 0.890947
vt 0.476136 0.886817
vt 0.300321 0.956717
vt 0.275626 0.959466
vt 0.275626 0.956717
vt 0.780513 0.813794
vt 0.755817 0.827398
vt 0.755817 0.813794
vt 0.958328 0.305664
vt 0.933632 0.311162
vt 0.904486 0.619972
vt 0.929182 0.619972
vt 0.300321 0.892055
vt 0.275626 0.896291
vt 0.912388 0.795037
vt 0.887692 0.817406
vt 0.074087 0.947428
vt 0.049392 0.947428
vt 0.199562 0.933264
vt 0.174867 0.943171
vt 0.681729 0.813794
vt 0.657034 0.813794
vt 0.961780 0.871779
vt 0.937084 0.879595
vt 0.937084 0.871779
vt 0.958328 0.223172
vt 0.933632 0.223172
vt 0.074087 0.944715
vt 0.049392 0.944715
vt 0.500831 0.890947
vt 0.476136 0.894873
vt 0.929182 0.635852
vt 0.904486 0.641160
vt 0.904486 0.635852
vt 0.904486 0.635852
vt 0.632338 0.910166
vt 0.657033 0.910166
vt 0.912388 0.817406
vt 0.887692 0.839397
vt 0.074087 0.941955
vt 0.049392 0.941955
vt 0.500831 0.894873
vt 0.476136 0.898609
vt 0.300321 0.953633
vt 0.275626 0.953633
vt 0.300321 0.896291
vt 0.275626 0.900482
vt 0.764198 0.230599
vt 0.739503 0.230599
vt 0.958328 0.215729
vt 0.933632 0.215729
vt 0.074087 0.939169
vt 0.049392 0.939169
vt 0.500831 0.898609
vt 0.476136 0.902167
vt 0.199562 0.943171
vt 0.174867 0.952626
vt 0.929182 0.641160
vt 0.904486 0.646771
vt 0.912388 0.900131
vt 0.887692 0.915369
vt 0.887692 0.900131
vt 0.349713 0.930282
vt 0.325017 0.938898
vt 0.300321 0.900482
vt 0.275626 0.904632
vt 0.912388 0.839397
vt 0.887692 0.860768
vt 0.500831 0.902167
vt 0.476136 0.905561
vt 0.780513 0.827398
vt 0.755817 0.841500
vt 0.929182 0.646771
vt 0.904486 0.652664
vt 0.912388 0.860768
vt 0.887692 0.881273
vt 0.074087 0.936380
vt 0.049392 0.936380
vt 0.300321 0.950298
vt 0.275626 0.950298
vt 0.912388 0.881273
vt 0.500831 0.936848
vt 0.476136 0.945895
vt 0.476136 0.936848
vt 0.300321 0.904632
vt 0.275626 0.908744
vt 0.632338 0.925314
vt 0.657033 0.925314
vt 0.958328 0.209122
vt 0.933632 0.209122
vt 0.074087 0.933610
vt 0.049392 0.933610
vt 0.500831 0.905561
vt 0.476136 0.908806
vt 0.929182 0.652664
vt 0.904486 0.658818
vt 0.605051 0.934778
vt 0.580356 0.940839
vt 0.580356 0.934778
vt 0.074087 0.931388
vt 0.049392 0.931388
vt 0.500831 0.908806
vt 0.476136 0.911914
vt 0.300321 0.946796
vt 0.275626 0.946796
vt 0.199562 0.952626
vt 0.174867 0.961577
vt 0.929182 0.658818
vt 0.904486 0.665211
vt 0.349713 0.938898
vt 0.325017 0.951140
vt 0.300321 0.908744
vt 0.275626 0.912821
vt 0.500831 0.911914
vt 0.476136 0.914899
vt 0.605051 0.927861
vt 0.580356 0.927861
vt 0.074087 0.929303
vt 0.049392 0.929303
vt 0.500831 0.914899
vt 0.476136 0.917775
vt 0.300321 0.943212
vt 0.275626 0.943212
vt 0.199562 0.961577
vt 0.174867 0.969972
vt 0.300321 0.912821
vt 0.275626 0.916868
vt 0.755817 0.983722
vt 0.731121 0.990352
vt 0.731121 0.983722
vt 0.074087 0.927335
vt 0.049392 0.927335
vt 0.780513 0.841500
vt 0.755817 0.855951
vt 0.500831 0.925883
vt 0.476136 0.925883
vt 0.961780 0.879595
vt 0.937084 0.887704
vt 0.806196 0.838490
vt 0.805209 0.813794
vt 0.806196 0.813794
vt 0.978573 0.650396
vt 0.953877 0.652844
vt 0.953877 0.650396
vt 0.500831 0.917775
vt 0.476136 0.920555
vt 0.300321 0.916868
vt 0.275626 0.920887
vt 0.632338 0.939879
vt 0.657033 0.939879
vt 0.978573 0.647193
vt 0.953877 0.647193
vt 0.500831 0.920555
vt 0.476136 0.923253
vt 0.958328 0.043540
vt 0.983024 0.036544
vt 0.983024 0.043540
vt 0.500831 0.923253
vt 0.605051 0.920146
vt 0.580356 0.920146
vt 0.978573 0.643204
vt 0.953877 0.643204
vt 0.887692 0.828080
vt 0.862997 0.854507
vt 0.862997 0.828080
vt 0.300321 0.939631
vt 0.275626 0.939631
vt 0.605051 0.834707
vt 0.580356 0.842497
vt 0.580356 0.834707
vt 0.958328 0.036544
vt 0.983024 0.030156
vt 0.864978 0.221769
vt 0.840282 0.234433
vt 0.840282 0.221769
vt 0.300321 0.920887
vt 0.275626 0.924882
vt 0.887692 0.801133
vt 0.862997 0.801133
vt 0.958328 0.030156
vt 0.983024 0.024348
vt 0.605051 0.911688
vt 0.580356 0.911688
vt 0.978573 0.638394
vt 0.953877 0.638394
vt 0.887692 0.775901
vt 0.862997 0.775901
vt 0.300321 0.936136
vt 0.275626 0.936136
vt 0.605051 0.842497
vt 0.580356 0.851204
vt 0.958328 0.024348
vt 0.983024 0.019089
vt 0.887692 0.854507
vt 0.862997 0.879161
vt 0.300321 0.924882
vt 0.275626 0.928856
vt 0.978573 0.632730
vt 0.953877 0.632730
vt 0.958328 0.019089
vt 0.983024 0.014349
vt 0.605051 0.902544
vt 0.580356 0.902544
vt 0.978573 0.626179
vt 0.953877 0.626179
vt 0.887692 0.752495
vt 0.862997 0.752495
vt 0.300321 0.932813
vt 0.275626 0.932813
vt 0.605051 0.851204
vt 0.580356 0.860787
vt 0.958328 0.014349
vt 0.983024 0.010101
vt 0.864978 0.234433
vt 0.840282 0.248219
vt 0.887692 0.879161
vt 0.862997 0.901929
vt 0.300321 0.928856
vt 0.780513 0.855951
vt 0.755817 0.870605
vt 0.958328 0.010101
vt 0.983024 0.006312
vt 0.978573 0.618706
vt 0.953877 0.618706
vt 0.887692 0.731021
vt 0.862997 0.731021
vt 0.961780 0.887704
vt 0.937084 0.896059
vt 0.958328 0.006312
vt 0.983024 0.002955
vt 0.887692 0.901929
vt 0.862997 0.922700
vt 0.632338 0.953750
vt 0.657033 0.953750
vt 0.978573 0.610280
vt 0.953877 0.610280
vt 0.961780 0.896059
vt 0.937084 0.904613
vt 0.958328 0.002955
vt 0.983024 -0.000000
vt 0.605051 0.892771
vt 0.580356 0.892771
vt 0.978573 0.600865
vt 0.953877 0.600865
vt 0.887692 0.711588
vt 0.862997 0.711588
vt 0.961780 0.904613
vt 0.937084 0.913318
vt 0.605051 0.860787
vt 0.580356 0.871207
vt 0.374409 0.883436
vt 0.349713 0.886031
vt 0.349713 0.883436
vt 0.864978 0.248219
vt 0.840282 0.262743
vt 0.933632 0.000000
vt 0.908936 0.018879
vt 0.908936 0.000000
vt 0.374409 0.886031
vt 0.349713 0.888978
vt 0.374409 0.924909
vt 0.399105 0.924909
vt 0.605051 0.882424
vt 0.580356 0.882424
vt 0.978573 0.592034
vt 0.953877 0.592034
vt 0.887692 0.694302
vt 0.862997 0.694302
vt 0.961780 0.913318
vt 0.937084 0.922128
vt 0.605051 0.871207
vt 0.374409 0.888978
vt 0.349713 0.892289
vt 0.864978 0.262743
vt 0.840282 0.277618
vt 0.933632 0.018879
vt 0.908936 0.038949
vt 0.374409 0.892289
vt 0.349713 0.897277
vt 0.374409 0.928312
vt 0.399105 0.928312
vt 0.780513 0.870605
vt 0.755817 0.885313
vt 0.374409 0.897277
vt 0.349713 0.902535
vt 0.978573 0.584145
vt 0.953877 0.584145
vt 0.374409 0.931693
vt 0.399105 0.931693
vt 0.374409 0.902535
vt 0.349713 0.908020
vt 0.978573 0.577162
vt 0.953877 0.577162
vt 0.706425 0.824200
vt 0.681729 0.836754
vt 0.681729 0.824200
vt 0.961780 0.922128
vt 0.937084 0.930994
vt 0.632338 0.966811
vt 0.657033 0.966811
vt 0.864978 0.277618
vt 0.840282 0.292462
vt 0.706425 0.836754
vt 0.681729 0.850920
vt 0.780513 0.885313
vt 0.755817 0.899928
vt 0.374409 0.908020
vt 0.349713 0.913692
vt 0.706425 0.850920
vt 0.681729 0.865872
vt 0.374409 0.935015
vt 0.399105 0.935015
vt 0.978573 0.571048
vt 0.953877 0.571048
vt 0.632338 0.978949
vt 0.657033 0.978949
vt 0.755817 0.975505
vt 0.731121 0.975505
vt 0.864978 0.292462
vt 0.840282 0.306888
vt 0.374409 0.938242
vt 0.399105 0.938242
vt 0.780513 0.899928
vt 0.755817 0.914302
vt 0.374409 0.913692
vt 0.349713 0.919510
vt 0.706425 0.813794
vt 0.706425 0.865872
vt 0.681729 0.881437
vt 0.374409 0.941336
vt 0.399105 0.941336
vt 0.374409 0.919510
vt 0.349713 0.925432
vt 0.978573 0.565769
vt 0.953877 0.565769
vt 0.961780 0.930994
vt 0.937084 0.939870
vt 0.632338 0.990050
vt 0.657033 0.990050
vt 0.780513 0.914302
vt 0.755817 0.928286
vt 0.374409 0.925432
vt 0.349713 0.931418
vt 0.978573 0.561288
vt 0.953877 0.561288
vt 0.953877 0.555787
vt 0.929181 0.566745
vt 0.929181 0.555787
vt 0.864978 0.306888
vt 0.840282 0.320511
vt 0.374409 0.944259
vt 0.399105 0.944259
vt 0.887692 0.679273
vt 0.862997 0.679273
vt 0.632338 1.000000
vt 0.657033 1.000000
vt 0.755817 0.965658
vt 0.731121 0.965658
vt 0.933632 0.038949
vt 0.908936 0.059956
vt 0.374409 0.946976
vt 0.399105 0.946976
vt 0.780513 0.928286
vt 0.755817 0.941733
vt 0.374409 0.931418
vt 0.349713 0.937427
vt 0.978573 0.557569
vt 0.953877 0.557569
vt 0.961780 0.939870
vt 0.937084 0.948708
vt 0.864978 0.320511
vt 0.840282 0.332947
vt 0.706425 0.881437
vt 0.681729 0.897440
vt 0.374409 0.937427
vt 0.349713 0.943417
vt 0.780513 0.966388
vt 0.755817 0.976240
vt 0.755817 0.966388
vt 0.961780 0.965556
vt 0.937084 0.968295
vt 0.937084 0.965556
vt 0.780513 0.941733
vt 0.755817 0.954496
vt 0.929181 0.570212
vt 0.953877 0.566745
vt 0.953877 0.570212
vt 0.953877 0.543499
vt 0.929181 0.543499
vt 0.780513 0.954496
vt 0.755817 0.954138
vt 0.731121 0.954138
vt 0.706425 0.897440
vt 0.681729 0.913708
vt 0.961780 0.962815
vt 0.937084 0.962815
vt 0.961780 0.666607
vt 0.937084 0.871779
vt 0.937084 0.666607
vt 0.374409 0.943417
vt 0.349713 0.949348
vt 0.929181 0.574012
vt 0.953877 0.574012
vt 0.961780 0.948708
vt 0.937084 0.957462
vt 0.864978 0.332947
vt 0.840282 0.343811
vt 0.550223 0.886817
vt 0.525527 0.886817
vt 0.574919 0.930685
vt 0.550223 0.962598
vt 0.953877 0.530038
vt 0.929181 0.530038
vt 0.961780 0.957462
vt 0.937084 0.960106
vt 0.148175 0.927335
vt 0.123479 0.959249
vt 0.123479 0.927335
vt 0.958328 0.191296
vt 0.983024 0.191296
vt 0.961780 0.960106
vt 0.937084 0.666607
vt 0.912388 0.872639
vt 0.912388 0.666607
vt 0.805209 0.813794
vt 0.780513 0.820252
vt 0.780513 0.813794
vt 0.929181 0.578184
vt 0.953877 0.578184
vt 0.887692 0.666607
vt 0.908936 0.000000
vt 0.884240 0.000000
vt 0.024696 0.950288
vt 0.000000 0.953803
vt 0.000000 0.950288
vt 0.864978 0.343811
vt 0.840282 0.352717
vt 0.933632 0.059956
vt 0.024696 0.946758
vt 0.000000 0.946758
vt 0.755817 0.940901
vt 0.706425 0.913708
vt 0.681729 0.930069
vt 0.805209 0.820252
vt 0.780513 0.827436
vt 0.929181 0.582769
vt 0.986476 0.778641
vt 0.961780 0.854671
vt 0.961780 0.778641
vt 0.024696 0.943350
vt 0.864978 0.352717
vt 0.840282 0.359282
vt 0.024696 0.953803
vt 0.805209 0.827436
vt 0.780513 0.954470
vt 0.953877 0.515564
vt 0.986476 0.759151
vt 0.706425 0.930069
vt 0.098783 0.959249
vt 0.574919 0.930685
vt 0.937084 0.968829
vt 0.904486 0.361367
vt 0.024696 0.963327
vt 0.739503 0.358165
vt 0.731121 0.991217
vt 0.706425 0.992961
vt 0.605052 0.961923
vt 0.681729 0.997938
vt 0.764198 0.356473
vt 0.838286 0.345798
vt 0.525527 0.962621
vt 0.933632 0.209122
vt 0.632338 0.813794
vt 0.426744 0.946468
vt 0.174867 0.975292
vt 0.978573 0.557569
vt 0.248954 0.961425
vt 0.024696 0.927335
vt 0.933632 0.353733
vt 0.629747 0.937227
vt 0.843734 0.931050
vt 0.224258 0.966357
vt 0.273650 0.953541
vt 0.325017 0.951600
vt 0.862997 0.922700
vt 0.933632 0.311162
vt 0.476136 0.945068
vt 0.550223 0.958725
vt 0.908936 0.361190
vt 0.813590 0.353062
vt 0.788894 0.355757
vt 0.714807 0.359279
vt 0.958328 0.205173
vt 0.074087 0.959493
vt 0.525527 0.930757
vt 0.374409 0.883436
vt 0.123479 0.959249
vt 0.451440 0.945295
vt 0.300321 0.959466
vt 0.958328 0.311162
vt 0.500831 0.945895
vt 0.605051 0.940839
vt 0.929182 0.665211
vt 0.349713 0.951140
vt 0.199562 0.969972
vt 0.755817 0.990352
vt 0.805209 0.838490
vt 0.978573 0.652844
vt 0.887692 0.922700
vt 0.958328 -0.000000
vt 0.780513 0.976240
vt 0.961780 0.968295
vt 0.961780 0.871779
vt 0.374409 0.949348
vt 0.574919 0.962598
vt 0.148175 0.959249
vt 0.937084 0.872639
vt 0.986476 0.854671
vt 0.864978 0.359282
vt 0.805209 0.954470
s 0
f 14/1/1 12/2/1 13/3/1
f 14/1/1 11/4/1 12/2/1
f 15/5/1 11/4/1 14/1/1
f 15/5/1 10/6/1 11/4/1
f 15/5/1 9/7/1 10/6/1
f 16/8/1 9/7/1 15/5/1
f 16/8/1 8/9/1 9/7/1
f 16/8/1 7/10/1 8/9/1
f 17/11/1 7/10/1 16/8/1
f 17/11/1 6/12/1 7/10/1
f 17/11/1 5/13/1 6/12/1
f 18/14/1 5/13/1 17/11/1
f 18/14/1 4/15/1 5/13/1
f 18/14/1 3/16/1 4/15/1
f 19/17/1 3/16/1 18/14/1
f 19/17/1 2/18/1 3/16/1
f 19/17/1 1/19/1 2/18/1
f 20/20/1 1/19/1 19/17/1
f 20/20/1 126/21/1 1/19/1
f 126/21/1 127/22/1 1/19/1
f 127/22/1 128/23/1 1/19/1
f 128/23/1 129/24/1 1/19/1
f 129/24/1 130/25/1 1/19/1
f 130/25/1 131/26/1 1/19/1
f 131/26/1 132/27/1 1/19/1
f 132/27/1 133/28/1 1/19/1
f 133/28/1 134/29/1 1/19/1
f 21/30/1 124/31/1 20/20/1
f 124/31/1 125/32/1 20/20/1
f 125/32/1 126/21/1 20/20/1
f 22/33/1 123/34/1 21/30/1
f 123/34/1 124/31/1 21/30/1
f 23/35/1 121/36/1 22/33/1
f 121/36/1 122/37/1 22/33/1
f 122/37/1 123/34/1 22/33/1
f 23/35/1 120/38/1 121/36/1
f 23/35/1 119/39/1 120/38/1
f 23/35/1 118/40/1 119/39/1
f 23/35/1 117/41/1 118/40/1
f 23/35/1 116/42/1 117/41/1
f 24/43/1 116/42/1 23/35/1
f 24/43/1 115/44/1 116/42/1
f 24/43/1 114/45/1 115/44/1
f 24/43/1 113/46/1 114/45/1
f 24/43/1 112/47/1 113/46/1
f 25/48/1 112/47/1 24/43/1
f 25/48/1 111/49/1 112/47/1
f 25/48/1 110/50/1 111/49/1
f 25/48/1 109/51/1 110/50/1
f 26/52/1 109/51/1 25/48/1
f 26/52/1 108/53/1 109/51/1
f 26/52/1 107/54/1 108/53/1
f 26/52/1 106/55/1 107/54/1
f 26/52/1 105/56/1 106/55/1
f 26/52/1 104/57/1 105/56/1
f 27/58/1 104/57/1 26/52/1
f 27/58/1 103/59/1 104/57/1
f 27/58/1 102/60/1 103/59/1
f 27/58/1 101/61/1 102/60/1
f 28/62/1 101/61/1 27/58/1
f 28/62/1 100/63/1 101/61/1
f 28/62/1 99/64/1 100/63/1
f 28/62/1 98/65/1 99/64/1
f 29/66/1 98/65/1 28/62/1
f 29/66/1 97/67/1 98/65/1
f 30/68/1 97/67/1 29/66/1
f 30/68/1 96/69/1 97/67/1
f 30/68/1 95/70/1 96/69/1
f 31/71/1 95/70/1 30/68/1
f 31/71/1 94/72/1 95/70/1
f 32/73/1 94/72/1 31/71/1
f 32/73/1 93/74/1 94/72/1
f 32/73/1 92/75/1 93/74/1
f 33/76/1 92/75/1 32/73/1
f 33/76/1 91/77/1 92/75/1
f 34/78/1 91/77/1 33/76/1
f 34/78/1 90/79/1 91/77/1
f 34/78/1 89/80/1 90/79/1
f 35/81/1 89/80/1 34/78/1
f 35/81/1 88/82/1 89/80/1
f 36/83/1 88/82/1 35/81/1
f 36/83/1 87/84/1 88/82/1
f 37/85/1 87/84/1 36/83/1
f 37/85/1 86/86/1 87/84/1
f 62/87/1 60/88/1 61/89/1
f 37/85/1 85/90/1 86/86/1
f 38/91/1 85/90/1 37/85/1
f 62/87/1 59/92/1 60/88/1
f 39/93/1 85/90/1 38/91/1
f 62/87/1 58/94/1 59/92/1
f 40/95/1 85/90/1 39/93/1
f 40/95/1 84/96/1 85/90/1
f 62/87/1 57/97/1 58/94/1
f 41/98/1 84/96/1 40/95/1
f 62/87/1 56/99/1 57/97/1
f 42/100/1 84/96/1 41/98/1
f 62/87/1 55/101/1 56/99/1
f 43/102/1 84/96/1 42/100/1
f 43/102/1 83/103/1 84/96/1
f 62/87/1 54/104/1 55/101/1
f 44/105/1 83/103/1 43/102/1
f 45/106/1 83/103/1 44/105/1
f 62/87/1 53/107/1 54/104/1
f 46/108/1 83/103/1 45/106/1
f 62/87/1 52/109/1 53/107/1
f 47/110/1 83/103/1 46/108/1
f 62/87/1 51/111/1 52/109/1
f 48/112/1 83/103/1 47/110/1
f 62/87/1 50/113/1 51/111/1
f 49/114/1 83/103/1 48/112/1
f 62/87/1 49/114/1 50/113/1
f 49/114/1 82/115/1 83/103/1
f 62/87/1 82/115/1 49/114/1
f 62/87/1 81/116/1 82/115/1
f 62/87/1 80/117/1 81/116/1
f 63/118/1 80/117/1 62/87/1
f 63/118/1 79/119/1 80/117/1
f 64/120/1 79/119/1 63/118/1
f 65/121/1 79/119/1 64/120/1
f 65/121/1 78/122/1 79/119/1
f 66/123/1 78/122/1 65/121/1
f 67/124/1 78/122/1 66/123/1
f 67/124/1 77/125/1 78/122/1
f 68/126/1 77/125/1 67/124/1
f 68/126/1 76/127/1 77/125/1
f 69/128/1 76/127/1 68/126/1
f 70/129/1 76/127/1 69/128/1
f 70/129/1 75/130/1 76/127/1
f 71/131/1 75/130/1 70/129/1
f 72/132/1 75/130/1 71/131/1
f 72/132/1 74/133/1 75/130/1
f 73/134/1 74/133/1 72/132/1
f 179/135/1 177/136/1 178/137/1
f 180/138/1 177/136/1 179/135/1
f 180/138/1 176/139/1 177/136/1
f 181/140/1 176/139/1 180/138/1
f 182/141/1 176/139/1 181/140/1
f 182/141/1 175/142/1 176/139/1
f 183/143/1 175/142/1 182/141/1
f 137/144/1 135/145/1 136/146/1
f 137/144/1 191/147/1 135/145/1
f 183/143/1 174/148/1 175/142/1
f 184/149/1 174/148/1 183/143/1
f 185/150/1 174/148/1 184/149/1
f 185/150/1 173/151/1 174/148/1
f 186/152/1 173/151/1 185/150/1
f 186/152/1 172/153/1 173/151/1
f 187/154/1 172/153/1 186/152/1
f 188/155/1 172/153/1 187/154/1
f 188/155/1 171/156/1 172/153/1
f 189/157/1 171/156/1 188/155/1
f 190/158/1 171/156/1 189/157/1
f 190/158/1 151/159/1 171/156/1
f 151/159/1 170/160/1 171/156/1
f 137/144/1 190/158/1 191/147/1
f 137/144/1 139/161/1 190/158/1
f 139/161/1 140/162/1 190/158/1
f 140/162/1 141/163/1 190/158/1
f 141/163/1 142/164/1 190/158/1
f 142/164/1 143/165/1 190/158/1
f 143/165/1 144/166/1 190/158/1
f 144/166/1 145/167/1 190/158/1
f 145/167/1 146/168/1 190/158/1
f 146/168/1 147/169/1 190/158/1
f 147/169/1 148/170/1 190/158/1
f 148/170/1 149/171/1 190/158/1
f 149/171/1 150/172/1 190/158/1
f 150/172/1 151/159/1 190/158/1
f 152/173/1 170/160/1 151/159/1
f 153/174/1 170/160/1 152/173/1
f 154/175/1 170/160/1 153/174/1
f 155/176/1 170/160/1 154/175/1
f 155/176/1 169/177/1 170/160/1
f 156/178/1 169/177/1 155/176/1
f 157/179/1 169/177/1 156/178/1
f 158/180/1 169/177/1 157/179/1
f 158/180/1 168/181/1 169/177/1
f 159/182/1 168/181/1 158/180/1
f 160/183/1 168/181/1 159/182/1
f 160/183/1 167/184/1 168/181/1
f 161/185/1 167/184/1 160/183/1
f 137/144/1 138/186/1 139/161/1
f 162/187/1 167/184/1 161/185/1
f 162/187/1 166/188/1 167/184/1
f 163/189/1 166/188/1 162/187/1
f 164/190/1 166/188/1 163/189/1
f 164/190/1 165/191/1 166/188/1
f 193/192/1 239/193/1 192/194/1
f 193/192/1 238/195/1 239/193/1
f 194/196/1 238/195/1 193/192/1
f 194/196/1 237/197/1 238/195/1
f 195/198/1 237/197/1 194/196/1
f 195/198/1 236/199/1 237/197/1
f 196/200/1 236/199/1 195/198/1
f 196/200/1 235/201/1 236/199/1
f 197/202/1 235/201/1 196/200/1
f 197/202/1 234/203/1 235/201/1
f 198/204/1 234/203/1 197/202/1
f 198/204/1 233/205/1 234/203/1
f 199/206/1 240/207/1 198/204/1
f 240/207/1 233/205/1 198/204/1
f 199/206/1 287/208/1 240/207/1
f 241/209/1 233/205/1 240/207/1
f 199/206/1 286/210/1 287/208/1
f 242/211/1 233/205/1 241/209/1
f 199/206/1 285/212/1 286/210/1
f 243/213/1 233/205/1 242/211/1
f 243/213/1 232/214/1 233/205/1
f 200/215/1 285/212/1 199/206/1
f 200/215/1 284/216/1 285/212/1
f 244/217/1 232/214/1 243/213/1
f 200/215/1 283/218/1 284/216/1
f 245/219/1 232/214/1 244/217/1
f 200/215/1 282/220/1 283/218/1
f 246/221/1 232/214/1 245/219/1
f 246/221/1 231/222/1 232/214/1
f 201/223/1 282/220/1 200/215/1
f 201/223/1 281/224/1 282/220/1
f 247/225/1 231/222/1 246/221/1
f 201/223/1 280/226/1 281/224/1
f 248/227/1 231/222/1 247/225/1
f 248/227/1 230/228/1 231/222/1
f 202/229/1 280/226/1 201/223/1
f 202/229/1 279/230/1 280/226/1
f 249/231/1 230/228/1 248/227/1
f 249/231/1 229/232/1 230/228/1
f 203/233/1 279/230/1 202/229/1
f 203/233/1 278/234/1 279/230/1
f 250/235/1 229/232/1 249/231/1
f 203/233/1 277/236/1 278/234/1
f 251/237/1 229/232/1 250/235/1
f 251/237/1 228/238/1 229/232/1
f 204/239/1 277/236/1 203/233/1
f 204/239/1 276/240/1 277/236/1
f 252/241/1 228/238/1 251/237/1
f 205/242/1 276/240/1 204/239/1
f 205/242/1 275/243/1 276/240/1
f 252/241/1 227/244/1 228/238/1
f 253/245/1 227/244/1 252/241/1
f 205/242/1 274/246/1 275/243/1
f 254/247/1 227/244/1 253/245/1
f 206/248/1 274/246/1 205/242/1
f 254/247/1 226/249/1 227/244/1
f 206/248/1 273/250/1 274/246/1
f 255/251/1 226/249/1 254/247/1
f 206/248/1 272/252/1 273/250/1
f 207/253/1 272/252/1 206/248/1
f 256/254/1 226/249/1 255/251/1
f 256/254/1 225/255/1 226/249/1
f 207/253/1 271/256/1 272/252/1
f 257/257/1 225/255/1 256/254/1
f 208/258/1 271/256/1 207/253/1
f 257/257/1 224/259/1 225/255/1
f 208/258/1 270/260/1 271/256/1
f 258/261/1 224/259/1 257/257/1
f 208/258/1 269/262/1 270/260/1
f 259/263/1 224/259/1 258/261/1
f 209/264/1 269/262/1 208/258/1
f 259/263/1 223/265/1 224/259/1
f 209/264/1 268/266/1 269/262/1
f 260/267/1 223/265/1 259/263/1
f 209/264/1 267/268/1 268/266/1
f 261/269/1 223/265/1 260/267/1
f 209/264/1 266/270/1 267/268/1
f 262/271/1 223/265/1 261/269/1
f 210/272/1 266/270/1 209/264/1
f 262/271/1 222/273/1 223/265/1
f 210/272/1 265/274/1 266/270/1
f 263/275/1 222/273/1 262/271/1
f 210/272/1 264/276/1 265/274/1
f 264/276/1 222/273/1 263/275/1
f 210/272/1 222/273/1 264/276/1
f 211/277/1 222/273/1 210/272/1
f 211/277/1 221/278/1 222/273/1
f 212/279/1 221/278/1 211/277/1
f 212/279/1 220/280/1 221/278/1
f 213/281/1 220/280/1 212/279/1
f 213/281/1 219/282/1 220/280/1
f 214/283/1 219/282/1 213/281/1
f 214/283/1 218/284/1 219/282/1
f 215/285/1 218/284/1 214/283/1
f 215/285/1 217/286/1 218/284/1
f 216/287/1 217/286/1 215/285/1
f 338/288/1 336/289/1 337/290/1
f 338/288/1 339/291/1 336/289/1
f 301/292/1 299/293/1 300/294/1
f 301/292/1 298/295/1 299/293/1
f 302/296/1 298/295/1 301/292/1
f 302/296/1 297/297/1 298/295/1
f 303/298/1 297/297/1 302/296/1
f 303/298/1 296/299/1 297/297/1
f 304/300/1 296/299/1 303/298/1
f 304/300/1 295/301/1 296/299/1
f 305/302/1 295/301/1 304/300/1
f 305/302/1 294/303/1 295/301/1
f 306/304/1 294/303/1 305/302/1
f 306/304/1 293/305/1 294/303/1
f 307/306/1 293/305/1 306/304/1
f 307/306/1 292/307/1 293/305/1
f 308/308/1 292/307/1 307/306/1
f 308/308/1 291/309/1 292/307/1
f 309/310/1 291/309/1 308/308/1
f 309/310/1 290/311/1 291/309/1
f 310/312/1 290/311/1 309/310/1
f 310/312/1 289/313/1 290/311/1
f 311/314/1 289/313/1 310/312/1
f 311/314/1 288/315/1 289/313/1
f 312/316/1 288/315/1 311/314/1
f 313/317/1 288/315/1 312/316/1
f 313/317/1 335/318/1 288/315/1
f 313/317/1 334/319/1 335/318/1
f 314/320/1 334/319/1 313/317/1
f 314/320/1 333/321/1 334/319/1
f 315/322/1 333/321/1 314/320/1
f 315/322/1 332/323/1 333/321/1
f 316/324/1 332/323/1 315/322/1
f 316/324/1 331/325/1 332/323/1
f 317/326/1 331/325/1 316/324/1
f 317/326/1 330/327/1 331/325/1
f 318/328/1 330/327/1 317/326/1
f 318/328/1 329/329/1 330/327/1
f 319/330/1 329/329/1 318/328/1
f 319/330/1 328/331/1 329/329/1
f 320/332/1 328/331/1 319/330/1
f 320/332/1 327/333/1 328/331/1
f 321/334/1 327/333/1 320/332/1
f 321/334/1 326/335/1 327/333/1
f 322/336/1 326/335/1 321/334/1
f 322/336/1 325/337/1 326/335/1
f 323/338/1 325/337/1 322/336/1
f 323/338/1 324/339/1 325/337/1
f 341/340/1 397/341/1 340/342/1
f 341/340/1 396/343/1 397/341/1
f 341/340/1 395/344/1 396/343/1
f 342/345/1 395/344/1 341/340/1
f 343/346/1 395/347/1 342/348/1
f 344/349/1 394/350/1 343/351/1
f 394/352/1 395/352/1 343/352/1
f 344/349/1 393/353/1 394/350/1
f 344/349/1 392/354/1 393/353/1
f 345/355/1 392/354/1 344/349/1
f 345/355/1 391/356/1 392/354/1
f 345/355/1 390/357/1 391/356/1
f 346/358/1 390/357/1 345/355/1
f 346/358/1 389/359/1 390/357/1
f 370/360/1 368/361/1 369/362/1
f 371/363/1 368/361/1 370/360/1
f 346/358/1 388/364/1 389/359/1
f 372/365/1 368/361/1 371/363/1
f 347/366/1 388/364/1 346/358/1
f 347/366/1 387/367/1 388/364/1
f 373/368/1 368/361/1 372/365/1
f 374/369/1 368/361/1 373/368/1
f 347/366/1 386/370/1 387/367/1
f 375/371/1 368/361/1 374/369/1
f 347/366/1 385/372/1 386/370/1
f 376/373/1 368/361/1 375/371/1
f 347/366/1 384/374/1 385/372/1
f 377/375/1 368/361/1 376/373/1
f 348/376/1 384/374/1 347/366/1
f 378/377/1 368/361/1 377/375/1
f 348/376/1 383/378/1 384/374/1
f 379/379/1 368/361/1 378/377/1
f 348/376/1 382/380/1 383/378/1
f 380/381/1 368/361/1 379/379/1
f 348/376/1 381/382/1 382/380/1
f 381/382/1 368/361/1 380/381/1
f 348/376/1 368/361/1 381/382/1
f 349/383/1 368/361/1 348/376/1
f 350/384/1 368/361/1 349/383/1
f 351/385/1 368/361/1 350/384/1
f 351/385/1 367/386/1 368/361/1
f 352/387/1 367/386/1 351/385/1
f 352/387/1 366/388/1 367/386/1
f 352/387/1 365/389/1 366/388/1
f 353/390/1 365/389/1 352/387/1
f 353/390/1 364/391/1 365/389/1
f 353/390/1 363/392/1 364/391/1
f 353/390/1 362/393/1 363/392/1
f 354/394/1 362/393/1 353/390/1
f 354/394/1 361/395/1 362/393/1
f 354/394/1 360/396/1 361/395/1
f 355/397/1 360/396/1 354/394/1
f 355/397/1 359/398/1 360/396/1
f 355/397/1 358/399/1 359/398/1
f 356/400/1 358/399/1 355/397/1
f 356/400/1 357/401/1 358/399/1
f 436/402/1 438/403/1 435/404/1
f 438/403/1 434/405/1 435/404/1
f 438/403/1 433/406/1 434/405/1
f 438/403/1 432/407/1 433/406/1
f 438/403/1 431/408/1 432/407/1
f 438/403/1 430/409/1 431/408/1
f 438/403/1 429/410/1 430/409/1
f 438/403/1 428/411/1 429/410/1
f 438/403/1 427/412/1 428/411/1
f 438/403/1 439/413/1 427/412/1
f 439/413/1 440/414/1 427/412/1
f 440/414/1 426/415/1 427/412/1
f 436/402/1 475/416/1 438/403/1
f 441/417/1 426/415/1 440/414/1
f 442/418/1 426/415/1 441/417/1
f 443/419/1 426/415/1 442/418/1
f 444/420/1 426/415/1 443/419/1
f 444/420/1 425/421/1 426/415/1
f 445/422/1 425/421/1 444/420/1
f 446/423/1 425/421/1 445/422/1
f 446/423/1 424/424/1 425/421/1
f 447/425/1 424/424/1 446/423/1
f 448/426/1 424/424/1 447/425/1
f 448/426/1 423/427/1 424/424/1
f 449/428/1 423/427/1 448/426/1
f 450/429/1 423/427/1 449/428/1
f 450/429/1 422/430/1 423/427/1
f 451/431/1 422/430/1 450/429/1
f 452/432/1 422/430/1 451/431/1
f 452/432/1 421/433/1 422/430/1
f 453/434/1 421/433/1 452/432/1
f 453/434/1 420/435/1 421/433/1
f 454/436/1 420/435/1 453/434/1
f 455/437/1 420/435/1 454/436/1
f 455/437/1 419/438/1 420/435/1
f 456/439/1 419/438/1 455/437/1
f 457/440/1 419/438/1 456/439/1
f 457/440/1 418/441/1 419/438/1
f 458/442/1 418/441/1 457/440/1
f 458/442/1 417/443/1 418/441/1
f 459/444/1 417/443/1 458/442/1
f 436/402/1 474/445/1 475/416/1
f 460/446/1 417/443/1 459/444/1
f 436/402/1 473/447/1 474/445/1
f 436/402/1 472/448/1 473/447/1
f 436/402/1 398/449/1 472/448/1
f 398/449/1 471/450/1 472/448/1
f 461/451/1 417/443/1 460/446/1
f 398/449/1 470/452/1 471/450/1
f 398/449/1 469/453/1 470/452/1
f 461/451/1 416/454/1 417/443/1
f 462/455/1 416/454/1 461/451/1
f 398/449/1 468/456/1 469/453/1
f 398/449/1 467/457/1 468/456/1
f 398/449/1 466/458/1 467/457/1
f 463/459/1 416/454/1 462/455/1
f 398/449/1 465/460/1 466/458/1
f 398/449/1 464/461/1 465/460/1
f 398/449/1 463/459/1 464/461/1
f 398/449/1 416/454/1 463/459/1
f 398/449/1 415/462/1 416/454/1
f 398/449/1 414/463/1 415/462/1
f 398/449/1 413/464/1 414/463/1
f 436/402/1 437/465/1 398/449/1
f 399/466/1 413/464/1 398/449/1
f 399/466/1 412/467/1 413/464/1
f 400/468/1 412/467/1 399/466/1
f 401/469/1 412/467/1 400/468/1
f 402/470/1 412/467/1 401/469/1
f 403/471/1 412/467/1 402/470/1
f 403/471/1 411/472/1 412/467/1
f 404/473/1 411/472/1 403/471/1
f 405/474/1 411/472/1 404/473/1
f 406/475/1 411/472/1 405/474/1
f 407/476/1 411/472/1 406/475/1
f 407/476/1 410/477/1 411/472/1
f 408/478/1 410/477/1 407/476/1
f 409/479/1 410/477/1 408/478/1
f 513/480/1 511/481/1 512/482/1
f 513/480/1 510/483/1 511/481/1
f 514/484/1 510/483/1 513/480/1
f 514/484/1 509/485/1 510/483/1
f 515/486/1 509/485/1 514/484/1
f 515/486/1 508/487/1 509/485/1
f 516/488/1 508/487/1 515/486/1
f 516/488/1 507/489/1 508/487/1
f 517/490/1 507/489/1 516/488/1
f 517/490/1 506/491/1 507/489/1
f 518/492/1 536/493/1 517/490/1
f 536/493/1 506/491/1 517/490/1
f 518/492/1 535/494/1 536/493/1
f 537/495/1 506/491/1 536/493/1
f 538/496/1 506/491/1 537/495/1
f 518/492/1 534/497/1 535/494/1
f 539/498/1 506/491/1 538/496/1
f 518/492/1 533/499/1 534/497/1
f 539/498/1 505/500/1 506/491/1
f 519/501/1 533/499/1 518/492/1
f 540/502/1 505/500/1 539/498/1
f 519/501/1 532/503/1 533/499/1
f 541/504/1 505/500/1 540/502/1
f 519/501/1 531/505/1 532/503/1
f 541/504/1 504/506/1 505/500/1
f 520/507/1 531/505/1 519/501/1
f 542/508/1 504/506/1 541/504/1
f 520/507/1 530/509/1 531/505/1
f 543/510/1 504/506/1 542/508/1
f 520/507/1 529/511/1 530/509/1
f 543/510/1 503/512/1 504/506/1
f 521/513/1 529/511/1 520/507/1
f 544/514/1 503/512/1 543/510/1
f 521/513/1 528/515/1 529/511/1
f 544/514/1 502/516/1 503/512/1
f 522/517/1 528/515/1 521/513/1
f 545/518/1 502/516/1 544/514/1
f 522/517/1 527/519/1 528/515/1
f 546/520/1 502/516/1 545/518/1
f 522/517/1 526/521/1 527/519/1
f 546/520/1 501/522/1 502/516/1
f 523/523/1 526/521/1 522/517/1
f 547/524/1 501/522/1 546/520/1
f 523/523/1 525/525/1 526/521/1
f 547/524/1 500/526/1 501/522/1
f 476/527/1 525/525/1 523/523/1
f 548/528/1 500/526/1 547/524/1
f 476/527/1 524/529/1 525/525/1
f 477/530/1 524/529/1 476/527/1
f 477/530/1 571/531/1 524/529/1
f 549/532/1 500/526/1 548/528/1
f 549/532/1 499/533/1 500/526/1
f 477/530/1 570/534/1 571/531/1
f 550/535/1 499/533/1 549/532/1
f 550/535/1 498/536/1 499/533/1
f 478/537/1 570/534/1 477/530/1
f 478/537/1 569/538/1 570/534/1
f 551/539/1 498/536/1 550/535/1
f 551/539/1 497/540/1 498/536/1
f 479/541/1 569/538/1 478/537/1
f 552/542/1 497/540/1 551/539/1
f 479/541/1 568/543/1 569/538/1
f 552/542/1 496/544/1 497/540/1
f 480/545/1 568/543/1 479/541/1
f 553/546/1 496/544/1 552/542/1
f 480/545/1 567/547/1 568/543/1
f 554/548/1 496/544/1 553/546/1
f 480/545/1 566/549/1 567/547/1
f 554/548/1 495/550/1 496/544/1
f 481/551/1 566/549/1 480/545/1
f 555/552/1 495/550/1 554/548/1
f 481/551/1 565/553/1 566/549/1
f 556/554/1 495/550/1 555/552/1
f 481/551/1 564/555/1 565/553/1
f 556/554/1 494/556/1 495/550/1
f 482/557/1 564/555/1 481/551/1
f 557/558/1 494/556/1 556/554/1
f 482/557/1 563/559/1 564/555/1
f 558/560/1 494/556/1 557/558/1
f 482/557/1 562/561/1 563/559/1
f 558/560/1 493/562/1 494/556/1
f 483/563/1 562/561/1 482/557/1
f 559/564/1 493/562/1 558/560/1
f 483/563/1 561/565/1 562/561/1
f 560/566/1 493/562/1 559/564/1
f 483/563/1 560/566/1 561/565/1
f 483/563/1 493/562/1 560/566/1
f 483/563/1 492/567/1 493/562/1
f 484/568/1 492/567/1 483/563/1
f 484/568/1 491/569/1 492/567/1
f 485/570/1 491/569/1 484/568/1
f 485/570/1 490/571/1 491/569/1
f 486/572/1 490/571/1 485/570/1
f 486/572/1 489/573/1 490/571/1
f 487/574/1 489/573/1 486/572/1
f 487/574/1 488/575/1 489/573/1
f 585/576/2 584/577/2 583/578/2
f 585/576/2 583/578/2 582/579/2
f 586/580/2 585/576/2 582/579/2
f 586/580/2 582/579/2 581/581/2
f 586/580/2 581/581/2 580/582/2
f 587/583/2 586/580/2 580/582/2
f 587/583/2 580/582/2 579/584/2
f 587/583/2 579/584/2 578/585/2
f 588/586/2 587/583/2 578/585/2
f 588/586/2 578/585/2 577/587/2
f 588/586/2 577/587/2 576/588/2
f 589/589/2 588/586/2 576/588/2
f 589/589/2 576/588/2 575/590/2
f 589/589/2 575/590/2 574/591/2
f 590/592/2 589/589/2 574/591/2
f 590/592/2 574/591/2 573/593/2
f 590/592/2 573/593/2 572/594/2
f 591/595/2 590/592/2 572/594/2
f 591/595/2 572/594/2 697/596/2
f 697/596/2 572/594/2 698/597/2
f 698/597/2 572/594/2 699/598/2
f 699/598/2 572/594/2 700/599/2
f 700/599/2 572/594/2 701/600/2
f 701/600/2 572/594/2 702/601/2
f 702/601/2 572/594/2 703/602/2
f 703/602/2 572/594/2 704/603/2
f 704/603/2 572/594/2 705/604/2
f 592/605/2 591/595/2 695/606/2
f 695/606/2 591/595/2 696/607/2
f 696/607/2 591/595/2 697/596/2
f 593/608/2 592/605/2 694/609/2
f 694/609/2 592/605/2 695/606/2
f 594/610/2 593/608/2 692/611/2
f 692/611/2 593/608/2 693/612/2
f 693/612/2 593/608/2 694/609/2
f 594/610/2 692/611/2 691/613/2
f 594/610/2 691/613/2 690/614/2
f 594/610/2 690/614/2 689/615/2
f 594/610/2 689/615/2 688/616/2
f 594/610/2 688/616/2 687/617/2
f 595/618/2 594/610/2 687/617/2
f 595/618/2 687/617/2 686/619/2
f 595/618/2 686/619/2 685/620/2
f 595/618/2 685/620/2 684/621/2
f 595/618/2 684/621/2 683/622/2
f 596/623/2 595/618/2 683/622/2
f 596/623/2 683/622/2 682/624/2
f 596/623/2 682/624/2 681/625/2
f 596/623/2 681/625/2 680/626/2
f 597/627/2 596/623/2 680/626/2
f 597/627/2 680/626/2 679/628/2
f 597/627/2 679/628/2 678/629/2
f 597/627/2 678/629/2 677/630/2
f 597/627/2 677/630/2 676/631/2
f 597/627/2 676/631/2 675/632/2
f 598/633/2 597/627/2 675/632/2
f 598/633/2 675/632/2 674/634/2
f 598/633/2 674/634/2 673/635/2
f 598/633/2 673/635/2 672/636/2
f 599/637/2 598/633/2 672/636/2
f 599/637/2 672/636/2 671/638/2
f 599/637/2 671/638/2 670/639/2
f 599/637/2 670/639/2 669/640/2
f 600/641/2 599/637/2 669/640/2
f 600/641/2 669/640/2 668/642/2
f 601/643/2 600/641/2 668/642/2
f 601/643/2 668/642/2 667/644/2
f 601/643/2 667/644/2 666/645/2
f 602/646/2 601/643/2 666/645/2
f 602/646/2 666/645/2 665/647/2
f 603/648/2 602/646/2 665/647/2
f 603/648/2 665/647/2 664/649/2
f 603/648/2 664/649/2 663/650/2
f 604/651/2 603/648/2 663/650/2
f 604/651/2 663/650/2 662/652/2
f 605/653/2 604/651/2 662/652/2
f 605/653/2 662/652/2 661/654/2
f 605/653/2 661/654/2 660/655/2
f 606/656/2 605/653/2 660/655/2
f 606/656/2 660/655/2 659/657/2
f 607/658/2 606/656/2 659/657/2
f 607/658/2 659/657/2 658/659/2
f 608/660/2 607/658/2 658/659/2
f 608/660/2 658/659/2 657/661/2
f 633/662/2 632/663/2 631/664/2
f 608/660/2 657/661/2 656/665/2
f 609/666/2 608/660/2 656/665/2
f 633/662/2 631/664/2 630/667/2
f 610/668/2 609/666/2 656/665/2
f 633/662/2 630/667/2 629/669/2
f 611/670/2 610/668/2 656/665/2
f 611/670/2 656/665/2 655/671/2
f 633/662/2 629/669/2 628/672/2
f 612/673/2 611/670/2 655/671/2
f 633/662/2 628/672/2 627/674/2
f 613/675/2 612/673/2 655/671/2
f 633/662/2 627/674/2 626/676/2
f 614/677/2 613/675/2 655/671/2
f 614/677/2 655/671/2 654/678/2
f 633/662/2 626/676/2 625/679/2
f 615/680/2 614/677/2 654/678/2
f 616/681/2 615/680/2 654/678/2
f 633/662/2 625/679/2 624/682/2
f 617/683/2 616/681/2 654/678/2
f 633/662/2 624/682/2 623/684/2
f 618/685/2 617/683/2 654/678/2
f 633/662/2 623/684/2 622/686/2
f 619/687/2 618/685/2 654/678/2
f 633/662/2 622/686/2 621/688/2
f 620/689/2 619/687/2 654/678/2
f 633/662/2 621/688/2 620/689/2
f 620/689/2 654/678/2 653/690/2
f 633/662/2 620/689/2 653/690/2
f 633/662/2 653/690/2 652/691/2
f 633/662/2 652/691/2 651/692/2
f 634/693/2 633/662/2 651/692/2
f 634/693/2 651/692/2 650/694/2
f 635/695/2 634/693/2 650/694/2
f 636/696/2 635/695/2 650/694/2
f 636/696/2 650/694/2 649/697/2
f 637/698/2 636/696/2 649/697/2
f 638/699/2 637/698/2 649/697/2
f 638/699/2 649/697/2 648/700/2
f 639/701/2 638/699/2 648/700/2
f 639/701/2 648/700/2 647/702/2
f 640/703/2 639/701/2 647/702/2
f 641/704/2 640/703/2 647/702/2
f 641/704/2 647/702/2 646/705/2
f 642/706/2 641/704/2 646/705/2
f 643/707/2 642/706/2 646/705/2
f 643/707/2 646/705/2 645/708/2
f 644/709/2 643/707/2 645/708/2
f 750/710/2 749/711/2 748/712/2
f 751/713/2 750/710/2 748/712/2
f 751/713/2 748/712/2 747/714/2
f 752/715/2 751/713/2 747/714/2
f 753/716/2 752/715/2 747/714/2
f 753/716/2 747/714/2 746/717/2
f 754/718/2 753/716/2 746/717/2
f 708/719/2 707/720/2 706/721/2
f 708/719/2 706/721/2 762/722/2
f 754/718/2 746/717/2 745/723/2
f 755/724/2 754/718/2 745/723/2
f 756/725/2 755/724/2 745/723/2
f 756/725/2 745/723/2 744/726/2
f 757/727/2 756/725/2 744/726/2
f 757/727/2 744/726/2 743/728/2
f 758/729/2 757/727/2 743/728/2
f 759/730/2 758/729/2 743/728/2
f 759/730/2 743/728/2 742/731/2
f 760/732/2 759/730/2 742/731/2
f 761/733/2 760/732/2 742/731/2
f 761/733/2 742/731/2 722/734/2
f 722/734/2 742/731/2 741/735/2
f 708/719/2 762/722/2 761/733/2
f 708/719/2 761/733/2 710/736/2
f 710/736/2 761/733/2 711/737/2
f 711/737/2 761/733/2 712/738/2
f 712/738/2 761/733/2 713/739/2
f 713/739/2 761/733/2 714/740/2
f 714/740/2 761/733/2 715/741/2
f 715/741/2 761/733/2 716/742/2
f 716/742/2 761/733/2 717/743/2
f 717/743/2 761/733/2 718/744/2
f 718/744/2 761/733/2 719/745/2
f 719/745/2 761/733/2 720/746/2
f 720/746/2 761/733/2 721/747/2
f 721/747/2 761/733/2 722/734/2
f 723/748/2 722/734/2 741/735/2
f 724/749/2 723/748/2 741/735/2
f 725/750/2 724/749/2 741/735/2
f 726/751/2 725/750/2 741/735/2
f 726/751/2 741/735/2 740/752/2
f 727/753/2 726/751/2 740/752/2
f 728/754/2 727/753/2 740/752/2
f 729/755/2 728/754/2 740/752/2
f 729/755/2 740/752/2 739/756/2
f 730/757/2 729/755/2 739/756/2
f 731/758/2 730/757/2 739/756/2
f 731/758/2 739/756/2 738/759/2
f 732/760/2 731/758/2 738/759/2
f 708/719/2 710/736/2 709/761/2
f 733/762/2 732/760/2 738/759/2
f 733/762/2 738/759/2 737/763/2
f 734/764/2 733/762/2 737/763/2
f 735/765/2 734/764/2 737/763/2
f 735/765/2 737/763/2 736/766/2
f 764/767/2 763/768/2 810/769/2
f 764/767/2 810/769/2 809/770/2
f 765/771/2 764/767/2 809/770/2
f 765/771/2 809/770/2 808/772/2
f 766/773/2 765/771/2 808/772/2
f 766/773/2 808/772/2 807/774/2
f 767/775/2 766/773/2 807/774/2
f 767/775/2 807/774/2 806/776/2
f 768/777/2 767/775/2 806/776/2
f 768/777/2 806/776/2 805/778/2
f 769/779/2 768/777/2 805/778/2
f 769/779/2 805/778/2 804/780/2
f 770/781/2 769/779/2 811/782/2
f 811/782/2 769/779/2 804/780/2
f 770/781/2 811/782/2 858/783/2
f 812/784/2 811/782/2 804/780/2
f 770/781/2 858/783/2 857/785/2
f 813/786/2 812/784/2 804/780/2
f 770/781/2 857/785/2 856/787/2
f 814/788/2 813/786/2 804/780/2
f 814/788/2 804/780/2 803/789/2
f 771/790/2 770/781/2 856/787/2
f 771/790/2 856/787/2 855/791/2
f 815/792/2 814/788/2 803/789/2
f 771/790/2 855/791/2 854/793/2
f 816/794/2 815/792/2 803/789/2
f 771/790/2 854/793/2 853/795/2
f 817/796/2 816/794/2 803/789/2
f 817/796/2 803/789/2 802/797/2
f 772/798/2 771/790/2 853/795/2
f 772/798/2 853/795/2 852/799/2
f 818/800/2 817/796/2 802/797/2
f 772/798/2 852/799/2 851/801/2
f 819/802/2 818/800/2 802/797/2
f 819/802/2 802/797/2 801/803/2
f 773/804/2 772/798/2 851/801/2
f 773/804/2 851/801/2 850/805/2
f 820/806/2 819/802/2 801/803/2
f 820/806/2 801/803/2 800/807/2
f 774/808/2 773/804/2 850/805/2
f 774/808/2 850/805/2 849/809/2
f 821/810/2 820/806/2 800/807/2
f 774/808/2 849/809/2 848/811/2
f 822/812/2 821/810/2 800/807/2
f 822/812/2 800/807/2 799/813/2
f 775/814/2 774/808/2 848/811/2
f 775/814/2 848/811/2 847/815/2
f 823/816/2 822/812/2 799/813/2
f 776/817/2 775/814/2 847/815/2
f 776/817/2 847/815/2 846/818/2
f 823/816/2 799/813/2 798/819/2
f 824/820/2 823/816/2 798/819/2
f 776/817/2 846/818/2 845/821/2
f 825/822/2 824/820/2 798/819/2
f 777/823/2 776/817/2 845/821/2
f 825/822/2 798/819/2 797/824/2
f 777/823/2 845/821/2 844/825/2
f 826/826/2 825/822/2 797/824/2
f 777/823/2 844/825/2 843/827/2
f 778/828/2 777/823/2 843/827/2
f 827/829/2 826/826/2 797/824/2
f 827/829/2 797/824/2 796/830/2
f 778/828/2 843/827/2 842/831/2
f 828/832/2 827/829/2 796/830/2
f 779/833/2 778/828/2 842/831/2
f 828/832/2 796/830/2 795/834/2
f 779/833/2 842/831/2 841/835/2
f 829/836/2 828/832/2 795/834/2
f 779/833/2 841/835/2 840/837/2
f 830/838/2 829/836/2 795/834/2
f 780/839/2 779/833/2 840/837/2
f 830/838/2 795/834/2 794/840/2
f 780/839/2 840/837/2 839/841/2
f 831/842/2 830/838/2 794/840/2
f 780/839/2 839/841/2 838/843/2
f 832/844/2 831/842/2 794/840/2
f 780/839/2 838/843/2 837/845/2
f 833/846/2 832/844/2 794/840/2
f 781/847/2 780/839/2 837/845/2
f 833/846/2 794/840/2 793/848/2
f 781/847/2 837/845/2 836/849/2
f 834/850/2 833/846/2 793/848/2
f 781/847/2 836/849/2 835/851/2
f 835/851/2 834/850/2 793/848/2
f 781/847/2 835/851/2 793/848/2
f 782/852/2 781/847/2 793/848/2
f 782/852/2 793/848/2 792/853/2
f 783/854/2 782/852/2 792/853/2
f 783/854/2 792/853/2 791/855/2
f 784/856/2 783/854/2 791/855/2
f 784/856/2 791/855/2 790/857/2
f 785/858/2 784/856/2 790/857/2
f 785/858/2 790/857/2 789/859/2
f 786/860/2 785/858/2 789/859/2
f 786/860/2 789/859/2 788/861/2
f 787/862/2 786/860/2 788/861/2
f 909/863/2 908/864/2 907/865/2
f 909/863/2 907/865/2 910/866/2
f 872/867/2 871/868/2 870/869/2
f 872/867/2 870/869/2 869/870/2
f 873/871/2 872/867/2 869/870/2
f 873/871/2 869/870/2 868/872/2
f 874/873/2 873/871/2 868/872/2
f 874/873/2 868/872/2 867/874/2
f 875/875/2 874/873/2 867/874/2
f 875/875/2 867/874/2 866/876/2
f 876/877/2 875/875/2 866/876/2
f 876/877/2 866/876/2 865/878/2
f 877/879/2 876/877/2 865/878/2
f 877/879/2 865/878/2 864/880/2
f 878/881/2 877/879/2 864/880/2
f 878/881/2 864/880/2 863/882/2
f 879/883/2 878/881/2 863/882/2
f 879/883/2 863/882/2 862/884/2
f 880/885/2 879/883/2 862/884/2
f 880/885/2 862/884/2 861/886/2
f 881/887/2 880/885/2 861/886/2
f 881/887/2 861/886/2 860/888/2
f 882/889/2 881/887/2 860/888/2
f 882/889/2 860/888/2 859/890/2
f 883/891/2 882/889/2 859/890/2
f 884/892/2 883/891/2 859/890/2
f 884/892/2 859/890/2 906/893/2
f 884/892/2 906/893/2 905/894/2
f 885/895/2 884/892/2 905/894/2
f 885/895/2 905/894/2 904/896/2
f 886/897/2 885/895/2 904/896/2
f 886/897/2 904/896/2 903/898/2
f 887/899/2 886/897/2 903/898/2
f 887/899/2 903/898/2 902/900/2
f 888/901/2 887/899/2 902/900/2
f 888/901/2 902/900/2 901/902/2
f 889/903/2 888/901/2 901/902/2
f 889/903/2 901/902/2 900/904/2
f 890/905/2 889/903/2 900/904/2
f 890/905/2 900/904/2 899/906/2
f 891/907/2 890/905/2 899/906/2
f 891/907/2 899/906/2 898/908/2
f 892/909/2 891/907/2 898/908/2
f 892/909/2 898/908/2 897/910/2
f 893/911/2 892/909/2 897/910/2
f 893/911/2 897/910/2 896/912/2
f 894/913/2 893/911/2 896/912/2
f 894/913/2 896/912/2 895/914/2
f 912/915/2 911/916/2 968/917/2
f 912/915/2 968/917/2 967/918/2
f 912/915/2 967/918/2 966/919/2
f 913/920/2 912/915/2 966/919/2
f 914/352/1 913/352/1 966/352/1
f 915/921/2 914/922/2 965/923/2
f 965/352/1 914/352/1 966/352/1
f 915/921/2 965/923/2 964/924/2
f 915/921/2 964/924/2 963/925/2
f 916/926/2 915/921/2 963/925/2
f 916/926/2 963/925/2 962/927/2
f 916/926/2 962/927/2 961/928/2
f 917/929/2 916/926/2 961/928/2
f 917/929/2 961/928/2 960/930/2
f 941/931/2 940/932/2 939/933/2
f 942/934/2 941/931/2 939/933/2
f 917/929/2 960/930/2 959/935/2
f 943/936/2 942/934/2 939/933/2
f 918/937/2 917/929/2 959/935/2
f 918/937/2 959/935/2 958/938/2
f 944/939/2 943/936/2 939/933/2
f 945/940/2 944/939/2 939/933/2
f 918/937/2 958/938/2 957/941/2
f 946/942/2 945/940/2 939/933/2
f 918/937/2 957/941/2 956/943/2
f 947/944/2 946/942/2 939/933/2
f 918/937/2 956/943/2 955/945/2
f 948/946/2 947/944/2 939/933/2
f 919/947/2 918/937/2 955/945/2
f 949/948/2 948/946/2 939/933/2
f 919/947/2 955/945/2 954/949/2
f 950/950/2 949/948/2 939/933/2
f 919/947/2 954/949/2 953/951/2
f 951/952/2 950/950/2 939/933/2
f 919/947/2 953/951/2 952/953/2
f 952/953/2 951/952/2 939/933/2
f 919/947/2 952/953/2 939/933/2
f 920/954/2 919/947/2 939/933/2
f 921/955/2 920/954/2 939/933/2
f 922/956/2 921/955/2 939/933/2
f 922/956/2 939/933/2 938/957/2
f 923/958/2 922/956/2 938/957/2
f 923/958/2 938/957/2 937/959/2
f 923/958/2 937/959/2 936/960/2
f 924/961/2 923/958/2 936/960/2
f 924/961/2 936/960/2 935/962/2
f 924/961/2 935/962/2 934/963/2
f 924/961/2 934/963/2 933/964/2
f 925/965/2 924/961/2 933/964/2
f 925/965/2 933/964/2 932/966/2
f 925/965/2 932/966/2 931/967/2
f 926/968/2 925/965/2 931/967/2
f 926/968/2 931/967/2 930/969/2
f 926/968/2 930/969/2 929/970/2
f 927/971/2 926/968/2 929/970/2
f 927/971/2 929/970/2 928/972/2
f 1007/973/2 1006/974/2 1009/975/2
f 1009/975/2 1006/974/2 1005/976/2
f 1009/975/2 1005/976/2 1004/977/2
f 1009/975/2 1004/977/2 1003/978/2
f 1009/975/2 1003/978/2 1002/979/2
f 1009/975/2 1002/979/2 1001/980/2
f 1009/975/2 1001/980/2 1000/981/2
f 1009/975/2 1000/981/2 999/982/2
f 1009/975/2 999/982/2 998/983/2
f 1009/975/2 998/983/2 1010/984/2
f 1010/984/2 998/983/2 1011/985/2
f 1011/985/2 998/983/2 997/986/2
f 1007/973/2 1009/975/2 1046/987/2
f 1012/988/2 1011/985/2 997/986/2
f 1013/989/2 1012/988/2 997/986/2
f 1014/990/2 1013/989/2 997/986/2
f 1015/991/2 1014/990/2 997/986/2
f 1015/991/2 997/986/2 996/992/2
f 1016/993/2 1015/991/2 996/992/2
f 1017/994/2 1016/993/2 996/992/2
f 1017/994/2 996/992/2 995/995/2
f 1018/996/2 1017/994/2 995/995/2
f 1019/997/2 1018/996/2 995/995/2
f 1019/997/2 995/995/2 994/998/2
f 1020/999/2 1019/997/2 994/998/2
f 1021/1000/2 1020/999/2 994/998/2
f 1021/1000/2 994/998/2 993/430/2
f 1022/1001/2 1021/1000/2 993/430/2
f 1023/1002/2 1022/1001/2 993/430/2
f 1023/1002/2 993/430/2 992/1003/2
f 1024/1004/2 1023/1002/2 992/1003/2
f 1024/1004/2 992/1003/2 991/1005/2
f 1025/1006/2 1024/1004/2 991/1005/2
f 1026/1007/2 1025/1006/2 991/1005/2
f 1026/1007/2 991/1005/2 990/1008/2
f 1027/1009/2 1026/1007/2 990/1008/2
f 1028/1010/2 1027/1009/2 990/1008/2
f 1028/1010/2 990/1008/2 989/1011/2
f 1029/1012/2 1028/1010/2 989/1011/2
f 1029/1012/2 989/1011/2 988/1013/2
f 1030/1014/2 1029/1012/2 988/1013/2
f 1007/973/2 1046/987/2 1045/1015/2
f 1031/1016/2 1030/1014/2 988/1013/2
f 1007/973/2 1045/1015/2 1044/1017/2
f 1007/973/2 1044/1017/2 1043/1018/2
f 1007/973/2 1043/1018/2 969/1019/2
f 969/1019/2 1043/1018/2 1042/1020/2
f 1032/1021/2 1031/1016/2 988/1013/2
f 969/1019/2 1042/1020/2 1041/1022/2
f 969/1019/2 1041/1022/2 1040/1023/2
f 1032/1021/2 988/1013/2 987/1024/2
f 1033/1025/2 1032/1021/2 987/1024/2
f 969/1019/2 1040/1023/2 1039/1026/2
f 969/1019/2 1039/1026/2 1038/1027/2
f 969/1019/2 1038/1027/2 1037/1028/2
f 1034/1029/2 1033/1025/2 987/1024/2
f 969/1019/2 1037/1028/2 1036/1030/2
f 969/1019/2 1036/1030/2 1035/1031/2
f 969/1019/2 1035/1031/2 1034/1029/2
f 969/1019/2 1034/1029/2 987/1024/2
f 969/1019/2 987/1024/2 986/1032/2
f 969/1019/2 986/1032/2 985/1033/2
f 969/1019/2 985/1033/2 984/1034/2
f 1007/973/2 969/1019/2 1008/1035/2
f 970/1036/2 969/1019/2 984/1034/2
f 970/1036/2 984/1034/2 983/1037/2
f 971/1038/2 970/1036/2 983/1037/2
f 972/1039/2 971/1038/2 983/1037/2
f 973/1040/2 972/1039/2 983/1037/2
f 974/1041/2 973/1040/2 983/1037/2
f 974/1041/2 983/1037/2 982/1042/2
f 975/1043/2 974/1041/2 982/1042/2
f 976/1044/2 975/1043/2 982/1042/2
f 977/1045/2 976/1044/2 982/1042/2
f 978/1046/2 977/1045/2 982/1042/2
f 978/1046/2 982/1042/2 981/1047/2
f 979/1048/2 978/1046/2 981/1047/2
f 980/1049/2 979/1048/2 981/1047/2
f 1084/1050/2 1083/1051/2 1082/1052/2
f 1084/1050/2 1082/1052/2 1081/1053/2
f 1085/1054/2 1084/1050/2 1081/1053/2
f 1085/1054/2 1081/1053/2 1080/1055/2
f 1086/1056/2 1085/1054/2 1080/1055/2
f 1086/1056/2 1080/1055/2 1079/1057/2
f 1087/1058/2 1086/1056/2 1079/1057/2
f 1087/1058/2 1079/1057/2 1078/1059/2
f 1088/1060/2 1087/1058/2 1078/1059/2
f 1088/1060/2 1078/1059/2 1077/1061/2
f 1089/1062/2 1088/1060/2 1107/1063/2
f 1107/1063/2 1088/1060/2 1077/1061/2
f 1089/1062/2 1107/1063/2 1106/1064/2
f 1108/1065/2 1107/1063/2 1077/1061/2
f 1109/1066/2 1108/1065/2 1077/1061/2
f 1089/1062/2 1106/1064/2 1105/1067/2
f 1110/1068/2 1109/1066/2 1077/1061/2
f 1089/1062/2 1105/1067/2 1104/1069/2
f 1110/1068/2 1077/1061/2 1076/1070/2
f 1090/1071/2 1089/1062/2 1104/1069/2
f 1111/1072/2 1110/1068/2 1076/1070/2
f 1090/1071/2 1104/1069/2 1103/1073/2
f 1112/1074/2 1111/1072/2 1076/1070/2
f 1090/1071/2 1103/1073/2 1102/1075/2
f 1112/1074/2 1076/1070/2 1075/1076/2
f 1091/1077/2 1090/1071/2 1102/1075/2
f 1113/1078/2 1112/1074/2 1075/1076/2
f 1091/1077/2 1102/1075/2 1101/1079/2
f 1114/1080/2 1113/1078/2 1075/1076/2
f 1091/1077/2 1101/1079/2 1100/1081/2
f 1114/1080/2 1075/1076/2 1074/1082/2
f 1092/1083/2 1091/1077/2 1100/1081/2
f 1115/1084/2 1114/1080/2 1074/1082/2
f 1092/1083/2 1100/1081/2 1099/1085/2
f 1115/1084/2 1074/1082/2 1073/1086/2
f 1093/1087/2 1092/1083/2 1099/1085/2
f 1116/1088/2 1115/1084/2 1073/1086/2
f 1093/1087/2 1099/1085/2 1098/1089/2
f 1117/1090/2 1116/1088/2 1073/1086/2
f 1093/1087/2 1098/1089/2 1097/1091/2
f 1117/1090/2 1073/1086/2 1072/1092/2
f 1094/1093/2 1093/1087/2 1097/1091/2
f 1118/1094/2 1117/1090/2 1072/1092/2
f 1094/1093/2 1097/1091/2 1096/1095/2
f 1118/1094/2 1072/1092/2 1071/1096/2
f 1047/1097/2 1094/1093/2 1096/1095/2
f 1119/1098/2 1118/1094/2 1071/1096/2
f 1047/1097/2 1096/1095/2 1095/1099/2
f 1048/1100/2 1047/1097/2 1095/1099/2
f 1048/1100/2 1095/1099/2 1142/1101/2
f 1120/1102/2 1119/1098/2 1071/1096/2
f 1120/1102/2 1071/1096/2 1070/1103/2
f 1048/1100/2 1142/1101/2 1141/1104/2
f 1121/1105/2 1120/1102/2 1070/1103/2
f 1121/1105/2 1070/1103/2 1069/1106/2
f 1049/1107/2 1048/1100/2 1141/1104/2
f 1049/1107/2 1141/1104/2 1140/1108/2
f 1122/1109/2 1121/1105/2 1069/1106/2
f 1122/1109/2 1069/1106/2 1068/1110/2
f 1050/1111/2 1049/1107/2 1140/1108/2
f 1123/1112/2 1122/1109/2 1068/1110/2
f 1050/1111/2 1140/1108/2 1139/1113/2
f 1123/1112/2 1068/1110/2 1067/1114/2
f 1051/1115/2 1050/1111/2 1139/1113/2
f 1124/1116/2 1123/1112/2 1067/1114/2
f 1051/1115/2 1139/1113/2 1138/1117/2
f 1125/1118/2 1124/1116/2 1067/1114/2
f 1051/1115/2 1138/1117/2 1137/1119/2
f 1125/1118/2 1067/1114/2 1066/1120/2
f 1052/1121/2 1051/1115/2 1137/1119/2
f 1126/1122/2 1125/1118/2 1066/1120/2
f 1052/1121/2 1137/1119/2 1136/1123/2
f 1127/1124/2 1126/1122/2 1066/1120/2
f 1052/1121/2 1136/1123/2 1135/1125/2
f 1127/1124/2 1066/1120/2 1065/1126/2
f 1053/1127/2 1052/1121/2 1135/1125/2
f 1128/1128/2 1127/1124/2 1065/1126/2
f 1053/1127/2 1135/1125/2 1134/1129/2
f 1129/1130/2 1128/1128/2 1065/1126/2
f 1053/1127/2 1134/1129/2 1133/1131/2
f 1129/1130/2 1065/1126/2 1064/1132/2
f 1054/1133/2 1053/1127/2 1133/1131/2
f 1130/1134/2 1129/1130/2 1064/1132/2
f 1054/1133/2 1133/1131/2 1132/1135/2
f 1131/1136/2 1130/1134/2 1064/1132/2
f 1054/1133/2 1132/1135/2 1131/1136/2
f 1054/1133/2 1131/1136/2 1064/1132/2
f 1054/1133/2 1064/1132/2 1063/1137/2
f 1055/1138/2 1054/1133/2 1063/1137/2
f 1055/1138/2 1063/1137/2 1062/1139/2
f 1056/1140/2 1055/1138/2 1062/1139/2
f 1056/1140/2 1062/1139/2 1061/1141/2
f 1057/1142/2 1056/1140/2 1061/1141/2
f 1057/1142/2 1061/1141/2 1060/1143/2
f 1058/1144/2 1057/1142/2 1060/1143/2
f 1058/1144/2 1060/1143/2 1059/1145/2
f 735/1146/3 165/1147/3 164/1148/3
f 657/1149/4 87/1150/4 86/1151/4
f 1003/1152/5 433/1153/5 432/1154/5
f 868/1155/6 298/1156/6 297/1157/6
f 736/1158/7 166/1159/7 165/1160/7
f 632/1161/8 62/1162/8 61/1163/8
f 873/1164/9 303/1165/9 302/1166/9
f 763/1167/10 193/1168/10 192/1169/10
f 1100/1170/11 530/1171/11 529/1172/11
f 1002/1173/12 432/1154/12 431/1174/12
f 631/1175/13 61/1176/13 60/1177/13
f 810/1178/14 192/1169/14 239/1179/14
f 1074/1180/15 504/1181/15 503/1182/15
f 1001/1183/16 431/1174/16 430/1184/16
f 867/1185/17 297/1157/17 296/1186/17
f 656/1187/18 86/1151/18 85/1188/18
f 1091/1189/19 521/1190/19 520/1191/19
f 874/1192/20 304/1193/20 303/1165/20
f 809/1194/21 239/1179/21 238/1195/21
f 608/1196/22 38/1197/22 37/1198/22
f 1000/1199/23 430/1184/23 429/1200/23
f 764/1201/24 194/1202/24 193/1168/24
f 1114/1203/25 544/1204/25 543/1205/25
f 999/1206/26 429/1200/26 428/1207/26
f 866/1208/27 296/1186/27 295/1209/27
f 630/1210/28 60/1177/28 59/1211/28
f 875/1212/29 305/1213/29 304/1214/29
f 808/1215/30 238/1195/30 237/1216/30
f 609/1217/31 39/1218/31 38/1197/31
f 1099/1219/32 529/1172/32 528/1220/32
f 998/1221/33 428/1207/33 427/1222/33
f 765/1223/34 195/1224/34 194/1202/34
f 1009/1225/3 439/1226/3 438/1227/3
f 1073/1228/35 503/1182/35 502/1229/35
f 865/1230/36 295/1209/36 294/1231/36
f 629/1232/37 59/1211/37 58/1233/37
f 1092/1234/38 522/1235/38 521/1190/38
f 1010/1236/39 440/1237/39 439/1226/39
f 876/1238/40 306/1239/40 305/1213/40
f 807/1240/41 237/1216/41 236/1241/41
f 610/1242/42 40/1243/42 39/1218/42
f 766/1244/43 196/1245/43 195/1224/43
f 1115/1246/44 545/1247/44 544/1204/44
f 997/1248/45 427/1222/45 426/1249/45
f 864/1250/46 294/1231/46 293/1251/46
f 655/1252/47 85/1188/47 84/1253/47
f 877/1254/48 307/1255/48 306/1239/48
f 806/1256/49 236/1241/49 235/1257/49
f 1098/1258/50 528/1220/50 527/1259/50
f 1046/1260/7 438/1261/7 475/1262/7
f 767/1263/51 197/1264/51 196/1245/51
f 628/1265/52 58/1233/52 57/1266/52
f 1116/1267/53 546/1268/53 545/1247/53
f 1011/1269/54 441/1270/54 440/1237/54
f 611/1271/55 41/1272/55 40/1243/55
f 863/1273/56 293/1251/56 292/1274/56
f 1012/1275/57 442/1276/57 441/1270/57
f 878/1277/58 308/1278/58 307/1255/58
f 805/1279/59 235/1257/59 234/1280/59
f 1097/1281/60 527/1259/60 526/1282/60
f 768/1283/61 198/1284/61 197/1285/61
f 627/1286/62 57/1266/62 56/1287/62
f 1013/1288/63 443/1289/63 442/1276/63
f 612/1290/64 42/1291/64 41/1272/64
f 1072/1292/65 502/1229/65 501/1293/65
f 862/1294/66 292/1295/66 291/1296/66
f 1093/1297/67 523/1298/67 522/1235/67
f 1014/1299/68 444/1300/68 443/1289/68
f 879/1301/69 309/1302/69 308/1278/69
f 804/1303/70 234/1280/70 233/1304/70
f 769/1305/71 199/1306/71 198/1284/71
f 626/1307/72 56/1287/72 55/1308/72
f 1117/1309/73 547/1310/73 546/1311/73
f 613/1312/74 43/1313/74 42/1291/74
f 996/1314/75 426/1315/75 425/1316/75
f 861/1317/76 291/1296/76 290/1318/76
f 1015/1319/77 445/1320/77 444/1300/77
f 880/1321/78 310/1322/78 309/1302/78
f 1096/1323/79 526/1282/79 525/1324/79
f 654/1325/80 84/1253/80 83/1326/80
f 1016/1327/81 446/1328/81 445/1320/81
f 858/1329/82 240/1330/82 287/1331/82
f 1071/1332/83 501/1293/83 500/1333/83
f 860/1334/84 290/1318/84 289/1335/84
f 811/1336/85 241/1337/85 240/1330/85
f 625/1338/86 55/1308/86 54/1339/86
f 1094/1340/87 476/1341/87 523/1298/87
f 881/1342/88 311/1343/88 310/1322/88
f 614/1344/89 44/1345/89 43/1346/89
f 995/1347/90 425/1316/90 424/1348/90
f 1118/1349/91 548/1350/91 547/1310/91
f 1017/1351/92 447/1352/92 446/1328/92
f 857/1353/93 287/1331/93 286/1354/93
f 615/1355/94 45/1356/94 44/1345/94
f 859/1357/95 289/1335/95 288/1358/95
f 812/1359/96 242/1360/96 241/1337/96
f 1018/1361/97 448/1362/97 447/1352/97
f 882/1363/98 312/1364/98 311/1343/98
f 1095/1365/99 525/1324/99 524/1366/99
f 584/1367/100 14/1368/100 13/1369/100
f 624/1370/101 54/1339/101 53/1371/101
f 1047/1372/102 477/1373/102 476/1341/102
f 883/1374/103 313/1375/103 312/1364/103
f 856/1376/104 286/1377/104 285/1378/104
f 616/1379/105 46/1380/105 45/1356/105
f 583/1381/106 13/1369/106 12/1382/106
f 994/1383/107 424/1348/107 423/1384/107
f 813/1385/108 243/1386/108 242/1360/108
f 1019/1387/109 449/1388/109 448/1362/109
f 1142/1389/110 524/1366/110 571/1390/110
f 582/1391/111 12/1382/111 11/1392/111
f 906/1393/112 288/1358/112 335/1394/112
f 623/1395/113 53/1371/113 52/1396/113
f 1119/1397/114 549/1398/114 548/1350/114
f 585/1399/115 15/1400/115 14/1368/115
f 1020/1401/116 450/1402/116 449/1403/116
f 803/1404/117 233/1304/117 232/1405/117
f 617/1406/118 47/1407/118 46/1380/118
f 905/1408/119 335/1394/119 334/1409/119
f 770/1410/120 200/1411/120 199/1306/120
f 884/1412/121 314/1413/121 313/1375/121
f 1070/1414/122 500/1333/122 499/1415/122
f 581/1416/123 11/1392/123 10/1417/123
f 993/1418/124 423/1384/124 422/1419/124
f 622/1420/125 52/1396/125 51/1421/125
f 1021/1422/126 451/1423/126 450/1402/126
f 855/1424/127 285/1378/127 284/1425/127
f 618/1426/128 48/1427/128 47/1407/128
f 1141/1428/129 571/1390/129 570/1429/129
f 580/1430/130 10/1417/130 9/1431/130
f 904/1432/131 334/1409/131 333/1433/131
f 814/1434/132 244/1435/132 243/1386/132
f 1120/1436/133 550/1437/133 549/1398/133
f 586/1438/134 16/1439/134 15/1400/134
f 1022/1440/135 452/1441/135 451/1423/135
f 885/1442/136 315/1443/136 314/1444/136
f 621/1445/137 51/1421/137 50/1446/137
f 854/1447/138 284/1425/138 283/1448/138
f 619/1449/139 49/1450/139 48/1427/139
f 1069/1451/140 499/1415/140 498/1452/140
f 579/1453/141 9/1431/141 8/1454/141
f 992/1455/142 422/1419/142 421/1456/142
f 903/1457/143 333/1433/143 332/1458/143
f 815/1459/144 245/1460/144 244/1435/144
f 1048/1461/145 478/1462/145 477/1373/145
f 1023/1463/146 453/1464/146 452/1441/146
f 886/1465/147 316/1466/147 315/1443/147
f 578/1467/148 8/1454/148 7/1468/148
f 620/1469/149 50/1446/149 49/1450/149
f 587/1470/150 17/1471/150 16/1439/150
f 853/1472/151 283/1448/151 282/1473/151
f 1140/1474/152 570/1429/152 569/1475/152
f 991/1476/153 421/1456/153 420/1477/153
f 902/1478/154 332/1458/154 331/1479/154
f 816/1480/155 246/1481/155 245/1460/155
f 653/1482/156 83/1326/156 82/1483/156
f 1121/1484/157 551/1485/157 550/1437/157
f 1024/1486/158 454/1487/158 453/1464/158
f 887/1488/159 317/1489/159 316/1466/159
f 577/1490/160 7/1468/160 6/1491/160
f 1025/1492/161 455/1493/161 454/1487/161
f 802/1494/162 232/1495/162 231/1496/162
f 652/1497/163 82/1483/163 81/1498/163
f 1068/1499/164 498/1452/164 497/1500/164
f 576/1501/165 6/1491/165 5/1502/165
f 901/1503/166 331/1479/166 330/1504/166
f 771/1505/167 201/1506/167 200/1411/167
f 1049/1507/168 479/1508/168 478/1509/168
f 588/1510/169 18/1511/169 17/1471/169
f 888/1512/170 318/1513/170 317/1489/170
f 651/1514/171 81/1498/171 80/1515/171
f 990/1516/172 420/1477/172 419/1517/172
f 633/1518/173 63/1519/173 62/1520/173
f 1122/1521/174 552/1522/174 551/1485/174
f 1026/1523/175 456/1524/175 455/1493/175
f 852/1525/176 282/1473/176 281/1526/176
f 575/1527/177 5/1502/177 4/1528/177
f 900/1529/178 330/1504/178 329/1530/178
f 817/1531/179 247/1532/179 246/1481/179
f 1027/1533/180 457/1534/180 456/1524/180
f 889/1535/181 319/1536/181 318/1513/181
f 650/1537/182 80/1515/182 79/1538/182
f 1139/1539/183 569/1475/183 568/1540/183
f 574/1541/184 4/1528/184 3/1542/184
f 634/1543/185 64/1544/185 63/1519/185
f 589/1545/186 19/1546/186 18/1547/186
f 851/1548/187 281/1526/187 280/1549/187
f 1067/1550/188 497/1500/188 496/1551/188
f 989/1552/189 419/1517/189 418/1553/189
f 899/1554/190 329/1530/190 328/1555/190
f 818/1556/191 248/1557/191 247/1532/191
f 635/1558/192 65/1559/192 64/1544/192
f 1050/1560/193 480/1561/193 479/1508/193
f 1028/1562/194 458/1563/194 457/1534/194
f 890/1564/195 320/1565/195 319/1536/195
f 573/1566/196 3/1542/196 2/1567/196
f 1123/1568/197 553/1569/197 552/1522/197
f 801/1570/198 231/1496/198 230/1571/198
f 649/1572/199 79/1538/199 78/1573/199
f 572/1574/200 2/1567/200 1/1575/200
f 988/1576/201 418/1553/201 417/1577/201
f 898/1578/202 328/1555/202 327/1579/202
f 772/1580/203 202/1581/203 201/1506/203
f 636/1582/204 66/1583/204 65/1559/204
f 590/1584/205 20/1585/205 19/1546/205
f 1029/1586/206 459/1587/206 458/1563/206
f 891/1588/207 321/1589/207 320/1565/207
f 1138/1590/208 568/1591/208 567/1592/208
f 637/1593/209 67/1594/209 66/1583/209
f 1124/1595/210 554/1596/210 553/1569/210
f 850/1597/211 280/1549/211 279/1598/211
f 1045/1599/212 475/1600/212 474/1601/212
f 897/1602/213 327/1579/213 326/1603/213
f 819/1604/214 249/1605/214 248/1557/214
f 697/1606/215 127/1607/215 126/1608/215
f 1030/1609/216 460/1610/216 459/1611/216
f 892/1612/217 322/1613/217 321/1589/217
f 648/1614/218 78/1573/218 77/1615/218
f 1137/1616/219 567/1592/219 566/1617/219
f 638/1618/220 68/1619/220 67/1594/220
f 698/1620/221 128/1621/221 127/1607/221
f 800/1622/222 230/1571/222 229/1623/222
f 1066/1624/223 496/1551/223 495/1625/223
f 1044/1626/224 474/1601/224 473/1627/224
f 896/1628/225 326/1629/225 325/1630/225
f 773/1631/226 203/1632/226 202/1581/226
f 1051/1633/227 481/1634/227 480/1561/227
f 699/1635/228 129/1636/228 128/1621/228
f 893/1637/229 323/1638/229 322/1613/229
f 647/1639/230 77/1615/230 76/1640/230
f 1043/1641/231 473/1627/231 472/1642/231
f 639/1643/232 69/1644/232 68/1619/232
f 1125/1645/233 555/1646/233 554/1596/233
f 700/1647/234 130/1648/234 129/1636/234
f 894/1649/235 324/1650/235 323/1638/235
f 849/1651/236 279/1598/236 278/1652/236
f 895/1653/237 325/1630/237 324/1650/237
f 820/1654/238 250/1655/238 249/1605/238
f 640/1656/239 70/1657/239 69/1644/239
f 701/1658/240 131/1659/240 130/1648/240
f 911/1660/241 341/1661/241 340/1662/241
f 1136/1663/242 566/1617/242 565/1664/242
f 1042/1665/243 472/1642/243 471/1666/243
f 1126/1667/244 556/1668/244 555/1669/244
f 702/1670/245 132/1671/245 131/1659/245
f 1031/1672/246 461/1673/246 460/1610/246
f 968/1674/7 340/1675/7 397/1676/7
f 848/1677/247 278/1652/247 277/1678/247
f 646/1679/248 76/1680/248 75/1681/248
f 821/1520/249 251/1682/249 250/1683/249
f 641/1684/250 71/1685/250 70/1657/250
f 703/1686/251 133/1687/251 132/1671/251
f 967/1688/252 397/1689/252 396/1690/252
f 1135/1691/253 565/1664/253 564/1692/253
f 1041/1693/254 471/1666/254 470/1694/254
f 642/1695/255 72/1696/255 71/1685/255
f 704/1697/256 134/1698/256 133/1687/256
f 966/1699/7 396/1700/7 395/1701/7
f 799/1702/257 229/1623/257 228/1703/257
f 1065/1704/258 495/1625/258 494/1705/258
f 705/1706/7 1/1707/7 134/1708/7
f 1040/1709/259 470/1694/259 469/1710/259
f 912/1711/8 342/1712/8 341/1661/8
f 774/1713/260 204/1714/260 203/1632/260
f 1052/1715/261 482/1716/261 481/1634/261
f 591/1717/262 21/1718/262 20/1585/262
f 645/1719/263 75/1681/263 74/1720/263
f 987/1721/264 417/1577/264 416/1722/264
f 913/1723/3 343/1724/3 342/1725/3
f 643/1726/265 73/1727/265 72/1696/265
f 1127/1728/266 557/1729/266 556/1668/266
f 1032/1730/267 462/1731/267 461/1673/267
f 847/1732/268 277/1678/268 276/1733/268
f 644/1734/269 74/1720/269 73/1727/269
f 695/1735/270 125/1736/270 124/1737/270
f 914/1738/8 344/1739/8 343/1740/8
f 822/1741/271 252/1742/271 251/1682/271
f 749/1743/272 179/1744/272 178/1745/272
f 1134/1746/273 564/1692/273 563/1747/273
f 696/1748/274 126/1608/274 125/1736/274
f 1039/1749/275 469/1710/275 468/1750/275
f 775/1751/276 205/1752/276 204/1714/276
f 748/1753/277 178/1745/277 177/1754/277
f 1128/1755/278 558/1756/278 557/1729/278
f 592/1757/279 22/1758/279 21/1718/279
f 965/1759/3 395/1760/3 394/1761/3
f 750/1762/280 180/1763/280 179/1744/280
f 1038/1764/281 468/1750/281 467/1765/281
f 964/1766/7 394/1767/7 393/1768/7
f 846/1769/282 276/1733/282 275/1770/282
f 1133/1771/283 563/1747/283 562/1772/283
f 694/1773/284 124/1737/284 123/1774/284
f 1037/1775/285 467/1765/285 466/1776/285
f 747/1777/286 177/1754/286 176/1778/286
f 593/1779/287 23/1780/287 22/1758/287
f 1033/1781/288 463/1782/288 462/1731/288
f 963/1783/289 393/1768/289 392/1784/289
f 798/1785/290 228/1703/290 227/1786/290
f 751/1787/291 181/1788/291 180/1763/291
f 1064/1789/292 494/1705/292 493/1790/292
f 915/1791/293 345/1792/293 344/1739/293
f 823/1793/294 253/1794/294 252/1742/294
f 1053/1795/295 483/1796/295 482/1716/295
f 752/1797/296 182/1798/296 181/1788/296
f 692/1799/297 122/1800/297 121/1801/297
f 1036/1802/298 466/1776/298 465/1803/298
f 1129/1804/299 559/1805/299 558/1756/299
f 962/1806/300 392/1784/300 391/1807/300
f 845/1808/301 275/1770/301 274/1809/301
f 693/1810/302 123/1774/302 122/1800/302
f 1035/1811/303 465/1803/303 464/1812/303
f 824/1813/304 254/1814/304 253/1794/304
f 746/1815/305 176/1778/305 175/1816/305
f 961/1817/306 391/1807/306 390/1818/306
f 753/1819/307 183/1820/307 182/1798/307
f 1132/1821/308 562/1772/308 561/1822/308
f 691/1823/309 121/1801/309 120/1824/309
f 1034/1825/310 464/1812/310 463/1782/310
f 916/1826/311 346/1827/311 345/1792/311
f 776/1828/312 206/1829/312 205/1752/312
f 1130/1830/313 560/1831/313 559/1805/313
f 707/1832/8 137/1833/8 136/1834/8
f 690/1835/314 120/1836/314 119/1837/314
f 986/1838/315 416/1722/315 415/1839/315
f 960/1840/316 390/1818/316 389/1841/316
f 797/1842/317 227/1786/317 226/1843/317
f 706/1844/252 136/1845/252 135/1846/252
f 1131/1847/318 561/1822/318 560/1831/318
f 689/1848/319 119/1837/319 118/1849/319
f 940/1850/320 370/1851/320 369/1852/320
f 985/1853/321 415/1839/321 414/1854/321
f 844/1855/322 274/1809/322 273/1856/322
f 762/1857/7 135/1858/7 191/1859/7
f 688/1860/323 118/1849/323 117/1861/323
f 939/1862/7 369/1863/7 368/1864/7
f 825/1865/324 255/1866/324 254/1814/324
f 1063/1867/325 493/1790/325 492/1868/325
f 984/1869/326 414/1854/326 413/1870/326
f 941/1871/327 371/1872/327 370/1851/327
f 745/1873/328 175/1816/328 174/1874/328
f 1054/1875/329 484/1876/329 483/1796/329
f 687/1877/330 117/1861/330 116/1878/330
f 1007/1879/3 437/1880/3 436/1881/3
f 754/1882/331 184/1883/331 183/1820/331
f 594/1884/332 24/1885/332 23/1780/332
f 1008/1886/7 398/1887/7 437/1888/7
f 843/1889/333 273/1856/333 272/1890/333
f 969/1891/334 399/1892/334 398/1893/334
f 959/1894/335 389/1895/335 388/1896/335
f 777/1897/336 207/1898/336 206/1899/336
f 755/1900/337 185/1901/337 184/1883/337
f 1062/1902/338 492/1868/338 491/1903/338
f 942/1904/339 372/1905/339 371/1872/339
f 1055/1906/340 485/1907/340 484/1876/340
f 686/1908/341 116/1878/341 115/1909/341
f 826/1910/342 256/1911/342 255/1866/342
f 983/1912/343 413/1870/343 412/1913/343
f 917/1914/344 347/1915/344 346/1916/344
f 744/1917/345 174/1874/345 173/1918/345
f 685/1919/346 115/1909/346 114/1920/346
f 970/1921/347 400/1922/347 399/1892/347
f 756/1923/348 186/1924/348 185/1925/348
f 1061/1926/349 491/1903/349 490/1923/349
f 796/1927/350 226/1843/350 225/1928/350
f 1056/1929/351 486/1930/351 485/1907/351
f 684/1931/352 114/1920/352 113/1932/352
f 971/1933/353 401/1934/353 400/1922/353
f 958/1935/354 388/1896/354 387/1936/354
f 943/1937/355 373/1938/355 372/1905/355
f 842/1939/356 272/1890/356 271/1940/356
f 743/1941/357 173/1918/357 172/1942/357
f 683/1943/358 113/1932/358 112/1944/358
f 972/1945/359 402/1946/359 401/1934/359
f 827/1947/360 257/1948/360 256/1911/360
f 757/1949/361 187/1950/361 186/1924/361
f 1060/1951/362 490/1952/362 489/1953/362
f 595/1954/363 25/1955/363 24/1885/363
f 944/1956/364 374/1957/364 373/1938/364
f 1057/1958/365 487/1959/365 486/1930/365
f 973/1960/366 403/1961/366 402/1946/366
f 778/1962/367 208/1963/367 207/1898/367
f 758/1964/368 188/1965/368 187/1950/368
f 1058/1966/369 488/1967/369 487/1959/369
f 682/1968/370 112/1944/370 111/1969/370
f 957/1970/371 387/1936/371 386/1971/371
f 1059/1972/372 489/1953/372 488/1967/372
f 982/1973/373 412/1974/373 411/1975/373
f 945/1976/374 375/1977/374 374/1957/374
f 795/1978/375 225/1928/375 224/1979/375
f 742/1980/376 172/1942/376 171/1981/376
f 681/1982/377 111/1969/377 110/1983/377
f 974/1984/378 404/1985/378 403/1961/378
f 759/1986/379 189/1987/379 188/1965/379
f 841/1988/380 271/1989/380 270/1990/380
f 680/1991/381 110/1983/381 109/1992/381
f 975/1993/382 405/1994/382 404/1985/382
f 956/1995/383 386/1971/383 385/1996/383
f 828/1997/384 258/1998/384 257/1948/384
f 760/1999/385 190/2000/385 189/1987/385
f 596/2001/386 26/2002/386 25/1955/386
f 946/2003/387 376/2004/387 375/1977/387
f 976/2005/388 406/2006/388 405/1994/388
f 840/2007/389 270/1990/389 269/2008/389
f 679/2009/390 109/1992/390 108/2010/390
f 977/2011/391 407/2012/391 406/2006/391
f 955/2013/392 385/1996/392 384/2014/392
f 829/2015/393 259/2016/393 258/1998/393
f 947/2017/394 377/2018/394 376/2004/394
f 741/2019/395 171/2020/395 170/2021/395
f 678/2022/396 108/2010/396 107/2023/396
f 779/2024/397 209/2025/397 208/1963/397
f 981/2026/398 411/1975/398 410/2027/398
f 918/2028/399 348/2029/399 347/1915/399
f 761/2030/252 191/2031/252 190/2032/252
f 677/2033/400 107/2034/400 106/2035/400
f 978/2036/401 408/2037/401 407/2012/401
f 948/2038/402 378/2039/402 377/2018/402
f 794/2040/403 224/1979/403 223/2041/403
f 676/2042/404 106/2035/404 105/2043/404
f 979/2044/405 409/2045/405 408/2037/405
f 710/2046/406 140/2047/406 139/2048/406
f 980/2049/407 410/2027/407 409/2045/407
f 839/2050/408 269/2008/408 268/2051/408
f 675/2052/409 105/2043/409 104/2053/409
f 1083/2054/410 513/2055/410 512/2056/410
f 954/2057/411 384/2014/411 383/2058/411
f 830/2059/412 260/2060/412 259/2061/412
f 711/2062/413 141/2063/413 140/2047/413
f 597/2064/414 27/2065/414 26/2066/414
f 949/2067/415 379/2068/415 378/2039/415
f 1082/2069/416 512/2056/416 511/2070/416
f 712/2071/417 142/2072/417 141/2063/417
f 838/2073/418 268/2051/418 267/2074/418
f 674/2075/419 104/2053/419 103/2076/419
f 1081/2077/420 511/2070/420 510/2078/420
f 953/2079/421 383/2058/421 382/2080/421
f 831/2081/422 261/2082/422 260/2060/422
f 713/2083/423 143/2084/423 142/2072/423
f 1084/2085/424 514/2086/424 513/2055/424
f 950/2087/425 380/2088/425 379/2068/425
f 673/2089/426 103/2076/426 102/2090/426
f 714/2091/427 144/2092/427 143/2084/427
f 837/2093/428 267/2074/428 266/2094/428
f 672/2095/429 102/2090/429 101/2096/429
f 1080/2097/430 510/2078/430 509/2098/430
f 952/2099/431 382/2080/431 381/2100/431
f 832/2101/432 262/2102/432 261/2082/432
f 715/2103/433 145/2104/433 144/2092/433
f 598/2105/434 28/2106/434 27/2065/434
f 1085/2107/435 515/2108/435 514/2086/435
f 951/2109/436 381/2100/436 380/2088/436
f 780/2110/437 210/2111/437 209/2025/437
f 716/2112/438 146/2113/438 145/2104/438
f 671/2114/439 101/2096/439 100/2115/439
f 1079/2116/440 509/2098/440 508/2117/440
f 919/2118/441 349/2119/441 348/2029/441
f 717/2120/442 147/2121/442 146/2113/442
f 1086/2122/443 516/2123/443 515/2108/443
f 793/2124/444 223/2041/444 222/2125/444
f 670/2126/445 100/2115/445 99/2127/445
f 920/2128/446 350/2129/446 349/2119/446
f 718/2130/447 148/2131/447 147/2121/447
f 836/2132/448 266/2094/448 265/2133/448
f 669/2134/449 99/2127/449 98/2135/449
f 1078/2136/450 508/2117/450 507/2137/450
f 921/2138/451 351/2139/451 350/2129/451
f 833/2140/452 263/2141/452 262/2102/452
f 719/2142/453 149/2143/453 148/2144/453
f 599/2145/454 29/2146/454 28/2106/454
f 1087/2147/455 517/2148/455 516/2149/455
f 720/2150/456 150/2151/456 149/2143/456
f 938/2152/457 368/1864/457 367/2153/457
f 835/2154/458 265/2133/458 264/2155/458
f 668/2156/459 98/2135/459 97/2157/459
f 1077/2158/460 507/2137/460 506/2159/460
f 922/2160/461 352/2161/461 351/2139/461
f 834/2162/462 264/2155/462 263/2141/462
f 721/2163/463 151/2164/463 150/2151/463
f 600/2165/464 30/2166/464 29/2146/464
f 1088/2167/465 518/2168/465 517/2148/465
f 722/2169/466 152/2170/466 151/2164/466
f 937/2171/467 367/2153/467 366/2172/467
f 781/2173/468 211/2174/468 210/2111/468
f 723/2175/274 153/2176/274 152/2170/274
f 667/2177/469 97/2157/469 96/2178/469
f 936/2179/470 366/2172/470 365/2180/470
f 724/2181/471 154/2182/471 153/2176/471
f 666/2183/472 96/2178/472 95/2184/472
f 1106/2185/473 536/2186/473 535/2187/473
f 923/2188/474 353/2189/474 352/2161/474
f 792/2190/475 222/2125/475 221/2191/475
f 601/2192/476 31/2193/476 30/2166/476
f 1107/2194/477 537/2195/477 536/2186/477
f 782/2196/478 212/2197/478 211/2174/478
f 725/2198/479 155/2199/479 154/2182/479
f 1108/2200/480 538/2201/480 537/2195/480
f 935/2202/481 365/2180/481 364/2203/481
f 665/2204/482 95/2184/482 94/2205/482
f 791/2206/483 221/2191/483 220/2207/483
f 740/2208/484 170/2021/484 169/2209/484
f 602/2210/251 32/2211/251 31/2193/251
f 934/2212/485 364/2203/485 363/2213/485
f 783/2214/486 213/2215/486 212/2197/486
f 726/2216/487 156/2217/487 155/2199/487
f 1105/2218/488 535/2187/488 534/1912/488
f 1109/2219/489 539/2220/489 538/2201/489
f 933/2221/490 363/2213/490 362/2222/490
f 727/2223/491 157/2224/491 156/2217/491
f 664/2225/492 94/2205/492 93/2226/492
f 924/2227/493 354/2228/493 353/2189/493
f 790/2229/494 220/2207/494 219/2230/494
f 784/2231/495 214/2232/495 213/2215/495
f 728/2233/496 158/2234/496 157/2224/496
f 663/2235/497 93/2226/497 92/2236/497
f 1104/2237/498 534/2238/498 533/2239/498
f 603/2240/499 33/2241/499 32/2211/499
f 932/2242/500 362/2222/500 361/2243/500
f 1076/2244/501 506/2159/501 505/2245/501
f 789/2246/502 219/2230/502 218/2247/502
f 739/2248/503 169/2209/503 168/2249/503
f 1089/2250/504 519/2251/504 518/2168/504
f 931/2252/505 361/2243/505 360/2253/505
f 785/2254/506 215/2255/506 214/2232/506
f 729/2256/507 159/2257/507 158/2234/507
f 662/2258/508 92/2236/508 91/2259/508
f 925/2260/509 355/2261/509 354/2228/509
f 604/2262/510 34/2263/510 33/2241/510
f 1110/2264/511 540/2265/511 539/2220/511
f 730/2266/512 160/2267/512 159/2257/512
f 788/2268/513 218/2269/513 217/2270/513
f 930/2271/514 360/2272/514 359/2273/514
f 786/2274/515 216/2275/515 215/2255/515
f 661/2276/516 91/2277/516 90/2278/516
f 1103/2279/517 533/2239/517 532/2280/517
f 787/2281/518 217/2270/518 216/2275/518
f 738/2282/519 168/2249/519 167/2283/519
f 1111/2284/520 541/2285/520 540/2265/520
f 929/2286/521 359/2273/521 358/2287/521
f 908/2288/8 338/2289/8 337/2290/8
f 731/2291/522 161/2292/522 160/2267/522
f 660/2293/523 90/2278/523 89/2294/523
f 926/2295/524 356/2296/524 355/2261/524
f 605/2297/525 35/2298/525 34/2263/525
f 907/2299/252 337/1725/252 336/2300/252
f 708/2301/3 138/2302/3 137/1162/3
f 1102/2303/526 532/2280/526 531/2304/526
f 927/2305/527 357/2306/527 356/2296/527
f 909/2307/3 339/2308/3 338/2309/3
f 709/2310/7 139/2048/7 138/2311/7
f 928/2312/528 358/2287/528 357/2306/528
f 910/2313/7 336/2314/7 339/2315/7
f 732/2316/529 162/2317/529 161/2318/529
f 659/2319/530 89/2294/530 88/2320/530
f 1075/2321/531 505/2245/531 504/863/531
f 1006/2322/8 436/1761/8 435/2323/8
f 871/2324/532 301/2325/532 300/2326/532
f 606/2327/533 36/2328/533 35/2298/533
f 1090/2329/534 520/1191/534 519/2251/534
f 870/2330/535 300/2326/535 299/2331/535
f 737/2332/536 167/2283/536 166/1159/536
f 1112/2333/537 542/2334/537 541/2285/537
f 733/2335/538 163/2336/538 162/2317/538
f 658/2337/539 88/2320/539 87/1150/539
f 1005/2338/252 435/2339/252 434/2340/252
f 869/2341/540 299/2331/540 298/1156/540
f 607/2342/541 37/2343/541 36/2328/541
f 872/2344/542 302/1166/542 301/2325/542
f 734/2345/8 164/2346/8 163/2336/8
f 1101/2347/543 531/2304/543 530/1171/543
f 1004/2348/544 434/2340/544 433/1153/544
f 1113/2349/545 543/1205/545 542/2334/545
f 735/1146/3 736/2350/3 165/1147/3
f 657/1149/4 658/2337/4 87/1150/4
f 1003/1152/5 1004/2348/5 433/1153/5
f 868/1155/6 869/2341/6 298/1156/6
f 736/1158/7 737/2332/7 166/1159/7
f 632/1161/8 633/2351/8 62/1162/8
f 873/1164/9 874/1192/9 303/1165/9
f 763/1167/10 764/1201/10 193/1168/10
f 1100/1170/11 1101/2347/11 530/1171/11
f 1002/1173/12 1003/1152/12 432/1154/12
f 631/1175/13 632/2352/13 61/1176/13
f 810/1178/14 763/1167/14 192/1169/14
f 1074/1180/15 1075/2353/15 504/1181/15
f 1001/1183/16 1002/1173/16 431/1174/16
f 867/1185/17 868/1155/17 297/1157/17
f 656/1187/18 657/1149/18 86/1151/18
f 1091/1189/19 1092/1234/19 521/1190/19
f 874/1192/20 875/2354/20 304/1193/20
f 809/1194/21 810/1178/21 239/1179/21
f 608/1196/22 609/1217/22 38/1197/22
f 1000/1199/23 1001/1183/23 430/1184/23
f 764/1201/24 765/1223/24 194/1202/24
f 1114/1203/546 1115/1246/546 544/1204/546
f 999/1206/26 1000/1199/26 429/1200/26
f 866/1208/27 867/1185/27 296/1186/27
f 630/1210/28 631/1175/28 60/1177/28
f 875/1212/29 876/1238/29 305/1213/29
f 808/1215/30 809/1194/30 238/1195/30
f 609/1217/31 610/1242/31 39/1218/31
f 1099/1219/32 1100/1170/32 529/1172/32
f 998/1221/33 999/1206/33 428/1207/33
f 765/1223/34 766/1244/34 195/1224/34
f 1009/1225/3 1010/1236/3 439/1226/3
f 1073/1228/35 1074/1180/35 503/1182/35
f 865/1230/36 866/1208/36 295/1209/36
f 629/1232/37 630/1210/37 59/1211/37
f 1092/1234/38 1093/1297/38 522/1235/38
f 1010/1236/39 1011/1269/39 440/1237/39
f 876/1238/40 877/1254/40 306/1239/40
f 807/1240/41 808/1215/41 237/1216/41
f 610/1242/42 611/1271/42 40/1243/42
f 766/1244/43 767/1263/43 196/1245/43
f 1115/1246/44 1116/1267/44 545/1247/44
f 997/1248/45 998/1221/45 427/1222/45
f 864/1250/46 865/1230/46 294/1231/46
f 655/1252/47 656/1187/47 85/1188/47
f 877/1254/48 878/1277/48 307/1255/48
f 806/1256/49 807/1240/49 236/1241/49
f 1098/1258/50 1099/1219/50 528/1220/50
f 1046/1260/7 1009/2355/7 438/1261/7
f 767/1263/51 768/2356/51 197/1264/51
f 628/1265/52 629/1232/52 58/1233/52
f 1116/1267/53 1117/2357/53 546/1268/53
f 1011/1269/54 1012/1275/54 441/1270/54
f 611/1271/55 612/1290/55 41/1272/55
f 863/1273/56 864/1250/56 293/1251/56
f 1012/1275/57 1013/1288/57 442/1276/57
f 878/1277/58 879/1301/58 308/1278/58
f 805/1279/547 806/1256/547 235/1257/547
f 1097/1281/60 1098/1258/60 527/1259/60
f 768/1283/61 769/1305/61 198/1284/61
f 627/1286/62 628/1265/62 57/1266/62
f 1013/1288/63 1014/1299/63 443/1289/63
f 612/1290/548 613/1312/548 42/1291/548
f 1072/1292/65 1073/1228/65 502/1229/65
f 862/1294/66 863/1952/66 292/1295/66
f 1093/1297/67 1094/1340/67 523/1298/67
f 1014/1299/68 1015/1319/68 444/1300/68
f 879/1301/549 880/1321/549 309/1302/549
f 804/1303/70 805/1279/70 234/1280/70
f 769/1305/71 770/1410/71 199/1306/71
f 626/1307/72 627/1286/72 56/1287/72
f 1117/1309/73 1118/1349/73 547/1310/73
f 613/1312/74 614/2358/74 43/1313/74
f 996/1314/75 997/2359/75 426/1315/75
f 861/1317/76 862/1294/76 291/1296/76
f 1015/1319/77 1016/1327/77 445/1320/77
f 880/1321/550 881/1342/550 310/1322/550
f 1096/1323/551 1097/1281/551 526/1282/551
f 654/1325/552 655/1252/552 84/1253/552
f 1016/1327/81 1017/1351/81 446/1328/81
f 858/1329/82 811/1336/82 240/1330/82
f 1071/1332/83 1072/1292/83 501/1293/83
f 860/1334/84 861/1317/84 290/1318/84
f 811/1336/85 812/1359/85 241/1337/85
f 625/1338/86 626/1307/86 55/1308/86
f 1094/1340/87 1047/1372/87 476/1341/87
f 881/1342/88 882/1363/88 311/1343/88
f 614/1344/89 615/1355/89 44/1345/89
f 995/1347/90 996/1314/90 425/1316/90
f 1118/1349/91 1119/1397/91 548/1350/91
f 1017/1351/92 1018/1361/92 447/1352/92
f 857/1353/553 858/1329/553 287/1331/553
f 615/1355/94 616/1379/94 45/1356/94
f 859/1357/95 860/1334/95 289/1335/95
f 812/1359/96 813/1385/96 242/1360/96
f 1018/1361/97 1019/1387/97 448/1362/97
f 882/1363/98 883/1374/98 312/1364/98
f 1095/1365/99 1096/1323/99 525/1324/99
f 584/1367/100 585/1399/100 14/1368/100
f 624/1370/101 625/1338/101 54/1339/101
f 1047/1372/102 1048/1461/102 477/1373/102
f 883/1374/103 884/1412/103 313/1375/103
f 856/1376/104 857/2360/104 286/1377/104
f 616/1379/105 617/1406/105 46/1380/105
f 583/1381/106 584/1367/106 13/1369/106
f 994/1383/107 995/1347/107 424/1348/107
f 813/1385/108 814/1434/108 243/1386/108
f 1019/1387/109 1020/2361/109 449/1388/109
f 1142/1389/110 1095/1365/110 524/1366/110
f 582/1391/111 583/1381/111 12/1382/111
f 906/1393/112 859/1357/112 288/1358/112
f 623/1395/113 624/1370/113 53/1371/113
f 1119/1397/114 1120/1436/114 549/1398/114
f 585/1399/115 586/1438/115 15/1400/115
f 1020/1401/116 1021/1422/116 450/1402/116
f 803/1404/117 804/1303/117 233/1304/117
f 617/1406/118 618/1426/118 47/1407/118
f 905/1408/119 906/1393/119 335/1394/119
f 770/1410/120 771/1505/120 200/1411/120
f 884/1412/121 885/2362/121 314/1413/121
f 1070/1414/122 1071/1332/122 500/1333/122
f 581/1416/123 582/1391/123 11/1392/123
f 993/1418/124 994/1383/124 423/1384/124
f 622/1420/125 623/1395/125 52/1396/125
f 1021/1422/126 1022/1440/126 451/1423/126
f 855/1424/127 856/1376/127 285/1378/127
f 618/1426/128 619/1449/128 48/1427/128
f 1141/1428/129 1142/1389/129 571/1390/129
f 580/1430/130 581/1416/130 10/1417/130
f 904/1432/554 905/1408/554 334/1409/554
f 814/1434/132 815/1459/132 244/1435/132
f 1120/1436/133 1121/1484/133 550/1437/133
f 586/1438/134 587/1470/134 16/1439/134
f 1022/1440/135 1023/1463/135 452/1441/135
f 885/1442/136 886/1465/136 315/1443/136
f 621/1445/555 622/1420/555 51/1421/555
f 854/1447/138 855/1424/138 284/1425/138
f 619/1449/139 620/1469/139 49/1450/139
f 1069/1451/140 1070/1414/140 499/1415/140
f 579/1453/141 580/1430/141 9/1431/141
f 992/1455/142 993/1418/142 422/1419/142
f 903/1457/556 904/1432/556 333/1433/556
f 815/1459/144 816/1480/144 245/1460/144
f 1048/1461/145 1049/2363/145 478/1462/145
f 1023/1463/146 1024/1486/146 453/1464/146
f 886/1465/147 887/1488/147 316/1466/147
f 578/1467/148 579/1453/148 8/1454/148
f 620/1469/149 621/1445/149 50/1446/149
f 587/1470/557 588/1510/557 17/1471/557
f 853/1472/151 854/1447/151 283/1448/151
f 1140/1474/152 1141/1428/152 570/1429/152
f 991/1476/153 992/1455/153 421/1456/153
f 902/1478/154 903/1457/154 332/1458/154
f 816/1480/155 817/1531/155 246/1481/155
f 653/1482/156 654/1325/156 83/1326/156
f 1121/1484/157 1122/1521/157 551/1485/157
f 1024/1486/158 1025/1492/158 454/1487/158
f 887/1488/159 888/1512/159 317/1489/159
f 577/1490/160 578/1467/160 7/1468/160
f 1025/1492/161 1026/1523/161 455/1493/161
f 802/1494/162 803/2364/162 232/1495/162
f 652/1497/163 653/1482/163 82/1483/163
f 1068/1499/164 1069/1451/164 498/1452/164
f 576/1501/165 577/1490/165 6/1491/165
f 901/1503/166 902/1478/166 331/1479/166
f 771/1505/167 772/1580/167 201/1506/167
f 1049/1507/168 1050/1560/168 479/1508/168
f 588/1510/558 589/2365/558 18/1511/558
f 888/1512/170 889/1535/170 318/1513/170
f 651/1514/171 652/1497/171 81/1498/171
f 990/1516/172 991/1476/172 420/1477/172
f 633/1518/173 634/1543/173 63/1519/173
f 1122/1521/174 1123/1568/174 552/1522/174
f 1026/1523/175 1027/1533/175 456/1524/175
f 852/1525/559 853/1472/559 282/1473/559
f 575/1527/177 576/1501/177 5/1502/177
f 900/1529/178 901/1503/178 330/1504/178
f 817/1531/179 818/1556/179 247/1532/179
f 1027/1533/180 1028/1562/180 457/1534/180
f 889/1535/181 890/1564/181 319/1536/181
f 650/1537/560 651/1514/560 80/1515/560
f 1139/1539/183 1140/1474/183 569/1475/183
f 574/1541/561 575/1527/561 4/1528/561
f 634/1543/185 635/1558/185 64/1544/185
f 589/1545/186 590/1584/186 19/1546/186
f 851/1548/187 852/1525/187 281/1526/187
f 1067/1550/188 1068/1499/188 497/1500/188
f 989/1552/189 990/1516/189 419/1517/189
f 899/1554/190 900/1529/190 329/1530/190
f 818/1556/191 819/1604/191 248/1557/191
f 635/1558/192 636/1582/192 65/1559/192
f 1050/1560/193 1051/1633/193 480/1561/193
f 1028/1562/194 1029/1586/194 458/1563/194
f 890/1564/195 891/1588/195 320/1565/195
f 573/1566/196 574/1541/196 3/1542/196
f 1123/1568/197 1124/1595/197 553/1569/197
f 801/1570/198 802/1494/198 231/1496/198
f 649/1572/199 650/1537/199 79/1538/199
f 572/1574/200 573/1566/200 2/1567/200
f 988/1576/201 989/1552/201 418/1553/201
f 898/1578/202 899/1554/202 328/1555/202
f 772/1580/203 773/1631/203 202/1581/203
f 636/1582/204 637/1593/204 66/1583/204
f 590/1584/205 591/1717/205 20/1585/205
f 1029/1586/206 1030/2366/206 459/1587/206
f 891/1588/207 892/1612/207 321/1589/207
f 1138/1590/208 1139/2367/208 568/1591/208
f 637/1593/209 638/1618/209 67/1594/209
f 1124/1595/210 1125/1645/210 554/1596/210
f 850/1597/211 851/1548/211 280/1549/211
f 1045/1599/212 1046/2368/212 475/1600/212
f 897/1602/213 898/1578/213 327/1579/213
f 819/1604/214 820/1654/214 249/1605/214
f 697/1606/215 698/1620/215 127/1607/215
f 1030/1609/216 1031/1672/216 460/1610/216
f 892/1612/217 893/1637/217 322/1613/217
f 648/1614/218 649/1572/218 78/1573/218
f 1137/1616/219 1138/1590/219 567/1592/219
f 638/1618/220 639/1643/220 68/1619/220
f 698/1620/221 699/1635/221 128/1621/221
f 800/1622/222 801/1570/222 230/1571/222
f 1066/1624/223 1067/1550/223 496/1551/223
f 1044/1626/224 1045/1599/224 474/1601/224
f 896/1628/225 897/2369/225 326/1629/225
f 773/1631/562 774/1713/562 203/1632/562
f 1051/1633/227 1052/1715/227 481/1634/227
f 699/1635/228 700/1647/228 129/1636/228
f 893/1637/229 894/1649/229 323/1638/229
f 647/1639/230 648/1614/230 77/1615/230
f 1043/1641/231 1044/1626/231 473/1627/231
f 639/1643/232 640/1656/232 69/1644/232
f 1125/1645/233 1126/2370/233 555/1646/233
f 700/1647/234 701/1658/234 130/1648/234
f 894/1649/235 895/1653/235 324/1650/235
f 849/1651/236 850/1597/236 279/1598/236
f 895/1653/237 896/1628/237 325/1630/237
f 820/1654/238 821/2371/238 250/1655/238
f 640/1656/239 641/1684/239 70/1657/239
f 701/1658/240 702/1670/240 131/1659/240
f 911/1660/241 912/1711/241 341/1661/241
f 1136/1663/242 1137/1616/242 566/1617/242
f 1042/1665/243 1043/1641/243 472/1642/243
f 1126/1667/244 1127/1728/244 556/1668/244
f 702/1670/245 703/1686/245 132/1671/245
f 1031/1672/246 1032/1730/246 461/1673/246
f 968/1674/7 911/2372/7 340/1675/7
f 848/1677/247 849/1651/247 278/1652/247
f 646/1679/248 647/2373/248 76/1680/248
f 821/1520/249 822/1741/249 251/1682/249
f 641/1684/250 642/1695/250 71/1685/250
f 703/1686/251 704/1697/251 133/1687/251
f 967/1688/252 968/2374/252 397/1689/252
f 1135/1691/253 1136/1663/253 565/1664/253
f 1041/1693/254 1042/1665/254 471/1666/254
f 642/1695/255 643/1726/255 72/1696/255
f 704/1697/256 705/2375/256 134/1698/256
f 966/1699/7 967/2376/7 396/1700/7
f 799/1702/257 800/1622/257 229/1623/257
f 1065/1704/258 1066/1624/258 495/1625/258
f 705/1706/7 572/2377/7 1/1707/7
f 1040/1709/563 1041/1693/563 470/1694/563
f 912/1711/8 913/2378/8 342/1712/8
f 774/1713/260 775/1751/260 204/1714/260
f 1052/1715/261 1053/1795/261 482/1716/261
f 591/1717/262 592/1757/262 21/1718/262
f 645/1719/263 646/1679/263 75/1681/263
f 987/1721/264 988/1576/264 417/1577/264
f 913/1723/3 914/2379/3 343/1724/3
f 643/1726/265 644/1734/265 73/1727/265
f 1127/1728/266 1128/1755/266 557/1729/266
f 1032/1730/267 1033/1781/267 462/1731/267
f 847/1732/268 848/1677/268 277/1678/268
f 644/1734/269 645/1719/269 74/1720/269
f 695/1735/270 696/1748/270 125/1736/270
f 914/1738/8 915/1791/8 344/1739/8
f 822/1741/564 823/1793/564 252/1742/564
f 749/1743/272 750/1762/272 179/1744/272
f 1134/1746/273 1135/1691/273 564/1692/273
f 696/1748/274 697/1606/274 126/1608/274
f 1039/1749/275 1040/1709/275 469/1710/275
f 775/1751/276 776/1828/276 205/1752/276
f 748/1753/277 749/1743/277 178/1745/277
f 1128/1755/278 1129/1804/278 558/1756/278
f 592/1757/279 593/1779/279 22/1758/279
f 965/1759/3 966/2380/3 395/1760/3
f 750/1762/280 751/1787/280 180/1763/280
f 1038/1764/281 1039/1749/281 468/1750/281
f 964/1766/7 965/2381/7 394/1767/7
f 846/1769/282 847/1732/282 276/1733/282
f 1133/1771/283 1134/1746/283 563/1747/283
f 694/1773/284 695/1735/284 124/1737/284
f 1037/1775/285 1038/1764/285 467/1765/285
f 747/1777/286 748/1753/286 177/1754/286
f 593/1779/287 594/1884/287 23/1780/287
f 1033/1781/288 1034/1825/288 463/1782/288
f 963/1783/289 964/1766/289 393/1768/289
f 798/1785/565 799/1702/565 228/1703/565
f 751/1787/291 752/1797/291 181/1788/291
f 1064/1789/292 1065/1704/292 494/1705/292
f 915/1791/293 916/1826/293 345/1792/293
f 823/1793/294 824/1813/294 253/1794/294
f 1053/1795/295 1054/1875/295 483/1796/295
f 752/1797/296 753/1819/296 182/1798/296
f 692/1799/297 693/1810/297 122/1800/297
f 1036/1802/298 1037/1775/298 466/1776/298
f 1129/1804/299 1130/1830/299 559/1805/299
f 962/1806/300 963/1783/300 392/1784/300
f 845/1808/566 846/1769/566 275/1770/566
f 693/1810/302 694/1773/302 123/1774/302
f 1035/1811/303 1036/1802/303 465/1803/303
f 824/1813/304 825/1865/304 254/1814/304
f 746/1815/305 747/1777/305 176/1778/305
f 961/1817/567 962/1806/567 391/1807/567
f 753/1819/307 754/1882/307 183/1820/307
f 1132/1821/308 1133/1771/308 562/1772/308
f 691/1823/309 692/1799/309 121/1801/309
f 1034/1825/310 1035/1811/310 464/1812/310
f 916/1826/311 917/2382/311 346/1827/311
f 776/1828/568 777/2383/568 206/1829/568
f 1130/1830/313 1131/1847/313 560/1831/313
f 707/1832/8 708/2384/8 137/1833/8
f 690/1835/314 691/2385/314 120/1836/314
f 986/1838/315 987/1721/315 416/1722/315
f 960/1840/316 961/1817/316 390/1818/316
f 797/1842/569 798/1785/569 227/1786/569
f 706/1844/252 707/2386/252 136/1845/252
f 1131/1847/318 1132/1821/318 561/1822/318
f 689/1848/319 690/1835/319 119/1837/319
f 940/1850/570 941/1871/570 370/1851/570
f 985/1853/321 986/1838/321 415/1839/321
f 844/1855/322 845/1808/322 274/1809/322
f 762/1857/7 706/1675/7 135/1858/7
f 688/1860/323 689/1848/323 118/1849/323
f 939/1862/7 940/2387/7 369/1863/7
f 825/1865/324 826/1910/324 255/1866/324
f 1063/1867/325 1064/1789/325 493/1790/325
f 984/1869/326 985/1853/326 414/1854/326
f 941/1871/327 942/1904/327 371/1872/327
f 745/1873/328 746/1815/328 175/1816/328
f 1054/1875/329 1055/1906/329 484/1876/329
f 687/1877/330 688/1860/330 117/1861/330
f 1007/1879/3 1008/2388/3 437/1880/3
f 754/1882/331 755/1900/331 184/1883/331
f 594/1884/571 595/1954/571 24/1885/571
f 1008/1886/7 969/2389/7 398/1887/7
f 843/1889/333 844/1855/333 273/1856/333
f 969/1891/334 970/1921/334 399/1892/334
f 959/1894/335 960/2390/335 389/1895/335
f 777/1897/336 778/1962/336 207/1898/336
f 755/1900/337 756/2391/337 185/1901/337
f 1062/1902/338 1063/1867/338 492/1868/338
f 942/1904/572 943/1937/572 372/1905/572
f 1055/1906/340 1056/1929/340 485/1907/340
f 686/1908/573 687/1877/573 116/1878/573
f 826/1910/342 827/1947/342 256/1911/342
f 983/1912/343 984/1869/343 413/1870/343
f 917/1914/344 918/2028/344 347/1915/344
f 744/1917/345 745/1873/345 174/1874/345
f 685/1919/574 686/1908/574 115/1909/574
f 970/1921/347 971/1933/347 400/1922/347
f 756/1923/575 757/1949/575 186/1924/575
f 1061/1926/349 1062/1902/349 491/1903/349
f 796/1927/350 797/1842/350 226/1843/350
f 1056/1929/351 1057/1958/351 486/1930/351
f 684/1931/352 685/1919/352 114/1920/352
f 971/1933/353 972/1945/353 401/1934/353
f 958/1935/354 959/1894/354 388/1896/354
f 943/1937/355 944/1956/355 373/1938/355
f 842/1939/356 843/1889/356 272/1890/356
f 743/1941/357 744/1917/357 173/1918/357
f 683/1943/358 684/1931/358 113/1932/358
f 972/1945/359 973/1960/359 402/1946/359
f 827/1947/360 828/1997/360 257/1948/360
f 757/1949/361 758/1964/361 187/1950/361
f 1060/1951/362 1061/1295/362 490/1952/362
f 595/1954/576 596/2001/576 25/1955/576
f 944/1956/364 945/1976/364 374/1957/364
f 1057/1958/365 1058/1966/365 487/1959/365
f 973/1960/366 974/1984/366 403/1961/366
f 778/1962/367 779/2024/367 208/1963/367
f 758/1964/368 759/1986/368 188/1965/368
f 1058/1966/369 1059/1972/369 488/1967/369
f 682/1968/370 683/1943/370 112/1944/370
f 957/1970/371 958/1935/371 387/1936/371
f 1059/1972/372 1060/1951/372 489/1953/372
f 982/1973/373 983/2392/373 412/1974/373
f 945/1976/374 946/2003/374 375/1977/374
f 795/1978/375 796/1927/375 225/1928/375
f 742/1980/376 743/1941/376 172/1942/376
f 681/1982/577 682/1968/577 111/1969/577
f 974/1984/378 975/1993/378 404/1985/378
f 759/1986/379 760/1999/379 189/1987/379
f 841/1988/380 842/2393/380 271/1989/380
f 680/1991/578 681/1982/578 110/1983/578
f 975/1993/382 976/2005/382 405/1994/382
f 956/1995/383 957/1970/383 386/1971/383
f 828/1997/384 829/2015/384 258/1998/384
f 760/1999/385 761/2394/385 190/2000/385
f 596/2001/386 597/2395/386 26/2002/386
f 946/2003/387 947/2017/387 376/2004/387
f 976/2005/388 977/2011/388 406/2006/388
f 840/2007/579 841/1988/579 270/1990/579
f 679/2009/580 680/1991/580 109/1992/580
f 977/2011/391 978/2036/391 407/2012/391
f 955/2013/392 956/1995/392 385/1996/392
f 829/2015/581 830/2396/581 259/2016/581
f 947/2017/394 948/2038/394 377/2018/394
f 741/2019/395 742/2397/395 171/2020/395
f 678/2022/582 679/2009/582 108/2010/582
f 779/2024/397 780/2110/397 209/2025/397
f 981/2026/398 982/1973/398 411/1975/398
f 918/2028/399 919/2118/399 348/2029/399
f 761/2030/252 762/2398/252 191/2031/252
f 677/2033/583 678/2399/583 107/2034/583
f 978/2036/401 979/2044/401 408/2037/401
f 948/2038/402 949/2067/402 378/2039/402
f 794/2040/403 795/1978/403 224/1979/403
f 676/2042/404 677/2033/404 106/2035/404
f 979/2044/405 980/2049/405 409/2045/405
f 710/2046/584 711/2062/584 140/2047/584
f 980/2049/407 981/2026/407 410/2027/407
f 839/2050/408 840/2007/408 269/2008/408
f 675/2052/585 676/2042/585 105/2043/585
f 1083/2054/410 1084/2085/410 513/2055/410
f 954/2057/411 955/2013/411 384/2014/411
f 830/2059/412 831/2081/412 260/2060/412
f 711/2062/413 712/2071/413 141/2063/413
f 597/2064/586 598/2105/586 27/2065/586
f 949/2067/415 950/2087/415 379/2068/415
f 1082/2069/416 1083/2054/416 512/2056/416
f 712/2071/417 713/2083/417 142/2072/417
f 838/2073/418 839/2050/418 268/2051/418
f 674/2075/419 675/2052/419 104/2053/419
f 1081/2077/420 1082/2069/420 511/2070/420
f 953/2079/421 954/2057/421 383/2058/421
f 831/2081/422 832/2101/422 261/2082/422
f 713/2083/423 714/2091/423 143/2084/423
f 1084/2085/424 1085/2107/424 514/2086/424
f 950/2087/425 951/2109/425 380/2088/425
f 673/2089/426 674/2075/426 103/2076/426
f 714/2091/427 715/2103/427 144/2092/427
f 837/2093/428 838/2073/428 267/2074/428
f 672/2095/429 673/2089/429 102/2090/429
f 1080/2097/430 1081/2077/430 510/2078/430
f 952/2099/431 953/2079/431 382/2080/431
f 832/2101/432 833/2140/432 262/2102/432
f 715/2103/433 716/2112/433 145/2104/433
f 598/2105/434 599/2145/434 28/2106/434
f 1085/2107/435 1086/2122/435 515/2108/435
f 951/2109/436 952/2099/436 381/2100/436
f 780/2110/437 781/2173/437 210/2111/437
f 716/2112/438 717/2120/438 146/2113/438
f 671/2114/439 672/2095/439 101/2096/439
f 1079/2116/440 1080/2097/440 509/2098/440
f 919/2118/587 920/2128/587 349/2119/587
f 717/2120/442 718/2130/442 147/2121/442
f 1086/2122/443 1087/2400/443 516/2123/443
f 793/2124/588 794/2040/588 223/2041/588
f 670/2126/445 671/2114/445 100/2115/445
f 920/2128/446 921/2138/446 350/2129/446
f 718/2130/447 719/2401/447 148/2131/447
f 836/2132/448 837/2093/448 266/2094/448
f 669/2134/449 670/2126/449 99/2127/449
f 1078/2136/450 1079/2116/450 508/2117/450
f 921/2138/451 922/2160/451 351/2139/451
f 833/2140/452 834/2162/452 263/2141/452
f 719/2142/453 720/2150/453 149/2143/453
f 599/2145/454 600/2165/454 29/2146/454
f 1087/2147/455 1088/2167/455 517/2148/455
f 720/2150/456 721/2163/456 150/2151/456
f 938/2152/457 939/1862/457 368/1864/457
f 835/2154/458 836/2132/458 265/2133/458
f 668/2156/459 669/2134/459 98/2135/459
f 1077/2158/460 1078/2136/460 507/2137/460
f 922/2160/461 923/2188/461 352/2161/461
f 834/2162/462 835/2154/462 264/2155/462
f 721/2163/463 722/2169/463 151/2164/463
f 600/2165/464 601/2192/464 30/2166/464
f 1088/2167/465 1089/2250/465 518/2168/465
f 722/2169/466 723/2175/466 152/2170/466
f 937/2171/467 938/2152/467 367/2153/467
f 781/2173/468 782/2196/468 211/2174/468
f 723/2175/274 724/2181/274 153/2176/274
f 667/2177/469 668/2156/469 97/2157/469
f 936/2179/470 937/2171/470 366/2172/470
f 724/2181/589 725/2198/589 154/2182/589
f 666/2183/590 667/2177/590 96/2178/590
f 1106/2185/473 1107/2194/473 536/2186/473
f 923/2188/474 924/2227/474 353/2189/474
f 792/2190/475 793/2124/475 222/2125/475
f 601/2192/476 602/2210/476 31/2193/476
f 1107/2194/477 1108/2200/477 537/2195/477
f 782/2196/478 783/2214/478 212/2197/478
f 725/2198/479 726/2216/479 155/2199/479
f 1108/2200/480 1109/2219/480 538/2201/480
f 935/2202/481 936/2179/481 365/2180/481
f 665/2204/482 666/2183/482 95/2184/482
f 791/2206/483 792/2190/483 221/2191/483
f 740/2208/484 741/2019/484 170/2021/484
f 602/2210/251 603/2240/251 32/2211/251
f 934/2212/485 935/2202/485 364/2203/485
f 783/2214/486 784/2231/486 213/2215/486
f 726/2216/591 727/2223/591 156/2217/591
f 1105/2218/488 1106/2185/488 535/2187/488
f 1109/2219/489 1110/2264/489 539/2220/489
f 933/2221/490 934/2212/490 363/2213/490
f 727/2223/491 728/2233/491 157/2224/491
f 664/2225/492 665/2204/492 94/2205/492
f 924/2227/493 925/2260/493 354/2228/493
f 790/2229/494 791/2206/494 220/2207/494
f 784/2231/495 785/2254/495 214/2232/495
f 728/2233/496 729/2256/496 158/2234/496
f 663/2235/497 664/2225/497 93/2226/497
f 1104/2237/498 1105/2277/498 534/2238/498
f 603/2240/499 604/2262/499 33/2241/499
f 932/2242/500 933/2221/500 362/2222/500
f 1076/2244/501 1077/2158/501 506/2159/501
f 789/2246/502 790/2229/502 219/2230/502
f 739/2248/503 740/2208/503 169/2209/503
f 1089/2250/504 1090/2329/504 519/2251/504
f 931/2252/505 932/2242/505 361/2243/505
f 785/2254/506 786/2274/506 215/2255/506
f 729/2256/507 730/2266/507 159/2257/507
f 662/2258/508 663/2235/508 92/2236/508
f 925/2260/509 926/2295/509 355/2261/509
f 604/2262/510 605/2297/510 34/2263/510
f 1110/2264/511 1111/2284/511 540/2265/511
f 730/2266/592 731/2291/592 160/2267/592
f 788/2268/513 789/2402/513 218/2269/513
f 930/2271/514 931/2403/514 360/2272/514
f 786/2274/515 787/2281/515 216/2275/515
f 661/2276/516 662/2238/516 91/2277/516
f 1103/2279/517 1104/2237/517 533/2239/517
f 787/2281/518 788/2268/518 217/2270/518
f 738/2282/519 739/2248/519 168/2249/519
f 1111/2284/520 1112/2333/520 541/2285/520
f 929/2286/521 930/2271/521 359/2273/521
f 908/2288/8 909/2404/8 338/2289/8
f 731/2291/593 732/2405/593 161/2292/593
f 660/2293/594 661/2276/594 90/2278/594
f 926/2295/524 927/2305/524 356/2296/524
f 605/2297/595 606/2327/595 35/2298/595
f 907/2299/252 908/1723/252 337/1725/252
f 708/2301/3 709/2406/3 138/2302/3
f 1102/2303/526 1103/2279/526 532/2280/526
f 927/2305/527 928/2312/527 357/2306/527
f 909/2307/3 910/2407/3 339/2308/3
f 709/2310/7 710/2046/7 139/2048/7
f 928/2312/528 929/2286/528 358/2287/528
f 910/2313/7 907/2408/7 336/2314/7
f 732/2316/529 733/2335/529 162/2317/529
f 659/2319/530 660/2293/530 89/2294/530
f 1075/2321/531 1076/2244/531 505/2245/531
f 1006/2322/8 1007/1759/8 436/1761/8
f 871/2324/532 872/2344/532 301/2325/532
f 606/2327/596 607/2342/596 36/2328/596
f 1090/2329/534 1091/1189/534 520/1191/534
f 870/2330/535 871/2324/535 300/2326/535
f 737/2332/536 738/2282/536 167/2283/536
f 1112/2333/537 1113/2349/537 542/2334/537
f 733/2335/538 734/2345/538 163/2336/538
f 658/2337/539 659/2319/539 88/2320/539
f 1005/2338/252 1006/2409/252 435/2339/252
f 869/2341/540 870/2330/540 299/2331/540
f 607/2342/541 608/2410/541 37/2343/541
f 872/2344/542 873/1164/542 302/1166/542
f 734/2345/8 735/2411/8 164/2346/8
f 1101/2347/543 1102/2303/543 531/2304/543
f 1004/2348/544 1005/2338/544 434/2340/544
f 1113/2349/545 1114/1203/545 543/1205/545
